Date,Product,Category,Price,Quantity Sold,Total Sales
24-11-2025,Mouse,Electronics,633.5,5,3167.5
06-05-2025,Shoes,Fashion,2319.77,2,4639.54
13-12-2025,Jeans,Fashion,1941.18,2,3882.36
30-10-2025,Milk,Grocery,49.85,2,99.7
22-04-2025,Shoes,Fashion,,1,2502.68
15-10-2025,Shoes,Fashion,2608.01,9,23472.09
03-08-2025,Shoes,Fashion,2474.6,5,12373
04-01-2025,Bread,Grocery,42.45,7,297.15
24-06-2025,T-Shirt,Fashion,744.88,6,4469.28
22-02-2025,Mouse,Electronics,683.19,6,4099.14
26-06-2025,Bag,Accessories,1143.49,1,1143.49
24-08-2025,Headphones,Electronics,2774.9,7,19424.3
10-02-2025,Headphones,Electronics,2875.91,10,28759.1
05-07-2025,Bag,Accessories,1126.15,2,2252.3
24-01-2025,Watch,Accessories,3309.53,5,16547.65
10-02-2025,Tablet,Electronics,23663.95,2,47327.9
14-07-2025,T-Shirt,Fashion,792.55,6,4755.3
25-03-2025,Rice,Grocery,58.26,5,
26-12-2025,Speaker,Electronics,4665.19,2,9330.38
08-11-2025,Watch,Accessories,3269.8,4,13079.2
25-03-2025,Phone,Electronics,19517.82,9,175660.38
23-04-2025,Watch,Accessories,3377,1,3377
28-04-2025,Tablet,Electronics,22660.5,6,135963
25-07-2025,T-Shirt,Fashion,730.59,10,7305.9
11-06-2025,Shoes,Fashion,2577.72,7,18044.04
26-11-2025,Phone,Electronics,18571.49,3,55714.47
07-05-2025,Jeans,,1822.09,5,9110.45
27-10-2025,Milk,Grocery,59.38,7,415.66
05-07-2025,Shoes,Fashion,2748.66,3,8245.98
18-09-2025,Phone,Electronics,18363.64,1,18363.64
26-02-2025,Keyboard,Electronics,1538.23,7,10767.61
02-11-2025,Mouse,Electronics,683.87,10,6838.7
28-08-2025,Headphones,Electronics,2850.85,9,25657.65
06-01-2025,Watch,Accessories,3654.51,9,32890.59
17-05-2025,Bread,Grocery,41.13,2,82.26
31-05-2025,Milk,Grocery,51.24,1,51.24
15-05-2025,Headphones,Electronics,3157.18,9,28414.62
24-02-2025,Tablet,Electronics,25626.5,9,230638.5
08-11-2025,Shoes,Fashion,2326.42,3,6979.26
04-10-2025,Bread,Grocery,43.38,1,43.38
03-11-2025,Rice,Grocery,59.86,2,119.72
05-07-2025,Speaker,Electronics,4936.79,5,24683.95
03-05-2025,Laptop,Electronics,47408.72,10,474087.2
10-02-2025,Mouse,Electronics,732.47,2,1464.94
30-09-2025,Bread,Grocery,37.01,8,296.08
09-10-2025,Keyboard,Electronics,1429.52,10,14295.2
05-08-2025,Shoes,Fashion,2714.46,4,10857.84
09-06-2025,Milk,Grocery,60.45,6,362.7
13-08-2025,Speaker,Electronics,4515.82,2,9031.64
07-05-2025,Shoes,Fashion,2282.01,1,2282.01
29-10-2025,Headphones,Electronics,2838.07,4,11352.28
04-01-2025,Mouse,Electronics,729.1,1,729.1
28-04-2025,Mouse,Electronics,756.76,6,4540.56
,Headphones,Electronics,2842.8,8,22742.4
20-04-2025,Headphones,Electronics,2779.39,10,27793.9
23-10-2025,Phone,Electronics,18971.99,8,151775.92
28-07-2025,Shoes,Fashion,2297.16,7,16080.12
01-07-2025,Milk,Grocery,54.02,1,54.02
11-12-2025,Watch,Accessories,,2,7677.84
01-02-2025,Milk,Grocery,57.51,2,115.02
08-05-2025,Shoes,Fashion,2345.1,8,18760.8
13-03-2025,Milk,Grocery,51.52,8,412.16
08-05-2025,Tablet,Electronics,27116.33,8,216930.64
09-10-2025,Mouse,Electronics,637.08,9,5733.72
08-01-2025,Mouse,Electronics,759.69,4,3038.76
27-03-2025,Milk,Grocery,54.84,4,219.36
25-07-2025,Speaker,Electronics,4102.77,7,28719.39
02-01-2025,Milk,Grocery,52.42,8,419.36
27-05-2025,Milk,Grocery,57.16,9,514.44
05-12-2025,Jeans,Fashion,1795.2,4,7180.8
01-06-2025,Shoes,Fashion,2734.35,10,27343.5
05-10-2025,Laptop,Electronics,52479.76,1,52479.76
26-01-2025,Bag,Accessories,1194.43,9,10749.87
22-03-2025,Laptop,Electronics,54607.79,2,109215.58
06-04-2025,Mouse,Electronics,713.3,4,2853.2
26-07-2025,Mouse,Electronics,761.82,10,7618.2
07-05-2025,Bag,Accessories,1222.68,10,12226.8
11-02-2025,Milk,Grocery,56.73,10,567.3
25-09-2025,Rice,Grocery,65.22,4,260.88
09-12-2025,Jeans,Fashion,1733.11,5,8665.55
22-07-2025,Keyboard,Electronics,1551.51,5,7757.55
23-08-2025,Rice,Grocery,65.15,2,130.3
05-01-2025,Phone,Electronics,20484.64,10,204846.4
21-02-2025,Mouse,Electronics,705.27,9,6347.43
16-05-2025,Keyboard,Electronics,1629.98,2,3259.96
06-05-2025,Rice,Grocery,57.42,8,459.36
06-10-2025,Jeans,Fashion,1728.91,9,15560.19
05-01-2025,Watch,Accessories,3721.97,5,18609.85
06-12-2025,Mouse,Electronics,761.45,3,2284.35
16-05-2025,Mouse,Electronics,754.56,9,6791.04
21-03-2025,T-Shirt,Fashion,765.08,4,3060.32
25-06-2025,Shoes,Fashion,2593.75,5,12968.75
16-09-2025,Phone,Electronics,19004.49,1,19004.49
17-02-2025,Watch,Accessories,3446.5,5,17232.5
23-01-2025,Laptop,,48335.57,3,145006.71
23-11-2025,T-Shirt,Fashion,745.85,8,5966.8
10-10-2025,Jeans,Fashion,1773.97,1,1773.97
27-02-2025,Mouse,Electronics,762.31,3,2286.93
07-10-2025,Laptop,Electronics,53345.95,10,533459.5
10-10-2025,Keyboard,Electronics,1478.94,1,1478.94
07-06-2025,Rice,Grocery,64.79,1,64.79
03-07-2025,Shoes,Fashion,2591.03,2,5182.06
01-07-2025,Bread,Grocery,40.48,7,283.36
14-11-2025,Jeans,Fashion,1675.64,4,6702.56
25-03-2025,Bread,Grocery,42.49,7,297.43
13-01-2025,Keyboard,Electronics,1570.97,6,9425.82
30-07-2025,Bread,Grocery,41.36,4,165.44
17-05-2025,Keyboard,Electronics,1586.21,2,3172.42
15-07-2025,Tablet,Electronics,22693.62,8,181548.96
24-04-2025,Shoes,Fashion,2658.29,8,21266.32
29-06-2025,T-Shirt,Fashion,851.29,4,3405.16
25-04-2025,Laptop,Electronics,51600.33,7,361202.31
18-06-2025,T-Shirt,Fashion,858.3,5,4291.5
29-06-2025,Watch,Accessories,3506.58,9,31559.22
19-06-2025,Laptop,Electronics,46153.42,5,230767.1
02-04-2025,Bag,Accessories,1311.01,5,6555.05
20-01-2025,Mouse,Electronics,713.52,6,4281.12
10-06-2025,Milk,Grocery,56.17,9,505.53
01-03-2025,Milk,Grocery,59.39,4,237.56
11-05-2025,Laptop,Electronics,52087.85,1,52087.85
24-09-2025,Speaker,Electronics,4775.86,,19103.44
06-07-2025,Milk,Grocery,50.27,6,301.62
16-11-2025,Rice,Grocery,61.96,2,123.92
03-06-2025,Headphones,Electronics,2885.57,7,20198.99
17-06-2025,Milk,Grocery,57.17,9,514.53
07-03-2025,Shoes,Fashion,2460.22,7,17221.54
13-12-2025,Jeans,Fashion,1945.01,10,19450.1
19-10-2025,T-Shirt,Fashion,784.97,1,784.97
05-06-2025,T-Shirt,Fashion,753.63,10,7536.3
07-11-2025,Watch,Accessories,3375.57,8,27004.56
15-08-2025,Watch,Accessories,3299.59,8,26396.72
28-03-2025,Watch,Accessories,3209.36,9,28884.24
06-12-2025,Watch,Accessories,3583.48,2,7166.96
01-05-2025,Watch,Accessories,3367.29,4,13469.16
17-03-2025,Laptop,Electronics,45462.14,8,363697.12
09-11-2025,Tablet,Electronics,26342.45,8,210739.6
01-08-2025,Speaker,Electronics,4616.79,4,18467.16
23-12-2025,Milk,Grocery,54.94,4,219.76
17-03-2025,Watch,Accessories,3631.34,2,7262.68
06-08-2025,Shoes,Fashion,2337.94,9,21041.46
26-08-2025,Laptop,Electronics,50574.06,2,101148.12
22-08-2025,Keyboard,Electronics,1590.42,9,14313.78
14-10-2025,Bag,Accessories,1156.15,8,9249.2
10-11-2025,Tablet,Electronics,26096.37,9,234867.33
07-08-2025,Tablet,Electronics,27034.27,8,216274.16
23-03-2025,Jeans,Fashion,1930.14,8,15441.12
13-05-2025,Bread,Grocery,37.98,5,189.9
24-09-2025,Phone,Electronics,20506.99,5,102534.95
14-08-2025,Mouse,Electronics,729.9,4,2919.6
20-05-2025,Rice,Grocery,57.84,9,520.56
11-02-2025,Keyboard,Electronics,1395.25,7,9766.75
22-12-2025,Keyboard,Electronics,1561.93,2,3123.86
01-08-2025,Milk,Grocery,53.14,8,425.12
01-08-2025,Laptop,Electronics,47068.34,7,329478.38
19-07-2025,Speaker,Electronics,4742.82,1,4742.82
22-10-2025,Milk,Grocery,54.75,6,328.5
02-06-2025,Bread,Grocery,39.12,7,273.84
03-10-2025,Jeans,Fashion,1884.47,10,18844.7
23-04-2025,Phone,Electronics,18877.69,7,132143.83
06-09-2025,Laptop,Electronics,,7,342219.99
26-03-2025,Tablet,Electronics,24836.95,3,74510.85
15-11-2025,Headphones,Electronics,2716.18,7,19013.26
31-10-2025,Bag,Accessories,1239.12,2,2478.24
26-11-2025,Milk,Grocery,50.99,8,407.92
04-04-2025,Laptop,Electronics,47601.56,6,285609.36
19-04-2025,Phone,Electronics,19307.38,7,135151.66
23-05-2025,Bread,Grocery,43.61,7,305.27
10-05-2025,Tablet,Electronics,22909.53,1,22909.53
04-10-2025,Laptop,Electronics,54999.08,6,329994.48
25-04-2025,Watch,Accessories,3198.03,1,3198.03
16-01-2025,Shoes,Fashion,2349.68,1,2349.68
15-11-2025,Keyboard,Electronics,1421.56,8,11372.48
09-12-2025,Mouse,Electronics,,4,2835.84
27-08-2025,Jeans,Fashion,1712.25,6,10273.5
27-03-2025,Bag,Accessories,1225.74,2,2451.48
25-03-2025,T-Shirt,Fashion,737.3,1,737.3
09-06-2025,Bag,Accessories,1242.56,7,8697.92
23-07-2025,Jeans,Fashion,1691.4,10,16914
20-12-2025,Tablet,Electronics,25636.21,2,51272.42
23-12-2025,Bread,Grocery,38.41,10,384.1
03-03-2025,Bread,Grocery,43.87,1,43.87
27-06-2025,Headphones,Electronics,2957.03,6,17742.18
05-02-2025,Headphones,Electronics,3088.53,1,3088.53
04-08-2025,Tablet,Electronics,24951.01,7,174657.07
05-07-2025,Watch,Accessories,3774.1,8,30192.8
29-12-2025,Keyboard,Electronics,1480.65,9,13325.85
30-11-2025,T-Shirt,Fashion,818.55,9,7366.95
05-09-2025,Phone,Electronics,19742.3,10,197423
18-05-2025,Rice,Grocery,64.22,2,128.44
23-05-2025,Speaker,Electronics,4455.72,8,35645.76
19-10-2025,Bag,Accessories,1240.37,6,7442.22
15-01-2025,Phone,Electronics,21403.81,3,64211.43
07-09-2025,Shoes,Fashion,2427.41,5,12137.05
24-06-2025,T-Shirt,Fashion,860.85,5,4304.25
12-10-2025,Laptop,Electronics,50166.27,4,200665.08
13-02-2025,Shoes,Fashion,2610.04,8,20880.32
12-10-2025,Bread,Grocery,37.92,8,303.36
27-11-2025,Jeans,Fashion,1796.7,1,1796.7
17-02-2025,T-Shirt,Fashion,755.46,4,3021.84
06-06-2025,Watch,Accessories,3557.09,8,28456.72
11-10-2025,Headphones,Electronics,2906.25,9,26156.25
19-06-2025,Rice,Grocery,62.43,5,312.15
06-06-2025,T-Shirt,Fashion,756.89,4,3027.56
11-06-2025,Mouse,Electronics,734,3,2202
,Shoes,Fashion,2619.3,5,13096.5
29-10-2025,Bread,Grocery,40.2,5,201
21-02-2025,Tablet,Electronics,23470.59,4,93882.36
04-07-2025,Keyboard,Electronics,1440.68,9,12966.12
06-03-2025,T-Shirt,Fashion,727.28,1,727.28
11-10-2025,T-Shirt,Fashion,831.59,3,2494.77
23-11-2025,Tablet,Electronics,26263.96,2,52527.92
07-01-2025,Bag,Accessories,1148.24,8,9185.92
14-08-2025,Rice,Grocery,56.21,1,56.21
10-05-2025,Tablet,Electronics,24888.65,2,49777.3
25-07-2025,Phone,Electronics,18296.33,1,18296.33
19-03-2025,Keyboard,Electronics,1593.34,5,7966.7
13-02-2025,Shoes,Fashion,2309.23,7,16164.61
,Bag,Accessories,1269.78,4,5079.12
25-09-2025,Milk,Grocery,54.46,8,435.68
02-06-2025,Tablet,Electronics,25442.63,7,178098.41
06-06-2025,Bag,Accessories,1229.05,10,12290.5
20-02-2025,Bread,Grocery,37.66,4,150.64
16-05-2025,Watch,Accessories,3206.83,4,12827.32
30-03-2025,Headphones,Electronics,2745.04,1,2745.04
29-07-2025,Phone,Electronics,20757.48,8,166059.84
30-05-2025,Laptop,Electronics,47314.76,5,236573.8
26-12-2025,Tablet,Electronics,24770.16,4,99080.64
16-05-2025,Bread,Grocery,42.33,10,423.3
05-12-2025,Bread,Grocery,43.47,7,304.29
28-02-2025,Headphones,Electronics,2834.89,3,8504.67
17-05-2025,Tablet,Electronics,23211.18,1,23211.18
26-03-2025,Bread,Grocery,38.46,10,384.6
28-05-2025,Phone,Electronics,18497.41,5,92487.05
25-12-2025,Milk,Grocery,59.87,9,538.83
04-10-2025,Phone,Electronics,19751.04,10,197510.4
21-01-2025,Speaker,Electronics,4438.83,6,26632.98
06-11-2025,T-Shirt,Fashion,724.14,4,2896.56
12-12-2025,Tablet,Electronics,26802.58,10,268025.8
11-01-2025,Bread,Grocery,41.38,5,206.9
23-10-2025,Laptop,Electronics,52631.09,3,157893.27
29-08-2025,Headphones,Electronics,3090.91,5,15454.55
03-04-2025,Bag,Accessories,1184.61,8,9476.88
16-02-2025,Phone,Electronics,19391.84,6,116351.04
14-06-2025,Watch,Accessories,3223.22,3,9669.66
,Milk,Grocery,57.13,5,285.65
06-12-2025,Milk,Grocery,58.45,9,526.05
19-01-2025,Phone,Electronics,18352.24,5,91761.2
15-06-2025,Mouse,Electronics,765.83,7,5360.81
21-09-2025,Tablet,Electronics,27440.6,9,246965.4
25-08-2025,Milk,Grocery,50.1,9,450.9
05-07-2025,Bag,Accessories,1261.55,8,10092.4
27-01-2025,Shoes,Fashion,2383.53,3,7150.59
28-05-2025,Phone,Electronics,21523.39,8,172187.12
04-03-2025,Laptop,Electronics,54731.47,10,547314.7
03-05-2025,Jeans,Fashion,1677.02,9,15093.18
08-01-2025,Headphones,Electronics,2944.79,4,11779.16
28-02-2025,Phone,Electronics,21788.24,3,65364.72
13-09-2025,Speaker,Electronics,4694.94,,42254.46
28-12-2025,T-Shirt,Fashion,786.48,8,6291.84
30-08-2025,Shoes,Fashion,2478.39,3,7435.17
,Shoes,Fashion,2710.93,9,24398.37
11-03-2025,Tablet,Electronics,22849.05,7,159943.35
24-06-2025,,Electronics,4758.95,5,23794.75
02-01-2025,T-Shirt,Fashion,836.17,10,8361.7
24-10-2025,Watch,Accessories,3492.75,3,10478.25
17-08-2025,Headphones,Electronics,2990.6,6,17943.6
10-10-2025,Bread,Grocery,40.35,8,322.8
14-06-2025,Tablet,Electronics,23443.26,4,93773.04
20-10-2025,Milk,Grocery,52.07,7,364.49
23-01-2025,Rice,Grocery,62.94,7,440.58
17-07-2025,Watch,Accessories,3704.68,3,11114.04
11-09-2025,Laptop,Electronics,46262.46,10,462624.6
19-06-2025,Tablet,Electronics,23001.82,8,184014.56
21-02-2025,Headphones,Electronics,3246.27,1,3246.27
15-03-2025,Milk,Grocery,59.08,3,177.24
08-02-2025,Phone,Electronics,21126.1,5,105630.5
23-06-2025,Bag,Accessories,1246.25,2,2492.5
18-06-2025,Tablet,Electronics,25871.79,9,232846.11
14-07-2025,Rice,Grocery,61.52,8,492.16
05-10-2025,Laptop,Electronics,51174.59,4,204698.36
20-11-2025,Watch,Accessories,3794.65,4,15178.6
16-02-2025,Milk,Grocery,60.26,2,120.52
16-08-2025,Keyboard,Electronics,1558.2,1,1558.2
24-01-2025,Rice,Grocery,63.55,5,317.75
03-07-2025,Rice,Grocery,59.17,4,236.68
29-09-2025,Milk,Grocery,55.73,3,167.19
29-03-2025,Keyboard,Electronics,1373.69,7,9615.83
14-11-2025,Watch,Accessories,3318.58,10,33185.8
15-03-2025,Shoes,Fashion,2480.57,5,12402.85
24-08-2025,T-Shirt,Fashion,826.69,8,6613.52
28-05-2025,Watch,Accessories,3532.62,2,7065.24
15-08-2025,Rice,Grocery,65.85,5,329.25
24-11-2025,Milk,Grocery,57.09,8,456.72
04-06-2025,Shoes,Fashion,2749.69,8,21997.52
24-02-2025,Shoes,Fashion,2440.68,6,14644.08
22-10-2025,T-Shirt,Fashion,878.83,5,4394.15
12-01-2025,Tablet,Electronics,25791.15,5,128955.75
05-01-2025,Bag,Accessories,1287.62,1,1287.62
07-11-2025,Jeans,Fashion,1798.82,5,8994.1
28-04-2025,Bag,Accessories,1272.46,4,5089.84
22-11-2025,Shoes,Fashion,2560.45,3,7681.35
18-11-2025,Mouse,Electronics,756.48,1,756.48
08-06-2025,Bread,Grocery,39.53,10,395.3
06-07-2025,Jeans,Fashion,1667.31,5,8336.55
17-06-2025,Jeans,Fashion,1769.58,4,7078.32
09-03-2025,Bread,Grocery,40.32,6,241.92
29-09-2025,Headphones,Electronics,3248.09,3,9744.27
12-05-2025,Speaker,Electronics,4792.22,8,38337.76
01-06-2025,Jeans,Fashion,1933.34,2,3866.68
28-08-2025,Mouse,Electronics,649.71,4,2598.84
13-12-2025,Jeans,Fashion,1862.79,7,13039.53
13-10-2025,Rice,Grocery,55.08,7,385.56
08-01-2025,T-Shirt,Fashion,805.85,8,6446.8
08-07-2025,Watch,Accessories,3674.31,5,18371.55
27-10-2025,Milk,Grocery,58.55,6,351.3
25-02-2025,Watch,Accessories,3313.68,1,3313.68
14-11-2025,Speaker,Electronics,4898.85,6,29393.1
09-11-2025,Shoes,Fashion,2573.83,8,20590.64
25-12-2025,T-Shirt,Fashion,823.88,2,1647.76
13-03-2025,Laptop,Electronics,54462.62,5,272313.1
10-09-2025,Mouse,Electronics,643.61,9,5792.49
11-03-2025,Milk,Grocery,54.49,9,490.41
03-08-2025,Bag,Accessories,1258.14,3,3774.42
01-08-2025,Watch,Accessories,3219.32,8,25754.56
12-11-2025,Milk,Grocery,59.83,5,299.15
17-01-2025,Jeans,Fashion,1753.39,8,
16-08-2025,Shoes,Fashion,2677.73,2,5355.46
18-12-2025,Rice,Grocery,60.53,6,363.18
01-02-2025,Milk,Grocery,52.53,2,105.06
21-08-2025,Mouse,Electronics,722.79,10,7227.9
11-01-2025,Laptop,Electronics,52867.95,4,211471.8
06-03-2025,Bread,Grocery,40.52,2,81.04
11-10-2025,Shoes,Fashion,2543.19,4,10172.76
18-06-2025,Bread,Grocery,37.18,10,371.8
02-01-2025,T-Shirt,Fashion,857.34,3,2572.02
08-03-2025,Headphones,Electronics,2850.39,3,8551.17
26-02-2025,Watch,Accessories,3756.51,3,11269.53
08-01-2025,Rice,Grocery,63.48,4,253.92
29-10-2025,Rice,Grocery,54.19,5,270.95
27-01-2025,Keyboard,Electronics,1572.52,9,14152.68
28-02-2025,Jeans,Fashion,1642.88,8,13143.04
05-07-2025,Headphones,Electronics,3056.2,8,24449.6
15-09-2025,Shoes,Fashion,2722.71,1,2722.71
04-12-2025,Headphones,Electronics,2880.98,1,2880.98
01-02-2025,Phone,Electronics,21389.19,7,149724.33
18-12-2025,Mouse,Electronics,698.64,8,5589.12
07-02-2025,Speaker,Electronics,4122.71,10,41227.1
17-03-2025,Mouse,Electronics,647.67,10,6476.7
21-11-2025,Bag,Accessories,1211.61,6,7269.66
15-07-2025,Bag,Accessories,1207.33,8,9658.64
16-09-2025,Bag,Accessories,1183.25,2,2366.5
02-12-2025,Watch,Accessories,3764.39,9,33879.51
21-04-2025,Milk,Grocery,54.47,4,217.88
31-07-2025,Rice,Grocery,63.93,7,447.51
01-08-2025,Jeans,Fashion,1654.23,7,11579.61
,Watch,Accessories,3328.42,3,9985.26
18-12-2025,Speaker,Electronics,4476.84,2,8953.68
13-02-2025,Mouse,Electronics,690.46,6,4142.76
08-03-2025,Headphones,Electronics,2735.99,9,24623.91
15-10-2025,Rice,Grocery,62.04,7,434.28
01-07-2025,Tablet,Electronics,25826.7,7,180786.9
27-01-2025,T-Shirt,Fashion,816.07,6,4896.42
23-02-2025,Bag,Accessories,1201.78,3,3605.34
03-12-2025,Phone,Electronics,18896.98,2,37793.96
29-06-2025,Tablet,Electronics,25281.33,2,50562.66
23-05-2025,Bag,Accessories,1134.28,7,7939.96
15-10-2025,Bread,Grocery,42.55,10,425.5
12-12-2025,Watch,Accessories,3539.72,10,35397.2
03-12-2025,Tablet,Electronics,25967.36,1,25967.36
03-04-2025,T-Shirt,Fashion,832.43,5,4162.15
23-06-2025,Rice,Grocery,54.07,3,162.21
17-10-2025,Watch,Accessories,3430.55,3,10291.65
21-11-2025,Laptop,Electronics,45917.58,9,413258.22
21-04-2025,Milk,Grocery,54.12,6,324.72
22-03-2025,Rice,Grocery,57.74,6,346.44
18-10-2025,,Accessories,1100.39,1,1100.39
21-03-2025,Keyboard,Electronics,1576.33,1,1576.33
12-12-2025,Mouse,Electronics,668.09,7,4676.63
06-09-2025,Bag,Accessories,1186.09,5,5930.45
21-04-2025,Bread,Grocery,40.1,6,240.6
09-08-2025,Mouse,Electronics,669.65,10,6696.5
07-09-2025,Headphones,Electronics,3100.28,1,3100.28
23-04-2025,Milk,Grocery,60.33,1,60.33
04-01-2025,Shoes,Fashion,2400.71,4,9602.84
12-03-2025,Bread,Grocery,38.04,6,228.24
03-03-2025,Laptop,,49973.85,7,349816.95
31-03-2025,Keyboard,Electronics,1464.06,4,5856.24
14-09-2025,Headphones,Electronics,3200.01,6,19200.06
06-02-2025,Milk,Grocery,58.98,1,58.98
12-08-2025,Laptop,Electronics,49597.54,2,99195.08
10-06-2025,Bag,Accessories,1183.03,7,8281.21
30-12-2025,Watch,Accessories,3442.39,2,6884.78
27-07-2025,Laptop,Electronics,54662,3,163986
13-11-2025,Phone,Electronics,21328.1,6,127968.6
15-02-2025,Milk,Grocery,58.79,4,235.16
12-08-2025,Bag,Accessories,1176.11,2,2352.22
22-07-2025,Tablet,Electronics,24051.37,6,144308.22
24-04-2025,Rice,Grocery,63.35,2,126.7
19-09-2025,Watch,Accessories,3229.82,9,29068.38
10-04-2025,Speaker,Electronics,4748.61,6,28491.66
27-11-2025,Tablet,Electronics,23238.45,2,46476.9
16-03-2025,T-Shirt,Fashion,751.56,10,7515.6
20-03-2025,Bread,Grocery,42.07,2,84.14
01-04-2025,Bread,Grocery,41.02,8,328.16
16-10-2025,Bread,Grocery,40.64,10,406.4
26-11-2025,Watch,Accessories,3840.57,6,23043.42
18-11-2025,Rice,Grocery,55.81,2,111.62
29-08-2025,Phone,Electronics,20525.54,5,102627.7
30-10-2025,Laptop,Electronics,48519.42,2,97038.84
08-06-2025,Phone,Electronics,19807.66,1,19807.66
08-07-2025,Tablet,Electronics,23935.39,2,
11-11-2025,Bag,Accessories,1201.7,8,9613.6
25-10-2025,Headphones,Electronics,3272.54,1,3272.54
19-08-2025,Speaker,Electronics,4778.83,4,19115.32
14-06-2025,Bag,Accessories,1194.15,,3582.45
01-02-2025,Phone,Electronics,18414.01,6,110484.06
13-02-2025,Headphones,Electronics,3087.68,1,3087.68
07-05-2025,Jeans,Fashion,1777.59,8,14220.72
26-09-2025,Headphones,Electronics,3065.88,6,18395.28
10-07-2025,Speaker,Electronics,4304.6,7,30132.2
23-06-2025,Watch,Accessories,3568.52,6,21411.12
03-02-2025,Rice,Grocery,55.13,7,385.91
26-05-2025,T-Shirt,Fashion,835.8,10,8358
18-03-2025,Rice,Grocery,54.98,3,164.94
29-06-2025,T-Shirt,Fashion,874.83,7,6123.81
08-03-2025,Bag,Accessories,1250.12,2,2500.24
08-06-2025,Headphones,Electronics,2926.01,6,17556.06
07-03-2025,Watch,Accessories,3641.98,9,32777.82
17-02-2025,Watch,Accessories,3619.32,9,32573.88
05-07-2025,Laptop,Electronics,48625.98,3,145877.94
20-04-2025,Rice,Grocery,65.37,8,522.96
09-04-2025,Shoes,Fashion,2749.99,3,8249.97
09-02-2025,T-Shirt,Fashion,855.11,2,1710.22
17-09-2025,Bread,Grocery,40.32,9,362.88
20-01-2025,Watch,Accessories,3385.74,10,33857.4
09-03-2025,Bag,Accessories,1170.41,3,3511.23
03-04-2025,Tablet,Electronics,25964.23,10,259642.3
26-03-2025,Jeans,Fashion,1777.56,7,12442.92
06-07-2025,Watch,Accessories,3653.71,8,29229.68
09-11-2025,T-Shirt,Fashion,840.38,8,6723.04
30-04-2025,Headphones,Electronics,2843.5,8,22748
10-04-2025,Rice,Grocery,62.14,10,621.4
14-08-2025,Phone,Electronics,21077.75,7,147544.25
15-09-2025,Headphones,Electronics,2951.2,,8853.6
13-04-2025,Bread,Grocery,40.84,5,204.2
27-01-2025,Watch,Accessories,3486.41,6,20918.46
11-10-2025,Speaker,Electronics,4142.33,9,37280.97
05-03-2025,T-Shirt,Fashion,733.42,3,2200.26
20-05-2025,Phone,Electronics,21621.22,3,64863.66
12-08-2025,Mouse,Electronics,762.5,4,3050
19-08-2025,Speaker,Electronics,4364.63,1,4364.63
01-08-2025,Laptop,Electronics,48964.54,6,293787.24
01-05-2025,Milk,Grocery,60.44,6,362.64
25-04-2025,Laptop,Electronics,48186.85,2,96373.7
29-11-2025,Rice,Grocery,63.5,3,190.5
20-01-2025,T-Shirt,Fashion,866.78,8,6934.24
23-12-2025,Tablet,Electronics,23193.96,8,185551.68
18-08-2025,Bag,Accessories,1081.26,2,2162.52
10-01-2025,,Fashion,754.5,3,2263.5
08-10-2025,Jeans,Fashion,1839.2,7,12874.4
26-02-2025,Bread,Grocery,38.3,5,191.5
04-03-2025,Laptop,Electronics,47384.4,10,473844
23-08-2025,Mouse,Electronics,645.52,8,5164.16
02-11-2025,Headphones,Electronics,2709.86,9,24388.74
22-10-2025,Shoes,Fashion,2609.27,5,13046.35
08-08-2025,Laptop,Electronics,51148.1,4,
20-10-2025,Milk,Grocery,51.56,2,103.12
26-09-2025,Rice,Grocery,54.81,9,493.29
06-10-2025,Headphones,Electronics,3171.85,9,
11-10-2025,Laptop,Electronics,48904.54,8,391236.32
23-01-2025,Watch,Accessories,3420.82,6,20524.92
10-05-2025,Jeans,Fashion,1625.85,2,3251.7
26-06-2025,Shoes,Fashion,2616.47,2,5232.94
25-10-2025,Jeans,Fashion,1892.4,3,5677.2
23-01-2025,Rice,Grocery,,3,181.65
17-12-2025,Phone,Electronics,21923.28,8,175386.24
20-11-2025,Keyboard,Electronics,1593.45,2,3186.9
23-08-2025,Laptop,Electronics,47934.43,1,47934.43
13-04-2025,Speaker,Electronics,4087.72,5,20438.6
21-09-2025,Milk,Grocery,60.38,9,
31-08-2025,T-Shirt,Fashion,725.86,4,
27-05-2025,Rice,Grocery,64.35,1,64.35
02-12-2025,Rice,Grocery,,6,343.68
12-08-2025,Speaker,Electronics,4410.02,8,35280.16
17-07-2025,Rice,Grocery,65.68,8,525.44
21-12-2025,Phone,Electronics,19469.39,9,175224.51
17-05-2025,Bread,Grocery,36.66,7,256.62
10-02-2025,Milk,Grocery,56.13,3,168.39
07-10-2025,T-Shirt,Fashion,771.39,2,1542.78
17-06-2025,Watch,Accessories,3356.95,8,26855.6
05-11-2025,Jeans,Fashion,1773.4,8,14187.2
29-06-2025,Phone,Electronics,18169.42,6,109016.52
11-11-2025,Milk,Grocery,52.52,1,52.52
08-02-2025,Watch,Accessories,3596.26,6,21577.56
20-09-2025,Bread,Grocery,42,3,126
16-01-2025,Keyboard,Electronics,1604.6,8,12836.8
18-01-2025,Keyboard,Electronics,1370.17,,8221.02
05-07-2025,Milk,Grocery,59.94,1,59.94
06-11-2025,Keyboard,Electronics,1553.72,6,9322.32
10-07-2025,Phone,Electronics,21052.34,10,
12-03-2025,Headphones,Electronics,2920.17,6,17521.02
29-11-2025,T-Shirt,Fashion,759.94,2,1519.88
14-01-2025,Jeans,Fashion,1686.98,9,15182.82
18-07-2025,Speaker,Electronics,4555.51,5,22777.55
14-05-2025,Jeans,Fashion,1780.66,10,17806.6
27-05-2025,Jeans,Fashion,1949.93,8,15599.44
13-04-2025,Mouse,Electronics,649,2,1298
20-08-2025,Keyboard,Electronics,1619.6,8,12956.8
14-02-2025,Bread,Grocery,41.46,6,248.76
08-12-2025,Rice,Grocery,62.51,9,562.59
05-10-2025,T-Shirt,Fashion,862.61,3,2587.83
31-12-2025,Jeans,Fashion,1953.84,3,5861.52
05-07-2025,Headphones,Electronics,2834.54,4,11338.16
13-03-2025,Shoes,Fashion,2645.19,1,2645.19
04-07-2025,Headphones,Electronics,3043.37,8,24346.96
10-10-2025,Keyboard,Electronics,1533.58,2,3067.16
03-02-2025,T-Shirt,Fashion,783.71,8,6269.68
27-09-2025,Milk,Grocery,57.96,10,579.6
07-02-2025,Keyboard,Electronics,1641.71,2,3283.42
19-08-2025,Phone,Electronics,20720.44,6,124322.64
07-03-2025,Speaker,,4796.15,9,43165.35
24-11-2025,Bag,Accessories,1123.67,3,3371.01
10-08-2025,Headphones,Electronics,3246.43,1,3246.43
05-03-2025,Headphones,Electronics,2791.81,3,8375.43
24-03-2025,Rice,Grocery,,4,260.88
27-06-2025,Headphones,Electronics,3236.96,2,6473.92
09-05-2025,Shoes,Fashion,2567.53,9,23107.77
21-05-2025,Keyboard,Electronics,1537.51,10,15375.1
01-10-2025,Mouse,Electronics,700.36,3,2101.08
31-10-2025,Bag,Accessories,1117.01,10,11170.1
06-11-2025,Rice,Grocery,64.11,10,641.1
22-01-2025,Tablet,Electronics,26818.91,2,53637.82
24-01-2025,Watch,Accessories,3689.72,5,18448.6
30-11-2025,Shoes,Fashion,2633.48,7,18434.36
13-11-2025,Watch,Accessories,3171.2,9,28540.8
29-05-2025,Watch,Accessories,3819.66,8,30557.28
06-05-2025,Bread,Grocery,42.46,7,297.22
02-06-2025,Phone,Electronics,18291.89,1,18291.89
22-03-2025,Phone,Electronics,19662.49,8,157299.92
15-04-2025,Rice,Grocery,61.28,6,367.68
13-06-2025,Jeans,Fashion,1975.69,6,11854.14
24-07-2025,Keyboard,Electronics,1578.2,9,14203.8
15-10-2025,,Electronics,674.68,8,5397.44
04-03-2025,T-Shirt,Fashion,791.94,3,2375.82
19-02-2025,Laptop,Electronics,47902.12,7,335314.84
12-11-2025,Milk,Grocery,52.23,3,156.69
17-06-2025,Speaker,Electronics,4569.92,6,27419.52
08-04-2025,Bread,Grocery,37.27,9,335.43
28-08-2025,Phone,Electronics,21516.3,8,172130.4
12-01-2025,Mouse,Electronics,762.33,9,6860.97
23-08-2025,Shoes,Fashion,2357.57,6,14145.42
25-01-2025,Laptop,Electronics,47813.56,10,478135.6
01-12-2025,Watch,Accessories,3479.41,,31314.69
05-01-2025,Tablet,Electronics,23037.49,3,69112.47
16-05-2025,Jeans,Fashion,1751.68,7,12261.76
07-07-2025,Laptop,Electronics,49005.82,10,490058.2
15-10-2025,Shoes,Fashion,2431.26,5,
07-02-2025,Milk,Grocery,55.05,9,495.45
24-05-2025,Tablet,Electronics,27445.45,10,274454.5
02-03-2025,Keyboard,Electronics,1642.52,7,11497.64
11-07-2025,Bread,Grocery,43.89,9,395.01
07-07-2025,Bread,Grocery,37.15,10,
18-09-2025,Milk,Grocery,55,1,55
20-01-2025,Keyboard,Electronics,1564.08,8,12512.64
23-09-2025,Phone,Electronics,18595.76,9,167361.84
13-03-2025,Rice,Grocery,65.18,6,391.08
25-03-2025,Milk,Grocery,,5,302
31-10-2025,Rice,Grocery,60.09,9,540.81
30-09-2025,Phone,Electronics,20834.96,5,104174.8
01-09-2025,,Electronics,22583.18,6,135499.08
11-12-2025,Mouse,Electronics,767.19,10,7671.9
07-06-2025,Bread,Grocery,43.19,1,43.19
02-11-2025,Phone,Electronics,19062.12,10,190621.2
23-10-2025,Shoes,Fashion,2610.7,10,26107
03-09-2025,Keyboard,Electronics,1507.27,10,15072.7
14-07-2025,Keyboard,Electronics,1596.5,4,6386
17-01-2025,Bag,Accessories,1307.57,2,2615.14
08-04-2025,Laptop,Electronics,49410.39,7,345872.73
19-03-2025,Milk,Grocery,57.1,7,399.7
14-09-2025,Bread,Grocery,40.89,8,327.12
01-02-2025,Jeans,Fashion,1669.71,,6678.84
15-10-2025,Rice,Grocery,,8,527.84
27-09-2025,Milk,Grocery,52.95,3,158.85
24-08-2025,Speaker,Electronics,4529.81,9,40768.29
01-07-2025,,Accessories,3690.39,5,18451.95
09-11-2025,Phone,Electronics,18769.06,4,75076.24
23-05-2025,Headphones,Electronics,2879.1,5,14395.5
28-05-2025,Jeans,Fashion,1694.62,8,13556.96
12-06-2025,Phone,Electronics,19395.21,5,96976.05
28-05-2025,Mouse,Electronics,710.29,9,6392.61
14-07-2025,Speaker,Electronics,4932.14,6,29592.84
16-03-2025,T-Shirt,Fashion,726.73,2,1453.46
27-06-2025,Speaker,Electronics,4448.14,5,22240.7
03-09-2025,Shoes,Fashion,2351.03,9,21159.27
19-05-2025,Speaker,Electronics,4555.82,5,22779.1
12-03-2025,Mouse,Electronics,716.19,10,7161.9
03-05-2025,Shoes,Fashion,2275.38,9,20478.42
26-04-2025,Watch,Accessories,3312.99,2,6625.98
31-07-2025,Rice,Grocery,62.61,2,125.22
15-12-2025,Bread,Grocery,37.1,9,333.9
22-03-2025,Milk,Grocery,56.68,8,453.44
02-09-2025,Watch,Accessories,3289.62,5,16448.1
14-06-2025,T-Shirt,Fashion,823.34,2,1646.68
30-11-2025,Bag,Accessories,1135.73,1,1135.73
31-03-2025,Milk,Grocery,59.2,3,177.6
19-01-2025,Tablet,Electronics,24484.97,8,195879.76
06-04-2025,Speaker,Electronics,4724.1,5,23620.5
20-01-2025,Laptop,Electronics,47983.92,10,479839.2
24-02-2025,Speaker,Electronics,4934.69,5,24673.45
21-08-2025,Watch,Accessories,3530.31,8,28242.48
10-03-2025,Tablet,Electronics,25021.06,5,125105.3
09-04-2025,Bread,Grocery,36.9,3,110.7
23-08-2025,Watch,Accessories,3330.09,3,9990.27
08-01-2025,Jeans,Fashion,1741.36,5,8706.8
18-10-2025,Watch,Accessories,3680.1,3,11040.3
09-11-2025,Tablet,Electronics,25693.63,7,179855.41
07-08-2025,Headphones,Electronics,2896.76,7,20277.32
09-12-2025,Mouse,Electronics,655.87,,1967.61
02-09-2025,Rice,Grocery,65.23,1,65.23
14-05-2025,Milk,Grocery,52.09,5,260.45
18-06-2025,T-Shirt,Fashion,813.19,10,8131.9
06-01-2025,T-Shirt,Fashion,824.59,4,3298.36
01-02-2025,Watch,Accessories,3232.76,5,16163.8
23-03-2025,Milk,Grocery,57.05,5,285.25
20-12-2025,Mouse,Electronics,719.42,5,3597.1
08-07-2025,Bag,Accessories,1133,3,3399
02-09-2025,Keyboard,Electronics,1486.49,10,14864.9
11-07-2025,Milk,Grocery,57.22,8,457.76
03-10-2025,Bread,Grocery,41.31,4,165.24
07-05-2025,Watch,Accessories,3678.32,2,7356.64
27-09-2025,Phone,Electronics,20112.69,6,120676.14
09-02-2025,Speaker,Electronics,4557.75,1,4557.75
08-10-2025,Speaker,Electronics,4504.94,10,45049.4
02-10-2025,Keyboard,Electronics,1399.36,9,12594.24
15-08-2025,Mouse,Electronics,725.24,10,7252.4
08-09-2025,Mouse,Electronics,755.84,8,6046.72
29-01-2025,Phone,Electronics,18527.78,7,129694.46
22-08-2025,Bag,Accessories,1093.86,8,8750.88
11-12-2025,Bread,Grocery,38.47,1,38.47
22-07-2025,T-Shirt,Fashion,850.63,4,3402.52
24-10-2025,Mouse,Electronics,636.34,6,3818.04
25-12-2025,Mouse,Electronics,705.76,1,705.76
05-02-2025,Speaker,Electronics,4474.86,5,22374.3
29-07-2025,Keyboard,Electronics,1580.69,7,11064.83
11-07-2025,Speaker,Electronics,4394.23,7,30759.61
,Mouse,Electronics,,9,6530.22
10-03-2025,Watch,Accessories,3752.2,2,7504.4
02-04-2025,Headphones,Electronics,2935.84,3,8807.52
25-04-2025,Tablet,Electronics,22517.37,1,22517.37
02-06-2025,Phone,Electronics,20694,9,186246
06-08-2025,Headphones,Electronics,2927.57,4,11710.28
07-05-2025,Phone,Electronics,19384.64,5,96923.2
07-04-2025,Speaker,Electronics,4837.69,2,9675.38
17-01-2025,,Grocery,41.28,10,412.8
09-01-2025,Shoes,Fashion,2353.04,2,4706.08
01-11-2025,Laptop,Electronics,49464.41,1,49464.41
06-05-2025,Jeans,Fashion,1635.93,8,
30-04-2025,Headphones,Electronics,2830.36,1,2830.36
13-03-2025,Headphones,Electronics,3296.09,4,13184.36
22-10-2025,Rice,Grocery,60.93,6,365.58
02-05-2025,T-Shirt,Fashion,860.2,9,7741.8
24-04-2025,Milk,Grocery,52.81,1,52.81
13-10-2025,Bag,Accessories,1291.13,3,3873.39
17-11-2025,Watch,Accessories,3449.04,8,27592.32
25-01-2025,Rice,Grocery,65.3,7,457.1
26-09-2025,Rice,Grocery,62.36,7,436.52
18-03-2025,T-Shirt,Fashion,780.23,9,7022.07
31-08-2025,Shoes,Fashion,2674.67,5,13373.35
29-12-2025,Keyboard,Electronics,1591.73,1,1591.73
15-10-2025,Milk,Grocery,60.15,9,541.35
29-09-2025,Keyboard,Electronics,1466.53,5,7332.65
15-04-2025,Rice,Grocery,61.76,8,
09-07-2025,Mouse,Electronics,704.99,4,2819.96
27-01-2025,T-Shirt,Fashion,780.35,10,7803.5
05-11-2025,Laptop,Electronics,53736.2,4,214944.8
28-10-2025,Jeans,Fashion,1861.72,4,7446.88
03-09-2025,Shoes,Fashion,2684.74,6,16108.44
05-06-2025,Speaker,Electronics,4063.8,4,16255.2
02-03-2025,Jeans,Fashion,1979.85,8,15838.8
05-05-2025,Jeans,Fashion,1837.58,4,7350.32
23-07-2025,Speaker,Electronics,4265.4,6,25592.4
25-05-2025,Milk,Grocery,54.63,6,327.78
07-06-2025,T-Shirt,Fashion,777.54,8,6220.32
27-08-2025,Mouse,Electronics,742.39,8,5939.12
13-06-2025,Speaker,Electronics,4232.81,6,25396.86
31-07-2025,Laptop,Electronics,50625.25,4,202501
16-03-2025,Laptop,Electronics,47607.74,10,476077.4
24-10-2025,Jeans,Fashion,1770.33,3,5310.99
11-04-2025,Rice,Grocery,56.76,10,567.6
06-05-2025,Phone,Electronics,20202.57,6,121215.42
12-05-2025,Bread,Grocery,42.57,8,340.56
24-08-2025,Keyboard,Electronics,1569.83,6,9418.98
28-03-2025,Keyboard,Electronics,1566.09,8,12528.72
05-04-2025,Speaker,Electronics,4850.43,1,4850.43
26-09-2025,Laptop,Electronics,53390.68,2,106781.36
09-12-2025,Laptop,Electronics,52643.39,7,368503.73
12-03-2025,Tablet,Electronics,25653.51,2,51307.02
29-12-2025,Keyboard,Electronics,1352.74,9,12174.66
22-08-2025,Rice,Grocery,54.73,10,547.3
05-09-2025,Watch,Accessories,3491.5,1,3491.5
30-09-2025,Headphones,Electronics,2946.8,1,2946.8
29-09-2025,Jeans,Fashion,,5,8594.55
09-01-2025,Headphones,Electronics,3187.89,7,22315.23
02-04-2025,Mouse,Electronics,758.53,9,6826.77
18-03-2025,Shoes,Fashion,2345.97,9,21113.73
10-05-2025,Tablet,Electronics,24272.21,7,169905.47
10-02-2025,Rice,Grocery,65.51,8,524.08
17-10-2025,Shoes,Fashion,2745.12,4,10980.48
03-06-2025,Watch,Accessories,3729.64,2,7459.28
01-12-2025,Tablet,Electronics,25749.47,1,25749.47
17-02-2025,Milk,Grocery,53.67,9,483.03
01-09-2025,Laptop,Electronics,51367.48,3,154102.44
,Phone,Electronics,21381.32,6,128287.92
17-10-2025,Tablet,Electronics,27369.2,9,246322.8
22-01-2025,Shoes,Fashion,2355.71,10,23557.1
01-09-2025,T-Shirt,Fashion,727.45,2,1454.9
17-12-2025,Speaker,Electronics,4302.34,9,38721.06
16-10-2025,Watch,Accessories,3173.03,6,19038.18
09-01-2025,Shoes,Fashion,2543.52,7,17804.64
09-02-2025,T-Shirt,Fashion,745.99,4,2983.96
18-10-2025,Tablet,Electronics,26747.21,9,240724.89
19-06-2025,Milk,Grocery,57.81,3,173.43
19-12-2025,Jeans,Fashion,1648.23,6,9889.38
28-01-2025,Mouse,Electronics,691.19,2,1382.38
24-06-2025,Bag,Accessories,1264.56,10,12645.6
23-07-2025,Bread,Grocery,38.61,5,193.05
19-08-2025,Phone,Electronics,18912.55,9,170212.95
12-07-2025,Milk,Grocery,51.54,10,515.4
05-12-2025,Milk,Grocery,50.44,10,504.4
01-06-2025,Bread,Grocery,37.97,2,75.94
12-02-2025,T-Shirt,Fashion,744.68,3,2234.04
19-07-2025,Rice,Grocery,58.33,2,116.66
03-01-2025,T-Shirt,Fashion,791.16,5,3955.8
22-02-2025,Keyboard,Electronics,1376.19,7,9633.33
18-08-2025,Headphones,Electronics,3032.84,7,21229.88
22-02-2025,Laptop,Electronics,45896.19,9,413065.71
17-02-2025,Bag,Accessories,1223.53,6,7341.18
17-07-2025,Laptop,Electronics,47918.47,7,335429.29
13-02-2025,Jeans,Fashion,1944.41,4,7777.64
20-10-2025,Headphones,Electronics,2801.75,7,19612.25
28-03-2025,Keyboard,Electronics,1430.68,5,7153.4
10-09-2025,Keyboard,Electronics,1368.98,7,9582.86
22-05-2025,Milk,Grocery,52.8,2,105.6
04-07-2025,T-Shirt,Fashion,871.08,8,6968.64
01-11-2025,Bag,,1126.93,2,2253.86
11-03-2025,T-Shirt,Fashion,721.08,7,5047.56
20-06-2025,Tablet,Electronics,25600.96,6,153605.76
14-08-2025,Rice,Grocery,59.17,10,591.7
11-03-2025,T-Shirt,Fashion,771.31,4,3085.24
03-09-2025,Rice,Grocery,56.13,7,392.91
13-06-2025,T-Shirt,Fashion,837.58,8,6700.64
22-10-2025,Bread,Grocery,37.94,7,265.58
24-05-2025,Tablet,Electronics,26429.33,6,158575.98
28-02-2025,Speaker,Electronics,4557.47,10,45574.7
07-10-2025,Keyboard,Electronics,1554.51,9,13990.59
14-01-2025,Jeans,Fashion,1786.18,4,7144.72
13-08-2025,Bread,Grocery,38.33,2,76.66
29-07-2025,Watch,Accessories,3499.51,5,17497.55
04-05-2025,T-Shirt,Fashion,825.39,7,5777.73
,Mouse,Electronics,692.87,10,6928.7
03-09-2025,Bag,Accessories,1176.19,9,10585.71
21-12-2025,Milk,Grocery,55.48,6,332.88
26-12-2025,Speaker,Electronics,4781.07,10,47810.7
23-11-2025,Speaker,Electronics,4126.48,4,16505.92
03-12-2025,Watch,Accessories,3398.51,,33985.1
23-01-2025,Bag,Accessories,1316.07,7,9212.49
19-06-2025,Bread,Grocery,39.44,1,39.44
,T-Shirt,Fashion,755.52,9,6799.68
13-10-2025,Bag,Accessories,1245.04,4,4980.16
17-08-2025,Rice,Grocery,58.69,10,586.9
20-12-2025,Headphones,Electronics,2790.45,1,2790.45
05-09-2025,Mouse,Electronics,671.36,2,1342.72
01-03-2025,Tablet,Electronics,27203.38,,81610.14
28-06-2025,T-Shirt,Fashion,774.89,4,3099.56
24-09-2025,Phone,Electronics,19393.2,2,38786.4
13-08-2025,Jeans,Fashion,1870.83,6,11224.98
04-02-2025,T-Shirt,Fashion,727.15,2,1454.3
12-01-2025,Tablet,Electronics,24215.39,2,48430.78
13-12-2025,Bread,Grocery,37.31,4,149.24
22-09-2025,Keyboard,Electronics,1515.57,6,9093.42
14-10-2025,Milk,Grocery,60.04,4,240.16
27-07-2025,Watch,Accessories,3279.12,7,22953.84
22-07-2025,Laptop,Electronics,52373.88,4,209495.52
19-08-2025,Bag,Accessories,1183.09,1,1183.09
27-12-2025,Shoes,Fashion,2352.89,2,4705.78
23-10-2025,Mouse,Electronics,741.93,9,6677.37
06-04-2025,Rice,Grocery,57.91,8,463.28
28-02-2025,T-Shirt,Fashion,827.31,8,6618.48
28-09-2025,Watch,Accessories,3369.38,7,23585.66
09-11-2025,Milk,Grocery,55.96,6,335.76
30-06-2025,Tablet,Electronics,24789.3,3,74367.9
11-12-2025,Jeans,Fashion,1908.22,10,19082.2
,Mouse,Electronics,724.1,6,4344.6
02-03-2025,Shoes,Fashion,2402.69,3,7208.07
11-07-2025,Jeans,Fashion,1670.89,,11696.23
03-08-2025,Bag,Accessories,1113.09,7,7791.63
05-08-2025,Keyboard,Electronics,1496,9,13464
22-12-2025,Speaker,Electronics,4630.73,3,13892.19
12-10-2025,Keyboard,Electronics,1496.89,3,4490.67
06-04-2025,Rice,Grocery,64.1,10,641
28-01-2025,Tablet,Electronics,24295.2,1,24295.2
06-09-2025,Keyboard,Electronics,1408.54,7,9859.78
15-10-2025,Headphones,Electronics,3091.84,,21642.88
17-12-2025,Phone,Electronics,19662.52,8,157300.16
08-09-2025,Keyboard,Electronics,1374.8,1,1374.8
23-04-2025,T-Shirt,Fashion,725.23,4,2900.92
03-10-2025,T-Shirt,Fashion,746.91,,5975.28
17-10-2025,Jeans,Fashion,1898.12,8,15184.96
09-10-2025,Headphones,Electronics,2767.93,2,5535.86
18-05-2025,Bread,Grocery,40.34,6,242.04
05-10-2025,Tablet,Electronics,26283.93,8,210271.44
07-10-2025,Shoes,Fashion,2744.89,2,5489.78
01-12-2025,Bread,Grocery,37.98,1,37.98
19-08-2025,T-Shirt,Fashion,775.77,2,1551.54
13-08-2025,Tablet,Electronics,27469.79,4,109879.16
18-04-2025,Bread,Grocery,41.9,6,251.4
30-12-2025,Bag,Accessories,1231.86,3,3695.58
12-11-2025,Keyboard,Electronics,1585.45,4,6341.8
31-01-2025,Bag,Accessories,1164.2,5,5821
02-11-2025,Headphones,Electronics,2801.03,5,14005.15
29-05-2025,Bag,Accessories,1144.16,9,10297.44
14-12-2025,Tablet,Electronics,22976.13,7,160832.91
31-01-2025,T-Shirt,Fashion,858.73,3,2576.19
26-12-2025,Tablet,Electronics,23163.45,3,69490.35
31-12-2025,Rice,Grocery,63.94,7,447.58
08-09-2025,Keyboard,Electronics,1523.23,5,7616.15
18-11-2025,Milk,Grocery,53.63,2,107.26
21-11-2025,,Grocery,43.04,2,86.08
26-07-2025,Headphones,Electronics,3149.88,6,18899.28
21-08-2025,Phone,Electronics,19309.16,1,19309.16
17-02-2025,Jeans,Fashion,1969.97,6,11819.82
02-02-2025,Bread,Grocery,40.28,4,161.12
08-08-2025,Tablet,Electronics,23559.26,5,117796.3
15-06-2025,Tablet,Electronics,23917.97,9,215261.73
23-10-2025,Keyboard,Electronics,1519.84,8,12158.72
25-06-2025,Speaker,Electronics,4664.3,1,4664.3
24-01-2025,Mouse,Electronics,717.67,8,5741.36
,Mouse,Electronics,760.12,3,2280.36
14-08-2025,Phone,Electronics,18002.7,7,126018.9
,Jeans,Fashion,1947.39,5,9736.95
23-03-2025,Tablet,Electronics,27163.63,5,135818.15
17-02-2025,Watch,Accessories,3402.3,2,6804.6
10-07-2025,Watch,Accessories,3782.66,3,11347.98
27-01-2025,Milk,Grocery,56.38,4,225.52
08-08-2025,Watch,Accessories,3213.84,2,6427.68
01-01-2025,Shoes,Fashion,2488.4,3,7465.2
31-10-2025,Shoes,Fashion,2509.72,8,20077.76
05-01-2025,Laptop,Electronics,51955.97,2,103911.94
05-08-2025,Jeans,Fashion,1667.58,2,3335.16
28-04-2025,Milk,Grocery,50.48,2,100.96
22-02-2025,Rice,Grocery,58.41,5,292.05
12-03-2025,Milk,Grocery,58.01,3,174.03
25-11-2025,Watch,Accessories,3250,9,29250
16-10-2025,Laptop,Electronics,51103.19,3,153309.57
14-08-2025,Rice,Grocery,62.67,3,188.01
30-07-2025,Bag,Accessories,1244.78,4,4979.12
14-02-2025,Speaker,Electronics,4140.42,2,8280.84
29-10-2025,Jeans,Fashion,1758.25,7,12307.75
11-06-2025,Bread,Grocery,37.12,5,185.6
27-11-2025,Mouse,Electronics,664.74,10,6647.4
04-11-2025,Jeans,Fashion,1838.73,1,1838.73
04-12-2025,Speaker,Electronics,4321.48,9,38893.32
07-11-2025,Headphones,Electronics,2813.19,7,19692.33
01-06-2025,Watch,Accessories,3188.2,4,12752.8
11-09-2025,Milk,Grocery,50.74,8,405.92
23-11-2025,Bag,Accessories,1097.04,1,1097.04
04-07-2025,Speaker,Electronics,4334.83,7,30343.81
19-10-2025,Milk,Grocery,53.52,3,160.56
30-08-2025,Bread,Grocery,36.58,10,365.8
04-02-2025,Laptop,Electronics,47621.85,1,47621.85
31-01-2025,Bread,Grocery,39.18,5,195.9
18-11-2025,Jeans,,1800.38,7,12602.66
05-08-2025,Jeans,Fashion,1764.82,9,15883.38
03-10-2025,Bag,Accessories,1116.64,2,2233.28
08-06-2025,Mouse,Electronics,701.58,4,2806.32
21-03-2025,Headphones,Electronics,2896.05,10,28960.5
21-11-2025,Bread,Grocery,42.68,2,85.36
08-06-2025,Jeans,Fashion,1777.49,4,7109.96
30-01-2025,Shoes,Fashion,2293.11,7,16051.77
01-03-2025,Phone,Electronics,20449.19,1,20449.19
08-06-2025,Watch,Accessories,3669.19,3,11007.57
03-03-2025,Laptop,Electronics,52079.01,1,52079.01
25-03-2025,Phone,Electronics,21812.06,9,196308.54
22-09-2025,Bread,Grocery,42.58,5,212.9
27-03-2025,Rice,Grocery,55.52,5,277.6
02-03-2025,Bread,Grocery,43.2,6,259.2
08-08-2025,T-Shirt,Fashion,803.82,5,4019.1
31-12-2025,Bag,Accessories,1230.61,8,9844.88
22-08-2025,Headphones,Electronics,2916.07,8,23328.56
18-10-2025,Keyboard,Electronics,1460.31,5,7301.55
22-02-2025,Speaker,Electronics,4566.52,2,9133.04
27-04-2025,Jeans,Fashion,1803.18,1,1803.18
07-01-2025,Shoes,Fashion,2272.99,6,13637.94
16-07-2025,Speaker,Electronics,4185.08,1,4185.08
11-10-2025,Bread,Grocery,43.31,7,303.17
25-04-2025,Rice,Grocery,56.98,,341.88
19-05-2025,Tablet,Electronics,22889.44,6,137336.64
03-03-2025,Headphones,Electronics,3104,1,3104
02-04-2025,Shoes,,2652.17,1,2652.17
25-07-2025,Mouse,Electronics,752.78,5,3763.9
09-06-2025,Rice,Grocery,55.04,8,440.32
05-01-2025,Rice,Grocery,56.41,10,564.1
05-06-2025,Jeans,Fashion,1844.18,8,14753.44
08-07-2025,Bag,Accessories,1313.25,4,5253
07-10-2025,Bread,Grocery,42.37,3,127.11
04-01-2025,Speaker,Electronics,4419.03,4,17676.12
05-10-2025,Rice,Grocery,61.63,1,61.63
21-06-2025,Laptop,Electronics,52589.29,7,368125.03
07-06-2025,Mouse,Electronics,658.73,4,2634.92
03-08-2025,Phone,Electronics,21844.74,3,65534.22
31-12-2025,T-Shirt,Fashion,734.88,4,2939.52
24-09-2025,Milk,Grocery,57.21,6,343.26
,Jeans,Fashion,1650.56,2,3301.12
16-09-2025,Keyboard,,1541.16,7,10788.12
08-02-2025,Bag,Accessories,1216.28,7,8513.96
06-12-2025,Keyboard,Electronics,1421.03,5,7105.15
11-06-2025,Speaker,Electronics,,6,28624.44
12-06-2025,Phone,Electronics,19087.82,2,38175.64
14-04-2025,Keyboard,Electronics,1583.98,10,15839.8
25-02-2025,Keyboard,Electronics,1381.7,8,11053.6
27-08-2025,Rice,Grocery,58.88,9,529.92
03-07-2025,Bread,Grocery,37.66,5,188.3
26-08-2025,T-Shirt,Fashion,856.4,2,1712.8
22-03-2025,Bread,Grocery,41.49,10,414.9
21-01-2025,Shoes,Fashion,2667.96,6,16007.76
17-03-2025,Mouse,Electronics,729.56,6,4377.36
22-07-2025,Headphones,Electronics,2729.37,5,13646.85
14-05-2025,Tablet,Electronics,27453.38,1,27453.38
27-07-2025,Tablet,Electronics,24761.01,9,222849.09
08-05-2025,Mouse,Electronics,694.69,3,2084.07
04-03-2025,Laptop,Electronics,45616.69,4,182466.76
08-03-2025,Shoes,Fashion,2661.84,6,15971.04
18-12-2025,Watch,Accessories,3806.3,2,7612.6
26-10-2025,Bag,Accessories,1142.12,2,2284.24
12-01-2025,Mouse,Electronics,657.69,8,5261.52
07-03-2025,Mouse,Electronics,756.71,6,4540.26
04-03-2025,Laptop,Electronics,54422.81,1,54422.81
28-03-2025,Speaker,Electronics,4566.5,7,31965.5
12-09-2025,Laptop,,48827.29,7,341791.03
30-03-2025,Rice,Grocery,56.58,3,169.74
21-05-2025,T-Shirt,Fashion,791.36,3,2374.08
18-01-2025,Bag,Accessories,1228.6,4,4914.4
28-11-2025,T-Shirt,Fashion,799.82,9,7198.38
03-09-2025,Laptop,Electronics,45877.22,7,321140.54
12-03-2025,Milk,Grocery,51.69,9,465.21
08-05-2025,Watch,Accessories,3845.86,9,34612.74
10-01-2025,Milk,Grocery,58.1,6,348.6
03-09-2025,Headphones,Electronics,3168.86,6,19013.16
17-10-2025,Headphones,Electronics,2892.96,5,14464.8
03-04-2025,Laptop,Electronics,48188.78,4,192755.12
16-01-2025,Speaker,Electronics,4779.62,5,23898.1
30-01-2025,Bread,Grocery,43.93,9,395.37
03-07-2025,Bread,Grocery,40.67,4,162.68
23-03-2025,Mouse,Electronics,664.7,4,2658.8
17-05-2025,Headphones,Electronics,3189.77,1,3189.77
23-04-2025,Bag,Accessories,1283.16,7,8982.12
01-07-2025,Speaker,Electronics,4805.3,3,14415.9
01-04-2025,Shoes,Fashion,2546.26,6,15277.56
30-10-2025,Laptop,Electronics,52034.53,6,312207.18
18-10-2025,Bag,Accessories,1114.1,4,4456.4
10-09-2025,Headphones,Electronics,2885.43,8,23083.44
20-01-2025,Mouse,Electronics,637.86,10,6378.6
23-04-2025,Laptop,Electronics,50264.49,1,50264.49
19-06-2025,Speaker,Electronics,4602.72,3,13808.16
24-06-2025,Jeans,Fashion,1683.89,6,10103.34
31-01-2025,Laptop,Electronics,46477.12,3,139431.36
26-02-2025,Tablet,Electronics,25131.47,6,150788.82
07-02-2025,Rice,Grocery,62.45,7,437.15
28-10-2025,Mouse,Electronics,677.12,6,4062.72
11-03-2025,Keyboard,Electronics,1569.71,7,10987.97
24-11-2025,Phone,Electronics,20596.72,3,61790.16
29-12-2025,Headphones,Electronics,3116.14,10,31161.4
02-07-2025,Shoes,Fashion,2582.77,3,7748.31
13-07-2025,T-Shirt,Fashion,837.44,5,4187.2
07-03-2025,Keyboard,Electronics,1568.65,10,15686.5
20-07-2025,Tablet,Electronics,27471.42,10,274714.2
17-01-2025,Keyboard,Electronics,1530.72,10,15307.2
24-04-2025,Watch,Accessories,3545.89,8,28367.12
14-03-2025,Rice,Grocery,62.94,4,251.76
27-06-2025,Rice,Grocery,56.01,2,112.02
29-12-2025,Watch,Accessories,3597.37,6,21584.22
17-08-2025,Laptop,Electronics,47652.12,4,190608.48
21-12-2025,Mouse,Electronics,679.07,2,
01-01-2025,Laptop,Electronics,48859.37,7,342015.59
27-03-2025,Speaker,Electronics,4422.62,7,30958.34
29-06-2025,Headphones,Electronics,2925.21,8,23401.68
23-10-2025,Watch,Accessories,3680.77,4,14723.08
25-03-2025,Phone,Electronics,18294.84,1,18294.84
31-05-2025,Laptop,Electronics,48187.17,2,96374.34
07-02-2025,Rice,Grocery,56.04,7,392.28
24-03-2025,Jeans,Fashion,1647,2,3294
23-06-2025,Bag,Accessories,,8,10531.76
27-12-2025,Laptop,Electronics,49313.23,3,147939.69
07-11-2025,Speaker,Electronics,4440.78,1,4440.78
21-02-2025,Rice,Grocery,56.47,4,225.88
29-07-2025,Jeans,Fashion,1819.48,9,16375.32
16-05-2025,Watch,Accessories,3347.07,4,13388.28
19-02-2025,Laptop,Electronics,48929.02,9,440361.18
09-09-2025,Keyboard,Electronics,1366.35,1,1366.35
07-08-2025,Mouse,Electronics,671.24,10,6712.4
03-09-2025,Shoes,Fashion,2298.49,4,9193.96
29-03-2025,Watch,Accessories,3354.27,2,6708.54
31-08-2025,Tablet,Electronics,23077.54,7,161542.78
30-08-2025,Phone,Electronics,21579.51,5,107897.55
16-02-2025,Watch,Accessories,3530.89,3,10592.67
09-07-2025,Speaker,Electronics,4393.3,3,13179.9
17-08-2025,Laptop,Electronics,47632.96,8,381063.68
15-05-2025,Shoes,Fashion,2668.54,10,26685.4
01-02-2025,Keyboard,Electronics,1575.67,2,3151.34
13-02-2025,Watch,Accessories,3390.65,9,30515.85
31-07-2025,Bread,Grocery,40.72,9,366.48
01-02-2025,Tablet,Electronics,24435.53,9,219919.77
03-08-2025,Headphones,Electronics,3112.24,8,24897.92
21-10-2025,Speaker,Electronics,4262.08,5,21310.4
10-02-2025,Milk,Grocery,59.43,1,59.43
15-09-2025,Bag,Accessories,1296.11,10,12961.1
13-12-2025,Bag,Accessories,1115.39,8,8923.12
30-03-2025,Keyboard,Electronics,1641.65,4,6566.6
06-03-2025,Laptop,Electronics,49233.75,7,344636.25
14-04-2025,Tablet,Electronics,25636.13,10,256361.3
13-05-2025,Rice,Grocery,64.93,2,129.86
14-02-2025,Milk,Grocery,55.62,9,500.58
,Tablet,Electronics,23881,8,191048
07-01-2025,Bread,Grocery,41.6,10,416
25-09-2025,Bread,Grocery,39.36,7,275.52
18-03-2025,Keyboard,Electronics,1519.98,10,15199.8
21-02-2025,Speaker,Electronics,4145.07,2,8290.14
27-05-2025,Tablet,Electronics,25178.17,6,151069.02
30-07-2025,T-Shirt,Fashion,781.29,8,6250.32
20-10-2025,Bag,Accessories,1193.53,3,3580.59
22-05-2025,Milk,Grocery,,10,510.8
15-12-2025,Jeans,Fashion,1764.62,7,12352.34
19-06-2025,Jeans,Fashion,1705.53,8,13644.24
18-05-2025,Speaker,Electronics,4385.2,6,26311.2
05-06-2025,T-Shirt,Fashion,764.86,8,6118.88
23-12-2025,Watch,Accessories,3218.75,4,12875
10-03-2025,T-Shirt,Fashion,875.88,8,7007.04
14-06-2025,T-Shirt,Fashion,836.61,10,8366.1
27-11-2025,Mouse,Electronics,656.31,4,2625.24
28-07-2025,Jeans,Fashion,1794.41,9,16149.69
11-07-2025,Tablet,Electronics,22781.03,3,68343.09
03-02-2025,T-Shirt,Fashion,833.53,7,5834.71
11-03-2025,Bread,Grocery,42.81,10,428.1
15-01-2025,Keyboard,Electronics,1407.83,4,5631.32
30-01-2025,Shoes,Fashion,2266.54,1,2266.54
04-07-2025,Jeans,Fashion,1691.68,6,10150.08
26-08-2025,Headphones,Electronics,2938.17,2,5876.34
15-12-2025,Laptop,Electronics,47419.38,8,379355.04
01-11-2025,Phone,Electronics,18710.33,8,149682.64
28-10-2025,Headphones,Electronics,2909.86,3,8729.58
13-05-2025,Jeans,Fashion,1919.11,2,3838.22
26-05-2025,Laptop,Electronics,,3,146596.98
20-10-2025,Bread,Grocery,43.72,4,174.88
28-11-2025,Shoes,Fashion,2588.85,5,12944.25
30-11-2025,Milk,Grocery,55.15,1,55.15
31-08-2025,Speaker,Electronics,4169.08,3,12507.24
04-11-2025,Bread,Grocery,36.07,5,180.35
08-11-2025,Bread,Grocery,43.54,5,217.7
05-08-2025,Speaker,Electronics,4388.83,6,26332.98
24-08-2025,T-Shirt,Fashion,754.91,5,3774.55
13-12-2025,Headphones,Electronics,3194.59,7,22362.13
27-10-2025,Mouse,Electronics,631.03,6,3786.18
15-10-2025,Watch,Accessories,3565.64,5,17828.2
02-06-2025,Watch,Accessories,3225.67,2,6451.34
22-06-2025,T-Shirt,Fashion,822.5,5,4112.5
14-05-2025,Watch,Accessories,3647.77,5,18238.85
07-04-2025,Keyboard,Electronics,1505.19,4,6020.76
30-01-2025,Bread,Grocery,42.86,10,428.6
26-07-2025,Watch,Accessories,3373.71,3,10121.13
14-01-2025,Watch,Accessories,3498.16,5,17490.8
13-05-2025,Speaker,Electronics,4426.71,7,30986.97
19-01-2025,Bag,Accessories,1249.94,10,12499.4
08-04-2025,Rice,Grocery,62.72,4,250.88
18-12-2025,Headphones,Electronics,3082.99,8,24663.92
10-12-2025,Rice,Grocery,60.09,3,180.27
03-12-2025,Speaker,Electronics,4552.42,5,22762.1
19-02-2025,Phone,Electronics,18511.78,5,92558.9
14-10-2025,Bread,Grocery,43.3,6,259.8
02-12-2025,Mouse,Electronics,661.12,4,2644.48
07-06-2025,Milk,Grocery,58.17,6,349.02
10-07-2025,T-Shirt,Fashion,813.69,8,6509.52
02-03-2025,Phone,Electronics,18214.71,10,182147.1
25-10-2025,Bag,Accessories,1097.09,4,4388.36
14-09-2025,Mouse,Electronics,751.45,,5260.15
29-09-2025,T-Shirt,Fashion,786.1,3,2358.3
12-03-2025,Shoes,Fashion,2421.33,10,24213.3
23-08-2025,Keyboard,Electronics,1444.92,3,4334.76
11-02-2025,Phone,Electronics,19330.52,3,57991.56
10-06-2025,Watch,Accessories,3190.61,8,25524.88
21-05-2025,Shoes,Fashion,2630.6,3,7891.8
23-10-2025,Bread,Grocery,37.27,2,74.54
08-03-2025,Bag,Accessories,1184.09,7,8288.63
26-07-2025,Milk,Grocery,60.12,7,420.84
03-01-2025,Laptop,Electronics,50337.83,6,302026.98
08-01-2025,Speaker,Electronics,4339.99,9,39059.91
08-04-2025,Laptop,Electronics,51767.48,4,207069.92
26-04-2025,Jeans,Fashion,1935.71,5,9678.55
08-03-2025,Mouse,Electronics,683.7,10,6837
06-06-2025,Keyboard,Electronics,1369.59,1,1369.59
02-06-2025,T-Shirt,Fashion,792.95,9,7136.55
02-11-2025,Headphones,Electronics,2902.7,3,8708.1
25-06-2025,Speaker,Electronics,4491.16,4,17964.64
26-03-2025,Speaker,Electronics,4876.38,7,34134.66
10-01-2025,Shoes,Fashion,2362.16,3,7086.48
19-04-2025,Jeans,Fashion,1627.89,9,14651.01
28-03-2025,Mouse,Electronics,681.32,1,681.32
12-07-2025,Speaker,Electronics,4626.29,9,41636.61
16-11-2025,Laptop,Electronics,50939.24,1,50939.24
05-12-2025,Mouse,Electronics,721.5,1,721.5
25-01-2025,Jeans,Fashion,1661.68,8,13293.44
14-07-2025,Mouse,Electronics,706.62,8,5652.96
26-12-2025,Keyboard,Electronics,1411.65,1,1411.65
04-06-2025,Milk,Grocery,56.78,9,511.02
19-05-2025,Bag,Accessories,1225.35,3,3676.05
03-08-2025,Tablet,Electronics,26993.11,9,242937.99
13-11-2025,Mouse,Electronics,669.58,2,1339.16
12-09-2025,Shoes,Fashion,2554.5,5,12772.5
25-09-2025,Shoes,Fashion,2428.96,7,17002.72
01-06-2025,Keyboard,Electronics,1361.82,8,10894.56
17-04-2025,Jeans,Fashion,1955.92,6,11735.52
01-05-2025,Laptop,Electronics,45127.49,2,90254.98
26-02-2025,Tablet,Electronics,25370.76,8,202966.08
18-03-2025,Mouse,Electronics,739.13,2,1478.26
21-02-2025,Speaker,Electronics,4280.3,4,17121.2
22-08-2025,T-Shirt,Fashion,762.26,1,762.26
21-02-2025,Tablet,Electronics,23373.51,1,23373.51
29-05-2025,Rice,Grocery,63.62,6,381.72
07-08-2025,Jeans,Fashion,1661.72,1,1661.72
05-01-2025,Tablet,Electronics,23191.97,3,69575.91
18-06-2025,Rice,Grocery,64.73,10,647.3
18-05-2025,Speaker,Electronics,4709.76,6,28258.56
25-06-2025,Keyboard,Electronics,1384.15,7,9689.05
22-08-2025,T-Shirt,Fashion,853.71,8,6829.68
04-08-2025,Watch,,3770.29,3,11310.87
27-02-2025,Keyboard,Electronics,1558.85,1,1558.85
23-03-2025,Mouse,Electronics,688.24,10,6882.4
05-09-2025,Bread,Grocery,40.55,8,324.4
03-04-2025,Bag,Accessories,1171.14,6,7026.84
10-11-2025,Laptop,Electronics,53625.76,3,160877.28
05-09-2025,Speaker,Electronics,4489.31,7,31425.17
14-08-2025,Laptop,Electronics,45633.36,6,273800.16
07-01-2025,Jeans,Fashion,1932.6,9,17393.4
23-10-2025,Jeans,Fashion,1823.4,6,10940.4
,,Electronics,3112.94,10,31129.4
18-02-2025,Milk,Grocery,56.78,4,227.12
04-09-2025,Rice,Grocery,61.96,7,433.72
18-03-2025,Tablet,Electronics,26632.19,10,266321.9
28-01-2025,Laptop,Electronics,51433.99,3,154301.97
16-09-2025,Tablet,Electronics,24846.44,,198771.52
26-03-2025,Mouse,Electronics,735.2,6,4411.2
04-05-2025,Rice,Grocery,65.64,1,65.64
17-09-2025,Shoes,Fashion,2525.25,7,17676.75
26-07-2025,Tablet,Electronics,23675,8,189400
16-08-2025,Bread,Grocery,40.58,2,81.16
13-09-2025,Phone,Electronics,19264.25,8,154114
01-12-2025,Laptop,Electronics,46026.43,7,322185.01
19-01-2025,Headphones,Electronics,3029.46,2,6058.92
06-11-2025,Bag,Accessories,1233.01,9,11097.09
15-10-2025,Shoes,Fashion,2577.3,8,20618.4
24-06-2025,Rice,Grocery,63.9,4,255.6
21-08-2025,Rice,Grocery,60.72,10,607.2
04-11-2025,Phone,Electronics,20866.63,6,125199.78
20-08-2025,Mouse,Electronics,643.64,4,2574.56
02-01-2025,Rice,Grocery,58.26,5,291.3
08-10-2025,Headphones,Electronics,2924.33,2,5848.66
24-01-2025,Speaker,Electronics,4197.74,3,12593.22
29-07-2025,Mouse,Electronics,665.6,4,2662.4
07-04-2025,Mouse,Electronics,760.23,7,5321.61
21-04-2025,Phone,Electronics,21298.22,4,85192.88
23-06-2025,Mouse,Electronics,736,1,736
21-11-2025,,Electronics,25860.71,2,51721.42
19-08-2025,Phone,Electronics,20633.83,9,185704.47
10-03-2025,Phone,Electronics,18017.35,1,18017.35
11-10-2025,Speaker,Electronics,4439.53,10,44395.3
05-09-2025,Speaker,Electronics,4507.5,3,13522.5
21-12-2025,Bag,Accessories,1121.68,3,3365.04
23-02-2025,Milk,Grocery,56.73,10,567.3
14-06-2025,Headphones,Electronics,3228.83,7,22601.81
08-11-2025,Speaker,Electronics,4673.26,4,18693.04
21-05-2025,Milk,Grocery,60.1,5,300.5
20-08-2025,Bread,Grocery,37.07,7,259.49
05-11-2025,Jeans,Fashion,1939.12,9,17452.08
03-06-2025,Tablet,Electronics,26007.47,6,156044.82
31-12-2025,Jeans,Fashion,1956.78,4,7827.12
13-04-2025,Shoes,Fashion,2562.08,5,12810.4
18-12-2025,Rice,Grocery,65.05,3,195.15
30-12-2025,Watch,Accessories,3832.63,3,11497.89
15-09-2025,Headphones,Electronics,3116.59,6,18699.54
30-12-2025,Mouse,Electronics,736.51,9,6628.59
03-09-2025,Bag,Accessories,1216.95,7,8518.65
12-12-2025,Jeans,Fashion,1941.79,9,17476.11
27-05-2025,Speaker,Electronics,4812.57,1,4812.57
25-09-2025,Mouse,Electronics,633.54,3,1900.62
28-01-2025,Watch,Accessories,3189.62,5,15948.1
24-03-2025,T-Shirt,Fashion,829.34,3,2488.02
01-02-2025,Jeans,Fashion,1902.37,4,7609.48
05-10-2025,Laptop,Electronics,48586.82,8,388694.56
22-02-2025,Bag,Accessories,1288.33,9,11594.97
25-04-2025,Jeans,Fashion,1852.96,7,12970.72
02-05-2025,Headphones,Electronics,3170.58,5,15852.9
21-12-2025,Watch,Accessories,3182.89,7,22280.23
18-07-2025,Milk,Grocery,60.02,6,360.12
10-10-2025,Laptop,Electronics,45129.65,5,225648.25
14-04-2025,Bag,Accessories,1288.52,8,10308.16
26-04-2025,Speaker,Electronics,4620.41,6,27722.46
29-10-2025,Headphones,Electronics,3143.07,4,12572.28
10-04-2025,T-Shirt,Fashion,791.81,2,1583.62
06-04-2025,Keyboard,Electronics,1570.52,2,3141.04
13-07-2025,Laptop,Electronics,49285.08,9,443565.72
16-05-2025,Keyboard,Electronics,1398.28,5,6991.4
03-01-2025,Rice,Grocery,59.6,3,178.8
21-01-2025,Keyboard,Electronics,1628.59,10,16285.9
27-01-2025,Bread,Grocery,43.46,10,434.6
05-12-2025,T-Shirt,Fashion,798.49,10,7984.9
09-10-2025,Rice,Grocery,54.87,6,329.22
27-09-2025,Shoes,Fashion,2728.49,9,24556.41
04-02-2025,Bread,Grocery,40.04,7,280.28
06-10-2025,Headphones,Electronics,2942.05,6,17652.3
24-04-2025,Speaker,Electronics,4242.02,6,25452.12
19-06-2025,Rice,Grocery,57.52,10,575.2
29-09-2025,Phone,Electronics,21986.52,1,21986.52
28-02-2025,Watch,Accessories,3392.21,4,13568.84
25-11-2025,Bag,Accessories,1300.47,4,5201.88
21-01-2025,Watch,Accessories,3769.96,7,26389.72
28-02-2025,Milk,Grocery,52.32,5,261.6
13-01-2025,Speaker,Electronics,4515.18,6,27091.08
21-09-2025,Bread,Grocery,40.07,8,320.56
23-01-2025,T-Shirt,Fashion,863.73,4,3454.92
14-06-2025,Headphones,Electronics,2749.41,2,5498.82
27-03-2025,Bread,Grocery,40.3,1,40.3
17-11-2025,Mouse,Electronics,659.51,4,2638.04
17-12-2025,Milk,Grocery,58.69,4,234.76
03-10-2025,Tablet,Electronics,26013.71,7,182095.97
28-11-2025,Tablet,Electronics,27198.76,3,81596.28
13-01-2025,Phone,Electronics,20867.47,1,20867.47
14-02-2025,Mouse,Electronics,637.6,5,3188
13-10-2025,Mouse,Electronics,710.49,4,2841.96
13-05-2025,Milk,Grocery,53.77,7,376.39
10-08-2025,Rice,Grocery,54.2,2,108.4
01-10-2025,Laptop,Electronics,51414.23,10,514142.3
02-02-2025,Bread,Grocery,41.97,1,41.97
25-12-2025,Tablet,Electronics,22862.95,9,205766.55
24-02-2025,T-Shirt,Fashion,845.9,5,4229.5
07-11-2025,Mouse,Electronics,669.41,8,5355.28
15-07-2025,Milk,Grocery,58.54,1,58.54
31-08-2025,Keyboard,Electronics,1510.04,3,4530.12
20-07-2025,Bread,Grocery,42.38,9,381.42
01-06-2025,Watch,Accessories,3250.85,6,19505.1
06-01-2025,Headphones,Electronics,3224.86,3,9674.58
05-03-2025,Laptop,Electronics,45050.3,10,450503
21-07-2025,Headphones,Electronics,3028.52,2,6057.04
06-06-2025,Shoes,Fashion,2624.15,6,15744.9
19-04-2025,Milk,,59.46,9,535.14
14-03-2025,Keyboard,Electronics,1405.2,10,14052
10-05-2025,Shoes,Fashion,2307.31,10,23073.1
28-01-2025,Tablet,Electronics,26255.21,9,236296.89
25-08-2025,Watch,Accessories,3534.77,5,17673.85
10-12-2025,Mouse,Electronics,665.1,4,2660.4
25-10-2025,Phone,Electronics,21806.16,6,130836.96
07-03-2025,Watch,Accessories,3608.83,2,7217.66
26-05-2025,Bag,Accessories,1096.75,4,4387
12-06-2025,Phone,Electronics,19802.58,10,198025.8
04-12-2025,T-Shirt,Fashion,830.95,3,2492.85
17-10-2025,Bag,Accessories,1167.48,6,7004.88
08-08-2025,Keyboard,Electronics,1351.45,4,5405.8
24-04-2025,Jeans,Fashion,1886.33,7,13204.31
22-05-2025,Tablet,Electronics,24297.43,6,145784.58
03-09-2025,Phone,Electronics,19781.43,5,98907.15
07-09-2025,Headphones,Electronics,2765.3,10,
11-02-2025,Tablet,Electronics,23903.08,3,71709.24
03-10-2025,Shoes,Fashion,2381.62,2,4763.24
08-02-2025,Speaker,Electronics,4066.77,9,36600.93
20-11-2025,Laptop,Electronics,53126.42,10,531264.2
,Bread,Grocery,40.72,1,40.72
10-10-2025,T-Shirt,Fashion,806.96,9,7262.64
30-08-2025,Watch,Accessories,3692.64,6,22155.84
20-07-2025,Shoes,Fashion,2695.72,10,26957.2
29-05-2025,Keyboard,Electronics,1489.41,9,13404.69
16-02-2025,Milk,Grocery,53.5,1,53.5
06-12-2025,Shoes,Fashion,2673.99,10,26739.9
17-12-2025,Keyboard,Electronics,1577.16,3,4731.48
17-08-2025,Keyboard,Electronics,1403.74,10,14037.4
04-12-2025,Tablet,Electronics,27338.68,8,218709.44
03-07-2025,Laptop,Electronics,47188.19,8,377505.52
29-04-2025,Mouse,Electronics,667.01,4,2668.04
22-01-2025,Watch,Accessories,3294.74,6,19768.44
18-07-2025,Phone,Electronics,21671.61,1,21671.61
21-01-2025,Watch,Accessories,3376.85,9,30391.65
21-11-2025,Tablet,Electronics,23867.48,5,119337.4
24-10-2025,Headphones,Electronics,3042.1,7,
01-12-2025,Milk,Grocery,53.52,2,107.04
22-09-2025,T-Shirt,Fashion,780.21,4,3120.84
22-09-2025,Milk,Grocery,53.38,6,320.28
07-09-2025,Bread,Grocery,39.86,10,398.6
04-01-2025,Headphones,Electronics,3229.22,8,25833.76
26-03-2025,Shoes,,2288.54,5,11442.7
19-04-2025,Keyboard,Electronics,1406.07,6,8436.42
05-11-2025,Jeans,Fashion,1914.1,4,7656.4
01-08-2025,Bread,Grocery,38.64,2,77.28
04-09-2025,Watch,Accessories,3485.17,4,13940.68
30-10-2025,Keyboard,Electronics,1544.18,7,10809.26
12-01-2025,Shoes,Fashion,2271.57,10,22715.7
31-10-2025,Keyboard,Electronics,1390.42,9,12513.78
21-01-2025,Speaker,Electronics,4565.04,1,4565.04
27-03-2025,T-Shirt,Fashion,867.59,9,7808.31
27-07-2025,Bag,Accessories,1312.62,1,1312.62
05-12-2025,Tablet,Electronics,23917.27,2,47834.54
,Phone,Electronics,20426.1,8,163408.8
04-09-2025,Keyboard,Electronics,1415.81,7,9910.67
04-11-2025,Keyboard,Electronics,1588.38,3,4765.14
16-11-2025,Watch,,3507.56,3,10522.68
18-12-2025,Rice,Grocery,65.07,10,650.7
30-10-2025,Mouse,Electronics,662.17,7,4635.19
09-03-2025,Mouse,Electronics,632.32,9,5690.88
16-09-2025,Watch,Accessories,3443.86,3,10331.58
07-11-2025,Mouse,Electronics,654.84,10,6548.4
04-11-2025,Laptop,Electronics,53777.53,9,483997.77
15-09-2025,Bread,Grocery,36.94,8,295.52
04-12-2025,Keyboard,Electronics,1620.6,9,14585.4
01-01-2025,Speaker,Electronics,4893.96,7,34257.72
25-09-2025,Milk,Grocery,53.57,1,53.57
24-12-2025,Headphones,Electronics,2957.37,8,23658.96
15-07-2025,Rice,Grocery,61.07,10,610.7
20-02-2025,Milk,,50.97,8,407.76
30-04-2025,Speaker,Electronics,4823.15,5,24115.75
03-11-2025,Speaker,Electronics,4539.36,5,22696.8
07-04-2025,Laptop,Electronics,52091.49,1,52091.49
23-10-2025,Headphones,Electronics,2770.7,1,2770.7
12-07-2025,Watch,Accessories,3293.79,6,19762.74
29-07-2025,Rice,Grocery,55.28,7,386.96
30-11-2025,Bag,Accessories,1140.87,9,10267.83
05-08-2025,Bag,Accessories,1167.75,5,5838.75
15-12-2025,,Grocery,57.8,7,404.6
10-10-2025,Bread,Grocery,40.46,3,121.38
09-07-2025,Headphones,Electronics,3032.95,5,15164.75
07-06-2025,Bag,Accessories,1162.65,7,8138.55
12-03-2025,Tablet,Electronics,26819.15,2,53638.3
28-04-2025,Phone,Electronics,21132.44,3,63397.32
21-02-2025,,Fashion,2504.17,6,15025.02
09-10-2025,Bag,Accessories,1247.29,1,1247.29
24-03-2025,Milk,Grocery,60.11,1,60.11
16-02-2025,Tablet,Electronics,23226.64,10,232266.4
11-08-2025,Mouse,Electronics,638.97,4,2555.88
09-07-2025,Mouse,Electronics,715.26,7,5006.82
25-07-2025,Bag,Accessories,1237.48,5,6187.4
31-12-2025,Bag,Accessories,1093.79,3,3281.37
24-11-2025,Phone,Electronics,19755.89,4,79023.56
03-12-2025,Speaker,Electronics,4773.52,5,23867.6
10-04-2025,Laptop,Electronics,52839.59,9,
22-09-2025,Jeans,Fashion,1703.4,3,5110.2
12-12-2025,Laptop,Electronics,48597.4,1,48597.4
22-03-2025,Mouse,Electronics,769.55,7,5386.85
30-06-2025,Watch,Accessories,,10,34266
13-04-2025,Headphones,Electronics,2709.22,2,5418.44
16-02-2025,Headphones,Electronics,2870.7,9,25836.3
26-10-2025,Rice,Grocery,58.17,5,290.85
26-04-2025,Bag,Accessories,1311.13,8,10489.04
26-07-2025,Bag,Accessories,1081.12,3,3243.36
28-07-2025,Headphones,Electronics,2763.88,2,5527.76
15-09-2025,T-Shirt,Fashion,774.39,2,1548.78
20-09-2025,T-Shirt,Fashion,860.18,10,8601.8
09-05-2025,Jeans,Fashion,1779.4,7,12455.8
16-10-2025,Phone,Electronics,21079.87,6,
23-08-2025,Watch,Accessories,3472.5,10,34725
15-01-2025,Phone,Electronics,18465.07,2,36930.14
15-07-2025,Watch,Accessories,3702.06,4,14808.24
13-12-2025,Jeans,Fashion,1702.77,6,10216.62
31-07-2025,Rice,Grocery,60.2,1,60.2
25-12-2025,Tablet,Electronics,23816.75,5,119083.75
17-02-2025,Milk,Grocery,56.91,6,341.46
08-02-2025,Headphones,Electronics,3258.84,8,26070.72
10-06-2025,Rice,Grocery,56.62,10,566.2
18-05-2025,Keyboard,Electronics,1634.14,4,6536.56
13-09-2025,Jeans,Fashion,1691.88,4,6767.52
16-05-2025,Shoes,Fashion,2364.6,4,9458.4
13-11-2025,Rice,Grocery,55.87,2,111.74
03-03-2025,Speaker,Electronics,4120.64,8,32965.12
11-11-2025,Laptop,Electronics,52642.44,9,473781.96
22-01-2025,Tablet,Electronics,24911.46,10,249114.6
11-06-2025,Phone,Electronics,21592.48,10,215924.8
21-05-2025,Phone,Electronics,18731.49,9,168583.41
24-05-2025,Milk,Grocery,51.94,10,519.4
07-03-2025,Laptop,Electronics,50257.35,7,351801.45
02-09-2025,Headphones,Electronics,2719.54,6,16317.24
21-07-2025,Tablet,Electronics,25931.69,3,77795.07
23-08-2025,Mouse,Electronics,727.75,8,5822
11-06-2025,Jeans,Fashion,1623.03,4,6492.12
14-07-2025,Bag,Accessories,1104.18,6,6625.08
10-11-2025,Tablet,Electronics,23798.5,9,214186.5
15-05-2025,Shoes,Fashion,2384.7,10,23847
25-06-2025,Rice,Grocery,56.21,7,393.47
18-04-2025,Milk,Grocery,57.21,6,343.26
06-07-2025,Tablet,Electronics,24502.96,8,196023.68
03-04-2025,Bag,Accessories,1111.47,10,11114.7
18-12-2025,Shoes,Fashion,2657.1,5,13285.5
01-05-2025,Headphones,Electronics,2959.33,7,20715.31
11-04-2025,Keyboard,Electronics,1590.01,3,4770.03
31-08-2025,Bread,Grocery,36.08,7,252.56
13-09-2025,Keyboard,Electronics,1648.67,9,14838.03
01-10-2025,Jeans,Fashion,1733.66,8,13869.28
03-06-2025,T-Shirt,Fashion,809.94,10,8099.4
25-01-2025,,Grocery,50.59,3,151.77
31-01-2025,Shoes,Fashion,2656.91,8,21255.28
19-11-2025,Mouse,Electronics,692.98,6,4157.88
14-05-2025,Rice,Grocery,58.32,9,524.88
12-05-2025,Rice,Grocery,54.24,2,108.48
29-06-2025,Tablet,Electronics,25897.93,10,258979.3
12-04-2025,Bag,Accessories,1218.21,9,10963.89
31-03-2025,Bread,Grocery,38.28,6,229.68
11-12-2025,Headphones,Electronics,2992.5,8,23940
10-02-2025,Milk,Grocery,56.25,8,450
20-11-2025,Keyboard,Electronics,1610.48,6,9662.88
04-08-2025,Watch,Accessories,3578.62,7,25050.34
06-02-2025,Mouse,Electronics,652.68,4,2610.72
10-06-2025,Rice,Grocery,61.84,5,309.2
06-11-2025,Watch,Accessories,3426.82,8,27414.56
05-07-2025,Jeans,Fashion,1831.29,8,14650.32
31-07-2025,Keyboard,Electronics,1405.17,1,1405.17
06-03-2025,Jeans,Fashion,1704.47,5,8522.35
25-12-2025,Jeans,Fashion,1648.82,3,4946.46
23-07-2025,Mouse,Electronics,643.38,8,5147.04
08-10-2025,Laptop,Electronics,45263.65,7,316845.55
26-09-2025,Bread,Grocery,43.97,2,87.94
15-05-2025,Bag,Accessories,1117.27,7,7820.89
08-06-2025,Shoes,Fashion,2373.7,5,11868.5
15-08-2025,Watch,Accessories,3238.49,9,29146.41
29-03-2025,Laptop,Electronics,45351.55,6,272109.3
16-06-2025,Tablet,Electronics,24880.77,9,223926.93
20-05-2025,Headphones,Electronics,2966.91,9,26702.19
01-04-2025,Bag,Accessories,1223.42,10,12234.2
11-08-2025,Headphones,Electronics,3083.87,9,27754.83
08-06-2025,Speaker,Electronics,4362.45,9,39262.05
27-04-2025,Bread,Grocery,36.72,5,183.6
07-07-2025,Milk,Grocery,52.36,5,261.8
06-01-2025,Laptop,Electronics,50233.16,3,150699.48
26-06-2025,T-Shirt,Fashion,795.07,1,795.07
19-12-2025,Speaker,Electronics,4492.74,8,35941.92
03-06-2025,Laptop,Electronics,52658.69,5,263293.45
02-11-2025,Shoes,Fashion,2648.38,9,23835.42
11-07-2025,Shoes,Fashion,2455.87,9,22102.83
12-08-2025,Milk,Grocery,52.25,7,365.75
13-07-2025,Shoes,Fashion,2381.49,7,16670.43
17-11-2025,Shoes,Fashion,2508.31,10,25083.1
22-12-2025,Watch,Accessories,3340.31,9,30062.79
18-05-2025,Milk,Grocery,51.57,2,103.14
04-04-2025,Keyboard,Electronics,1436.88,8,11495.04
13-11-2025,Phone,Electronics,19088.54,10,190885.4
09-09-2025,Shoes,Fashion,2410.32,3,7230.96
26-01-2025,Headphones,Electronics,2713.28,2,5426.56
25-05-2025,T-Shirt,Fashion,740.01,8,5920.08
05-01-2025,Shoes,Fashion,2295.1,1,2295.1
10-09-2025,Shoes,Fashion,2420.96,5,12104.8
13-09-2025,Rice,Grocery,59.56,1,59.56
19-06-2025,Mouse,Electronics,748.1,3,2244.3
29-01-2025,T-Shirt,Fashion,844.1,2,1688.2
06-10-2025,Phone,Electronics,18726.41,5,93632.05
15-07-2025,Tablet,Electronics,22563.08,4,90252.32
17-07-2025,Bread,Grocery,43.8,4,175.2
18-01-2025,Shoes,Fashion,2480.42,2,4960.84
24-09-2025,Watch,Accessories,3837.48,8,30699.84
19-07-2025,Watch,Accessories,3822.85,6,22937.1
23-03-2025,Watch,Accessories,3659.77,9,32937.93
24-09-2025,Mouse,Electronics,665.46,5,3327.3
12-04-2025,Rice,,64.65,4,258.6
27-02-2025,Shoes,Fashion,2566.45,6,15398.7
08-01-2025,Keyboard,Electronics,1588.32,10,15883.2
03-03-2025,Milk,Grocery,58.18,1,58.18
22-01-2025,Bag,Accessories,1268.03,8,10144.24
19-12-2025,Bag,Accessories,1117.2,2,2234.4
08-05-2025,Keyboard,Electronics,1499.98,10,14999.8
23-06-2025,Speaker,Electronics,4922.69,1,4922.69
31-01-2025,Rice,Grocery,61.73,9,555.57
24-02-2025,Keyboard,Electronics,1496.35,6,8978.1
13-10-2025,Bread,Grocery,41.16,6,246.96
13-08-2025,Jeans,Fashion,1689.47,7,11826.29
03-07-2025,Jeans,Fashion,1668.5,1,1668.5
06-09-2025,Jeans,Fashion,1777.5,5,8887.5
05-10-2025,Jeans,Fashion,1796.43,10,17964.3
06-04-2025,Headphones,Electronics,2908.6,8,23268.8
21-05-2025,Tablet,Electronics,26656.75,9,239910.75
24-03-2025,Mouse,Electronics,704.36,8,5634.88
01-06-2025,Tablet,Electronics,23816.75,6,142900.5
21-08-2025,Laptop,Electronics,52759.18,9,474832.62
14-07-2025,Jeans,Fashion,1686.79,1,1686.79
14-11-2025,Tablet,Electronics,24320.38,10,243203.8
03-05-2025,Rice,Grocery,62.65,9,563.85
18-07-2025,Shoes,Fashion,2512.03,8,20096.24
10-10-2025,Keyboard,Electronics,1533.91,6,9203.46
29-07-2025,Watch,Accessories,3375.42,2,6750.84
25-09-2025,Watch,Accessories,3196.68,3,9590.04
02-04-2025,Tablet,Electronics,22656.37,2,45312.74
06-09-2025,Shoes,Fashion,2299.38,10,22993.8
25-11-2025,Tablet,Electronics,24442.99,8,195543.92
27-09-2025,Bag,Accessories,1248.32,5,6241.6
26-01-2025,Rice,Grocery,56.65,2,113.3
07-01-2025,Speaker,Electronics,4878.93,8,39031.44
10-02-2025,Phone,Electronics,21204.08,1,21204.08
04-07-2025,Headphones,Electronics,3146.09,7,22022.63
08-07-2025,Bread,Grocery,41.67,10,416.7
17-05-2025,Headphones,Electronics,2724.39,2,5448.78
05-06-2025,Mouse,Electronics,762.24,9,6860.16
19-02-2025,Mouse,Electronics,731.52,9,6583.68
17-07-2025,Shoes,Fashion,2346.56,4,9386.24
19-10-2025,Watch,Accessories,3813.25,,34319.25
13-10-2025,Milk,Grocery,57.71,10,577.1
03-07-2025,Watch,Accessories,3471.1,7,24297.7
23-02-2025,Keyboard,Electronics,1587.74,9,14289.66
25-07-2025,Headphones,Electronics,2902.51,3,8707.53
01-10-2025,Bag,Accessories,1186.32,6,7117.92
11-06-2025,Headphones,Electronics,3294.88,6,19769.28
10-07-2025,Milk,Grocery,57.91,7,405.37
15-06-2025,Bag,Accessories,1137.77,9,10239.93
20-04-2025,Milk,Grocery,57.92,5,289.6
04-07-2025,Phone,Electronics,19790,7,138530
01-01-2025,Jeans,Fashion,1632.48,5,8162.4
02-11-2025,Laptop,Electronics,50176.09,5,250880.45
04-01-2025,T-Shirt,Fashion,877.5,4,3510
11-06-2025,Laptop,Electronics,52715.23,5,263576.15
11-10-2025,Headphones,Electronics,3033.79,10,30337.9
21-03-2025,Mouse,Electronics,635.28,6,3811.68
21-03-2025,Keyboard,Electronics,1429.5,10,14295
08-05-2025,Shoes,Fashion,2378.12,5,11890.6
17-02-2025,Bag,Accessories,1175.95,4,
09-02-2025,Jeans,Fashion,1736.89,8,13895.12
30-03-2025,Phone,Electronics,21302.82,10,213028.2
18-02-2025,Bag,Accessories,1234.14,1,1234.14
23-10-2025,Milk,Grocery,50.36,1,50.36
21-06-2025,Rice,Grocery,64.56,7,451.92
02-08-2025,Speaker,Electronics,4831.05,4,19324.2
01-12-2025,Tablet,Electronics,25511.51,1,25511.51
21-11-2025,Bread,Grocery,41.06,1,41.06
06-06-2025,Headphones,Electronics,2724.71,9,24522.39
17-10-2025,Keyboard,Electronics,1448.05,4,5792.2
20-03-2025,Laptop,Electronics,51736.35,7,362154.45
17-08-2025,Bread,Grocery,40.76,9,366.84
16-02-2025,Shoes,Fashion,2465.97,7,17261.79
17-03-2025,Keyboard,Electronics,1450.85,8,11606.8
20-10-2025,Jeans,Fashion,1637.75,7,11464.25
15-05-2025,Mouse,Electronics,685.79,7,4800.53
24-12-2025,Keyboard,Electronics,1578.61,8,12628.88
14-10-2025,Shoes,Fashion,2493.93,10,24939.3
11-04-2025,Headphones,Electronics,3069.6,9,27626.4
07-05-2025,Shoes,Fashion,2285.82,7,16000.74
15-06-2025,Watch,Accessories,3796.9,2,7593.8
27-02-2025,Watch,Accessories,3439.51,6,20637.06
28-06-2025,Shoes,Fashion,2410.37,10,24103.7
02-12-2025,Laptop,Electronics,52696.81,3,158090.43
29-06-2025,Bag,Accessories,1277.18,8,10217.44
16-11-2025,Keyboard,Electronics,1482.14,4,5928.56
13-04-2025,Watch,Accessories,3411.67,2,6823.34
27-02-2025,Jeans,Fashion,1639.63,10,16396.3
17-03-2025,Tablet,Electronics,26662.22,5,133311.1
08-01-2025,Rice,Grocery,62.33,2,124.66
06-06-2025,Phone,Electronics,19884.76,6,119308.56
18-04-2025,Jeans,Fashion,1813.68,4,7254.72
07-10-2025,Headphones,Electronics,3150.21,9,
05-09-2025,Bag,Accessories,1255.18,3,3765.54
22-12-2025,Jeans,Fashion,1860.57,7,13023.99
26-10-2025,Speaker,Electronics,4647.18,,4647.18
11-05-2025,Keyboard,Electronics,1368.03,,5472.12
23-12-2025,Bag,Accessories,1145.11,8,9160.88
02-12-2025,Laptop,Electronics,45665.98,5,228329.9
06-12-2025,Tablet,Electronics,27064.34,6,162386.04
25-02-2025,Laptop,Electronics,47924.96,7,335474.72
29-04-2025,Milk,Grocery,55.09,2,110.18
11-06-2025,Phone,Electronics,21467.09,9,193203.81
15-02-2025,Keyboard,Electronics,1409.66,8,11277.28
15-10-2025,Speaker,Electronics,4691.22,1,4691.22
07-05-2025,Speaker,Electronics,4526.47,6,27158.82
08-09-2025,Milk,Grocery,57.69,,57.69
27-06-2025,Watch,Accessories,3396.34,5,16981.7
01-05-2025,Headphones,Electronics,2865.53,1,2865.53
17-11-2025,T-Shirt,Fashion,860.59,1,860.59
12-10-2025,T-Shirt,Fashion,756.09,6,4536.54
21-07-2025,Watch,Accessories,3246.08,7,22722.56
24-09-2025,,Accessories,3578.71,4,14314.84
02-08-2025,Shoes,Fashion,2536.45,7,17755.15
09-06-2025,Speaker,Electronics,4594.83,8,36758.64
05-10-2025,Keyboard,Electronics,1412.03,3,4236.09
25-10-2025,Headphones,Electronics,3110.43,4,12441.72
12-03-2025,T-Shirt,Fashion,830.17,9,7471.53
11-03-2025,Milk,Grocery,60.45,3,181.35
02-12-2025,Speaker,Electronics,4558.36,3,13675.08
12-06-2025,Mouse,Electronics,708.03,2,1416.06
05-04-2025,Rice,Grocery,64.07,3,192.21
16-01-2025,Bread,Grocery,38.55,7,269.85
30-07-2025,T-Shirt,Fashion,790.88,5,3954.4
19-03-2025,Bread,Grocery,37.5,3,112.5
05-04-2025,Laptop,Electronics,52624.47,10,526244.7
12-11-2025,T-Shirt,Fashion,816.9,10,8169
29-04-2025,Bag,Accessories,1135.72,1,1135.72
03-07-2025,Mouse,Electronics,726.34,8,5810.72
10-03-2025,Headphones,Electronics,3207.68,8,25661.44
31-12-2025,Watch,Accessories,3411.77,7,23882.39
09-09-2025,Phone,Electronics,18550.05,4,74200.2
26-04-2025,Laptop,Electronics,49085.89,1,49085.89
19-05-2025,Milk,Grocery,51.95,4,207.8
15-04-2025,Mouse,Electronics,654.79,8,5238.32
12-11-2025,Phone,Electronics,20751.45,8,166011.6
07-05-2025,Milk,Grocery,53.95,1,53.95
08-11-2025,Jeans,Fashion,1916.76,6,11500.56
21-07-2025,Bag,Accessories,1305.39,10,13053.9
01-11-2025,Headphones,Electronics,3015.14,1,3015.14
24-09-2025,Mouse,Electronics,693.23,1,693.23
06-05-2025,Headphones,Electronics,3022.72,1,3022.72
13-10-2025,Milk,Grocery,55.18,1,55.18
08-04-2025,T-Shirt,Fashion,790.33,5,3951.65
27-05-2025,Phone,Electronics,18665.95,5,93329.75
10-11-2025,Speaker,Electronics,4099.09,9,36891.81
14-03-2025,Phone,Electronics,21319.57,8,170556.56
16-02-2025,Jeans,Fashion,1800.24,3,5400.72
27-10-2025,Speaker,Electronics,4676.5,3,14029.5
21-07-2025,Milk,Grocery,53.06,1,53.06
02-04-2025,Phone,Electronics,20361.26,4,81445.04
21-08-2025,Mouse,Electronics,665.01,3,1995.03
05-03-2025,Mouse,Electronics,645.98,8,5167.84
21-11-2025,Rice,Grocery,55.02,7,385.14
19-09-2025,Bag,Accessories,1307.94,7,9155.58
09-10-2025,Milk,Grocery,49.98,3,149.94
21-06-2025,Bag,Accessories,1289.11,3,3867.33
25-03-2025,Tablet,Electronics,23223.04,1,23223.04
03-08-2025,T-Shirt,Fashion,769.52,8,6156.16
28-05-2025,Watch,Accessories,3276.49,3,9829.47
14-04-2025,Laptop,Electronics,51225.6,5,256128
07-01-2025,Phone,Electronics,19990.51,8,159924.08
06-10-2025,Bread,Grocery,36.05,8,288.4
02-05-2025,Shoes,Fashion,2544.43,8,20355.44
21-08-2025,Milk,Grocery,54.36,10,543.6
,Laptop,Electronics,47447.13,9,427024.17
23-05-2025,Bag,,1230.87,4,4923.48
26-01-2025,Keyboard,Electronics,1394.48,6,8366.88
19-01-2025,Keyboard,Electronics,1606.15,10,16061.5
05-11-2025,T-Shirt,Fashion,772.98,2,1545.96
26-01-2025,Mouse,Electronics,688.37,3,2065.11
24-03-2025,Watch,Accessories,3349.07,10,33490.7
21-10-2025,Bread,Grocery,40.5,8,324
24-10-2025,Rice,Grocery,65.18,2,130.36
03-06-2025,Rice,Grocery,58.42,7,408.94
04-02-2025,Bread,Grocery,39.42,9,354.78
03-02-2025,T-Shirt,Fashion,795.33,2,1590.66
22-12-2025,Tablet,Electronics,23872.09,9,214848.81
31-07-2025,Headphones,Electronics,2825.91,4,11303.64
10-11-2025,Laptop,Electronics,46093.02,9,414837.18
14-02-2025,Phone,Electronics,20896.3,10,208963
28-12-2025,T-Shirt,Fashion,788.33,6,4729.98
13-05-2025,Headphones,Electronics,3045.09,10,30450.9
01-07-2025,Speaker,Electronics,4166.74,10,41667.4
12-09-2025,Headphones,Electronics,,8,25100.08
10-09-2025,Bread,Grocery,37.44,10,374.4
30-04-2025,Jeans,Fashion,1724.58,4,6898.32
01-01-2025,Mouse,Electronics,633.36,2,1266.72
17-04-2025,Bread,Grocery,40.92,7,286.44
31-07-2025,Laptop,Electronics,48337.92,9,435041.28
23-11-2025,Shoes,Fashion,2255.65,4,9022.6
20-12-2025,T-Shirt,Fashion,760.71,2,1521.42
07-06-2025,T-Shirt,Fashion,801.07,6,4806.42
04-01-2025,Mouse,Electronics,726.02,6,4356.12
22-07-2025,Jeans,Fashion,1824.81,1,1824.81
31-03-2025,Shoes,Fashion,2415.26,6,14491.56
11-12-2025,Phone,Electronics,21664.65,1,21664.65
27-11-2025,Keyboard,Electronics,1494.45,8,11955.6
02-10-2025,Speaker,Electronics,4351.6,7,30461.2
29-01-2025,Tablet,Electronics,25105.37,10,251053.7
14-12-2025,Rice,Grocery,60.66,1,60.66
17-04-2025,Bag,Accessories,1244.52,6,7467.12
03-02-2025,Keyboard,Electronics,1434.14,1,1434.14
23-06-2025,Milk,Grocery,56.39,3,169.17
20-10-2025,Bag,Accessories,1173.5,10,11735
01-03-2025,Tablet,Electronics,26411.72,5,132058.6
28-12-2025,Tablet,Electronics,24072.5,1,24072.5
20-05-2025,Milk,Grocery,50.45,4,201.8
10-07-2025,Phone,Electronics,21317.83,5,106589.15
21-04-2025,Headphones,Electronics,2881.39,2,5762.78
11-07-2025,Bread,Grocery,36.3,4,145.2
17-02-2025,Phone,Electronics,20023.98,8,160191.84
14-09-2025,Keyboard,Electronics,1407.06,8,11256.48
26-09-2025,T-Shirt,Fashion,844.09,3,2532.27
20-02-2025,Tablet,Electronics,27411.37,9,246702.33
13-12-2025,Keyboard,Electronics,1411.56,1,1411.56
24-08-2025,Milk,Grocery,57.35,9,516.15
01-03-2025,Laptop,Electronics,48109.81,1,48109.81
18-12-2025,Tablet,Electronics,25471.44,2,50942.88
20-06-2025,Phone,Electronics,21556.74,2,43113.48
24-09-2025,Bread,Grocery,41.27,5,206.35
12-01-2025,Bag,Accessories,1262.04,4,5048.16
14-06-2025,Shoes,Fashion,2346.27,5,11731.35
30-09-2025,Rice,Grocery,63.27,2,126.54
20-05-2025,Keyboard,Electronics,1397.25,2,2794.5
08-01-2025,Bag,Accessories,1214.31,2,2428.62
16-04-2025,Headphones,Electronics,2910.19,6,17461.14
19-05-2025,Keyboard,Electronics,1632.98,5,8164.9
21-10-2025,Shoes,Fashion,2335.64,5,11678.2
10-11-2025,Speaker,Electronics,4354.87,8,34838.96
26-01-2025,Keyboard,Electronics,1358.7,1,1358.7
24-02-2025,Milk,Grocery,50.09,7,350.63
20-07-2025,Keyboard,Electronics,1561.4,10,15614
19-11-2025,Tablet,Electronics,25950.62,8,207604.96
12-11-2025,Rice,Grocery,57.75,4,231
10-12-2025,Bread,Grocery,40.27,8,322.16
18-10-2025,Keyboard,Electronics,1377.87,8,11022.96
19-02-2025,Phone,Electronics,19241.57,8,153932.56
29-08-2025,Shoes,Fashion,2723.72,3,8171.16
12-11-2025,T-Shirt,Fashion,866.06,7,6062.42
04-04-2025,Jeans,Fashion,1950.22,6,11701.32
16-06-2025,Phone,Electronics,19950.03,2,39900.06
01-09-2025,Mouse,Electronics,679.2,8,5433.6
29-03-2025,T-Shirt,Fashion,842.87,10,8428.7
22-10-2025,Keyboard,Electronics,1502.38,7,10516.66
24-02-2025,Rice,Grocery,60.67,2,121.34
04-06-2025,Headphones,Electronics,2976.58,10,29765.8
31-07-2025,Shoes,Fashion,2560.44,9,23043.96
23-03-2025,Phone,Electronics,19535.27,6,117211.62
17-04-2025,Tablet,Electronics,25970.3,7,181792.1
11-08-2025,Bag,Accessories,1268.96,9,11420.64
22-12-2025,Shoes,Fashion,2336.54,2,4673.08
31-12-2025,Bag,Accessories,1280.82,2,2561.64
31-10-2025,,Accessories,1191.1,9,10719.9
19-02-2025,Tablet,Electronics,24726.08,5,123630.4
27-07-2025,Mouse,Electronics,713.76,10,7137.6
14-07-2025,Rice,Grocery,59.93,1,59.93
16-02-2025,Shoes,Fashion,2658.52,10,26585.2
22-11-2025,Bread,Grocery,36,3,108
05-12-2025,Keyboard,Electronics,1485.89,5,7429.45
19-07-2025,Bag,Accessories,1218.7,4,4874.8
16-04-2025,Watch,Accessories,3764.2,5,18821
19-10-2025,Bread,Grocery,43.31,5,216.55
11-08-2025,Jeans,Fashion,1973.73,6,11842.38
15-02-2025,Bag,Accessories,1081.95,9,9737.55
26-07-2025,,Electronics,23137.78,5,115688.9
01-02-2025,Rice,Grocery,64.81,1,64.81
01-01-2025,Jeans,Fashion,1821.61,6,10929.66
26-02-2025,Tablet,Electronics,23911.05,1,23911.05
01-05-2025,Milk,Grocery,57.22,7,400.54
17-11-2025,Rice,Grocery,62.54,7,437.78
15-07-2025,Milk,Grocery,55.5,3,166.5
01-09-2025,Keyboard,Electronics,,7,9845.29
04-07-2025,Tablet,Electronics,24586.18,5,122930.9
10-12-2025,Keyboard,Electronics,1390.28,2,2780.56
28-11-2025,Laptop,Electronics,46439.96,8,371519.68
03-12-2025,Milk,Grocery,60.22,3,180.66
13-02-2025,Keyboard,Electronics,1542.67,7,10798.69
22-08-2025,,Electronics,4760.04,10,47600.4
06-08-2025,Bag,Accessories,1123.15,9,10108.35
06-08-2025,Headphones,Electronics,3192.04,7,22344.28
01-07-2025,Shoes,Fashion,2342.9,10,23429
04-01-2025,Bag,Accessories,1199.56,4,4798.24
31-12-2025,Headphones,Electronics,2861.55,9,25753.95
23-10-2025,Rice,Grocery,54.4,1,54.4
18-10-2025,Phone,Electronics,20819.53,2,41639.06
25-10-2025,Phone,Electronics,21846.95,2,43693.9
14-03-2025,Jeans,Fashion,1883.27,5,9416.35
27-08-2025,Headphones,Electronics,2746.94,10,
15-02-2025,Shoes,Fashion,2486.23,2,4972.46
17-12-2025,Watch,Accessories,3527.44,10,35274.4
09-06-2025,Bag,Accessories,1092.67,6,6556.02
01-10-2025,Bread,Grocery,36.09,,288.72
20-09-2025,Speaker,Electronics,4472.31,6,26833.86
04-08-2025,Rice,Grocery,65.53,5,327.65
29-05-2025,Keyboard,Electronics,1360.6,10,13606
05-06-2025,Jeans,Fashion,1902.61,5,9513.05
01-02-2025,Watch,Accessories,3481.21,3,10443.63
21-10-2025,Laptop,Electronics,51563.2,5,257816
16-11-2025,Laptop,Electronics,47868.16,2,95736.32
,Headphones,Electronics,2746.12,5,13730.6
10-05-2025,Keyboard,Electronics,1534.74,5,7673.7
12-05-2025,Laptop,Electronics,52414.29,10,524142.9
31-03-2025,Speaker,Electronics,4582.59,3,13747.77
04-12-2025,Phone,Electronics,19479.07,3,58437.21
14-05-2025,Bread,Grocery,41.61,8,332.88
03-04-2025,Bread,Grocery,40.22,1,40.22
25-06-2025,Mouse,Electronics,765.43,10,7654.3
20-03-2025,Tablet,Electronics,24979.74,7,174858.18
16-07-2025,Shoes,Fashion,2580.33,3,7740.99
18-04-2025,Bag,Accessories,1256.25,6,7537.5
28-01-2025,Watch,Accessories,3335.08,2,6670.16
27-01-2025,Keyboard,Electronics,1489.2,8,11913.6
04-06-2025,Phone,Electronics,20984.6,9,188861.4
30-04-2025,Milk,Grocery,57.02,7,399.14
31-08-2025,T-Shirt,Fashion,743.22,7,5202.54
07-01-2025,T-Shirt,Fashion,868.36,8,6946.88
15-07-2025,Watch,Accessories,3370.98,9,30338.82
16-12-2025,Laptop,Electronics,45973.64,9,413762.76
23-11-2025,Rice,Grocery,65.47,7,458.29
09-11-2025,Speaker,Electronics,4636.86,5,
21-06-2025,T-Shirt,Fashion,762.73,2,1525.46
11-05-2025,Watch,Accessories,3558.92,8,28471.36
12-12-2025,Jeans,Fashion,1707.05,10,17070.5
10-04-2025,Headphones,Electronics,2902.44,3,8707.32
10-06-2025,Headphones,Electronics,2706.35,1,2706.35
04-02-2025,Laptop,Electronics,49112.49,9,442012.41
23-02-2025,Watch,Accessories,3462.16,4,13848.64
,T-Shirt,Fashion,750.89,1,750.89
14-11-2025,Mouse,Electronics,637.96,10,6379.6
03-12-2025,Speaker,Electronics,4801.91,10,48019.1
23-11-2025,Mouse,Electronics,729.13,2,1458.26
14-02-2025,Tablet,Electronics,25523.43,7,178664.01
03-12-2025,Bread,,43.2,10,432
05-04-2025,Speaker,Electronics,4149.76,3,12449.28
10-05-2025,T-Shirt,Fashion,794.71,2,1589.42
24-11-2025,,Electronics,21690.78,5,108453.9
07-08-2025,Jeans,Fashion,1945.22,6,11671.32
12-05-2025,Keyboard,Electronics,1584.22,5,7921.1
01-02-2025,Milk,Grocery,53.77,1,53.77
13-05-2025,Tablet,Electronics,23823.32,8,190586.56
05-02-2025,Phone,Electronics,,4,87670.76
,Milk,Grocery,51.46,8,411.68
25-02-2025,Keyboard,Electronics,1512.19,7,10585.33
22-04-2025,Bag,Accessories,1234.4,8,9875.2
13-05-2025,Mouse,Electronics,634.88,2,1269.76
20-10-2025,Jeans,Fashion,1710.21,8,13681.68
10-01-2025,Speaker,Electronics,4497.93,1,4497.93
20-01-2025,Watch,Accessories,3423.34,3,10270.02
25-12-2025,Rice,Grocery,64.86,10,648.6
02-01-2025,Headphones,Electronics,3124.56,8,24996.48
02-09-2025,Milk,Grocery,53.94,2,107.88
04-10-2025,Shoes,Fashion,2251.65,8,18013.2
04-03-2025,Bag,Accessories,1208.47,6,7250.82
20-06-2025,Watch,Accessories,3361.98,1,3361.98
20-11-2025,Watch,Accessories,3213.47,9,28921.23
24-06-2025,Mouse,Electronics,747.77,5,3738.85
28-11-2025,Shoes,Fashion,2338.31,1,2338.31
16-07-2025,Watch,Accessories,3283.7,7,22985.9
24-02-2025,Watch,Accessories,3632.19,8,29057.52
13-02-2025,Speaker,Electronics,4619.51,4,18478.04
13-03-2025,Laptop,Electronics,46930.93,10,469309.3
03-05-2025,Phone,Electronics,19555.07,9,175995.63
26-11-2025,T-Shirt,Fashion,799.95,8,6399.6
09-01-2025,Laptop,Electronics,48392.85,6,290357.1
,Milk,Grocery,50.8,9,457.2
23-08-2025,Watch,Accessories,3759.14,9,33832.26
18-03-2025,Jeans,Fashion,1828.56,2,3657.12
19-01-2025,Jeans,Fashion,1670.97,1,1670.97
30-08-2025,Speaker,Electronics,4876.22,1,4876.22
05-05-2025,Jeans,Fashion,1853.56,1,1853.56
30-03-2025,Watch,Accessories,3184.97,5,15924.85
19-02-2025,Phone,Electronics,20444.9,10,204449
02-02-2025,Tablet,Electronics,26587.35,2,53174.7
12-09-2025,Bag,Accessories,1271.8,4,5087.2
02-02-2025,Bread,Grocery,37.62,6,225.72
14-12-2025,Milk,Grocery,53.07,10,530.7
07-10-2025,Keyboard,Electronics,,4,5785.92
24-01-2025,Bag,Accessories,1121.63,2,2243.26
03-03-2025,T-Shirt,Fashion,742.6,7,5198.2
28-03-2025,Jeans,Fashion,1753.17,3,5259.51
13-08-2025,Shoes,Fashion,2712.84,1,2712.84
10-03-2025,Mouse,Electronics,740.75,10,7407.5
12-07-2025,Bread,Grocery,37.26,8,298.08
11-02-2025,Laptop,Electronics,45072.24,2,90144.48
28-12-2025,Watch,Accessories,3565.61,5,17828.05
02-08-2025,Jeans,Fashion,1910.67,8,15285.36
21-12-2025,Keyboard,Electronics,1411.85,5,7059.25
25-09-2025,Phone,Electronics,19648.13,3,58944.39
09-11-2025,Jeans,Fashion,1633.54,3,4900.62
13-09-2025,Bag,Accessories,1308.07,5,6540.35
28-06-2025,Milk,Grocery,49.55,4,198.2
09-04-2025,Mouse,Electronics,768.12,2,1536.24
13-11-2025,Rice,Grocery,64.35,9,579.15
17-09-2025,Shoes,Fashion,2482.11,4,9928.44
22-05-2025,Laptop,Electronics,46937.19,3,140811.57
17-12-2025,Tablet,Electronics,27342.87,8,218742.96
12-09-2025,Keyboard,Electronics,1397.93,1,1397.93
28-01-2025,Watch,Accessories,3404.94,4,13619.76
11-08-2025,T-Shirt,Fashion,773.49,8,6187.92
23-01-2025,Mouse,Electronics,733.66,9,6602.94
01-04-2025,Keyboard,Electronics,1585.65,8,12685.2
21-09-2025,Mouse,Electronics,639.92,4,2559.68
16-08-2025,,Accessories,1219.14,7,8533.98
12-04-2025,Jeans,Fashion,1863.67,6,11182.02
28-04-2025,Bread,Grocery,36.88,4,147.52
20-02-2025,Shoes,Fashion,2618.87,4,10475.48
12-07-2025,Speaker,Electronics,4248.6,8,33988.8
27-10-2025,Phone,Electronics,18217.36,7,127521.52
16-03-2025,Shoes,Fashion,2713.94,8,21711.52
02-04-2025,Milk,Grocery,53.61,8,428.88
10-04-2025,Watch,Accessories,3401.01,5,17005.05
14-04-2025,Rice,Grocery,,10,555.3
31-01-2025,,Fashion,741.84,8,5934.72
23-08-2025,Milk,Grocery,51.38,6,308.28
23-04-2025,Speaker,Electronics,4315.65,3,12946.95
23-11-2025,Bag,Accessories,1297.34,10,12973.4
11-10-2025,Tablet,Electronics,23648.51,7,165539.57
25-09-2025,Phone,Electronics,21448.8,4,85795.2
30-10-2025,Phone,Electronics,21347.96,5,106739.8
08-01-2025,Jeans,Fashion,1774.12,4,7096.48
07-05-2025,Rice,Grocery,59.21,4,236.84
30-10-2025,Keyboard,Electronics,,1,1624.13
02-08-2025,Laptop,Electronics,45400.59,8,363204.72
16-09-2025,Laptop,Electronics,49256.98,7,344798.86
03-09-2025,Bread,Grocery,42.38,2,84.76
20-08-2025,Phone,Electronics,18962.05,9,170658.45
07-01-2025,Jeans,Fashion,1883.44,4,7533.76
09-03-2025,Rice,Grocery,57.55,2,115.1
09-01-2025,Phone,Electronics,20676.14,3,62028.42
27-12-2025,Phone,Electronics,21431.69,10,214316.9
13-01-2025,Phone,Electronics,19855.04,3,59565.12
27-12-2025,Milk,Grocery,51.53,6,309.18
17-11-2025,Phone,Electronics,20815.61,1,20815.61
18-11-2025,Mouse,Electronics,683.88,6,4103.28
29-09-2025,Laptop,Electronics,47965.9,5,239829.5
24-12-2025,Bag,Accessories,1210.18,4,4840.72
17-12-2025,Mouse,Electronics,716.86,6,4301.16
29-01-2025,Headphones,Electronics,3267.19,6,19603.14
27-01-2025,Mouse,Electronics,683.61,8,5468.88
13-11-2025,Laptop,Electronics,48655.71,3,145967.13
28-11-2025,Headphones,Electronics,3122.92,9,28106.28
,Bread,Grocery,37.64,6,225.84
03-05-2025,Headphones,Electronics,2768.13,8,22145.04
25-10-2025,,Electronics,27295.52,4,109182.08
26-04-2025,Rice,Grocery,58.23,5,291.15
15-09-2025,Watch,Accessories,3446.05,1,3446.05
02-02-2025,Rice,Grocery,58.14,8,465.12
14-09-2025,Headphones,Electronics,3197.74,8,25581.92
30-12-2025,Headphones,Electronics,3106.98,9,27962.82
30-05-2025,Phone,Electronics,20483.81,2,40967.62
07-04-2025,Speaker,Electronics,4845.58,2,9691.16
11-02-2025,Milk,Grocery,59.38,5,296.9
09-02-2025,Mouse,Electronics,653.07,2,1306.14
23-12-2025,Keyboard,Electronics,1498.9,4,5995.6
24-09-2025,Watch,Accessories,3165.88,7,22161.16
16-12-2025,Headphones,Electronics,3259.03,8,26072.24
27-06-2025,Milk,Grocery,54.38,1,54.38
30-05-2025,Shoes,Fashion,2281.47,4,9125.88
24-09-2025,Watch,Accessories,3385.11,10,33851.1
25-06-2025,Watch,Accessories,3602.24,6,21613.44
06-09-2025,Bag,Accessories,1239.81,9,11158.29
08-10-2025,Phone,Electronics,19832.03,10,198320.3
09-03-2025,Speaker,Electronics,4760.41,3,
14-05-2025,Shoes,Fashion,2492.12,5,12460.6
25-01-2025,Keyboard,Electronics,1455.94,8,11647.52
27-03-2025,Bag,Accessories,1301.79,9,11716.11
27-05-2025,Keyboard,Electronics,1641.96,3,4925.88
24-03-2025,Shoes,Fashion,2308.46,6,13850.76
22-10-2025,Keyboard,Electronics,1482.27,6,8893.62
05-04-2025,Shoes,Fashion,2531.24,1,2531.24
07-12-2025,Rice,Grocery,65.74,3,197.22
10-07-2025,Phone,Electronics,20159.47,3,60478.41
01-10-2025,T-Shirt,Fashion,739.44,,739.44
27-07-2025,Speaker,Electronics,4499.48,3,13498.44
23-08-2025,Speaker,Electronics,4338.2,1,4338.2
07-10-2025,Headphones,Electronics,2898.77,5,14493.85
31-08-2025,Speaker,Electronics,4310.84,10,43108.4
08-12-2025,Keyboard,Electronics,1589.87,8,12718.96
23-06-2025,Jeans,Fashion,1660.43,8,13283.44
21-01-2025,Keyboard,Electronics,1553.4,2,3106.8
07-06-2025,Laptop,Electronics,49016.3,4,196065.2
17-08-2025,Rice,Grocery,55.11,1,55.11
08-11-2025,Watch,Accessories,3286.6,9,29579.4
24-04-2025,Bread,Grocery,43.49,5,217.45
11-04-2025,Laptop,Electronics,45835.9,8,366687.2
13-12-2025,Watch,Accessories,3820.34,,34383.06
21-07-2025,Shoes,Fashion,2495.23,10,24952.3
06-11-2025,Headphones,Electronics,3266.04,6,19596.24
23-07-2025,Keyboard,Electronics,1564.79,7,10953.53
09-07-2025,Milk,Grocery,53.6,5,268
26-06-2025,Rice,Grocery,57.7,8,461.6
15-10-2025,Mouse,Electronics,660.2,8,5281.6
01-08-2025,Bread,Grocery,39.54,3,118.62
06-08-2025,Jeans,Fashion,1942.71,3,5828.13
28-10-2025,Bag,Accessories,1100.66,4,4402.64
05-06-2025,Phone,Electronics,21953.53,9,197581.77
21-06-2025,Mouse,Electronics,760.64,10,7606.4
12-07-2025,Mouse,Electronics,,5,3154.65
01-08-2025,Keyboard,Electronics,1516.74,10,15167.4
12-03-2025,Shoes,Fashion,2343,7,16401
29-05-2025,Headphones,Electronics,2994.35,5,14971.75
27-10-2025,T-Shirt,Fashion,799.06,8,6392.48
25-04-2025,Laptop,Electronics,52912.2,3,158736.6
15-05-2025,T-Shirt,Fashion,872.96,8,6983.68
05-03-2025,Watch,Accessories,3616.14,5,18080.7
02-08-2025,Keyboard,Electronics,1497.57,4,5990.28
15-01-2025,Mouse,Electronics,737.06,8,5896.48
04-02-2025,Bag,Accessories,1258.94,10,12589.4
04-09-2025,Bag,Accessories,1184.66,5,5923.3
18-11-2025,Watch,Accessories,,2,6966.46
11-07-2025,Headphones,Electronics,3139.77,1,3139.77
13-05-2025,Keyboard,Electronics,1524.5,3,4573.5
13-06-2025,Phone,Electronics,21513.27,3,64539.81
02-07-2025,Keyboard,Electronics,1365.87,6,8195.22
03-08-2025,Watch,Accessories,3788.47,6,22730.82
25-01-2025,T-Shirt,Fashion,766.67,2,1533.34
21-09-2025,Shoes,Fashion,2633.22,3,7899.66
18-02-2025,Bag,Accessories,1260.63,9,11345.67
15-06-2025,Tablet,Electronics,24081.05,5,120405.25
19-05-2025,Watch,Accessories,3638.58,6,21831.48
19-02-2025,Headphones,Electronics,3048.03,3,9144.09
07-01-2025,Keyboard,Electronics,1505.45,6,9032.7
06-09-2025,Milk,Grocery,53.24,3,159.72
22-02-2025,Shoes,Fashion,2327.28,4,9309.12
07-04-2025,Bread,Grocery,43.18,10,431.8
20-12-2025,Tablet,Electronics,27262.48,9,245362.32
31-12-2025,Headphones,Electronics,3121.36,,6242.72
02-08-2025,Phone,Electronics,21664.12,2,43328.24
09-03-2025,Speaker,Electronics,4065.64,6,24393.84
09-06-2025,Jeans,Fashion,1750.52,8,14004.16
02-11-2025,Headphones,Electronics,3158.15,6,18948.9
30-03-2025,Jeans,Fashion,1729.69,2,3459.38
24-04-2025,Keyboard,Electronics,1607.04,3,4821.12
19-12-2025,Shoes,Fashion,2403.71,4,9614.84
08-03-2025,Mouse,Electronics,689.47,2,1378.94
09-02-2025,Laptop,Electronics,52746.92,7,369228.44
22-01-2025,Shoes,Fashion,2303.91,9,20735.19
31-10-2025,Laptop,Electronics,49690.82,5,248454.1
23-01-2025,Mouse,Electronics,672.23,1,672.23
19-02-2025,Bread,Grocery,36.99,10,369.9
16-04-2025,Bag,Accessories,1296.28,3,3888.84
10-12-2025,,Grocery,54.35,3,163.05
,Bag,Accessories,1163.48,3,3490.44
14-09-2025,Bread,Grocery,41.83,4,167.32
16-09-2025,Bag,Accessories,1096.4,10,10964
08-01-2025,Headphones,Electronics,2830.2,4,11320.8
25-05-2025,Keyboard,Electronics,1620.5,9,14584.5
03-01-2025,Jeans,Fashion,1655.53,4,6622.12
16-09-2025,Tablet,Electronics,26038.78,6,156232.68
24-12-2025,Bag,Accessories,1124.43,2,2248.86
03-04-2025,Tablet,Electronics,24274.11,7,169918.77
06-08-2025,Shoes,Fashion,2507.13,7,17549.91
27-02-2025,Bread,Grocery,43.88,2,
27-08-2025,Mouse,Electronics,702.76,8,5622.08
04-07-2025,Jeans,Fashion,1723.78,1,1723.78
12-02-2025,Rice,Grocery,59.92,7,419.44
26-05-2025,,Electronics,20401.56,5,102007.8
18-12-2025,Tablet,Electronics,24719.78,9,222478.02
28-07-2025,T-Shirt,Fashion,877.59,7,6143.13
07-04-2025,Tablet,Electronics,22848.05,8,182784.4
14-12-2025,Rice,Grocery,56.15,8,449.2
11-12-2025,Mouse,Electronics,685.49,9,6169.41
04-12-2025,Watch,Accessories,3209.5,3,9628.5
22-07-2025,Milk,Grocery,57.15,2,114.3
28-03-2025,Mouse,Electronics,680.92,4,2723.68
23-06-2025,Shoes,Fashion,2547.48,7,17832.36
04-03-2025,Shoes,Fashion,,8,21352.4
23-05-2025,Bread,Grocery,41.71,10,417.1
31-10-2025,T-Shirt,Fashion,841.01,7,5887.07
02-07-2025,Phone,Electronics,20666.71,7,144666.97
06-09-2025,Headphones,Electronics,2867.33,8,22938.64
25-02-2025,Mouse,Electronics,665.1,8,5320.8
29-04-2025,Watch,Accessories,3809.68,,3809.68
20-02-2025,Jeans,Fashion,1639.03,2,3278.06
13-09-2025,Watch,Accessories,3168.72,3,9506.16
15-07-2025,Bag,Accessories,1243.01,3,3729.03
05-06-2025,Bag,Accessories,1229.58,2,2459.16
05-12-2025,Bread,Grocery,40.16,8,321.28
27-08-2025,Shoes,Fashion,2396.78,8,19174.24
09-09-2025,Headphones,Electronics,2857,6,17142
04-10-2025,Headphones,Electronics,2710.6,1,2710.6
09-08-2025,Speaker,Electronics,4873.45,7,34114.15
19-08-2025,Rice,Grocery,64.23,,513.84
24-08-2025,Laptop,Electronics,45328.6,9,407957.4
04-12-2025,Tablet,Electronics,26396.91,3,79190.73
09-09-2025,Milk,Grocery,50.98,7,356.86
07-09-2025,Bread,Grocery,36.88,8,295.04
04-12-2025,Headphones,Electronics,3111.22,10,31112.2
29-08-2025,Phone,Electronics,20249.02,3,60747.06
17-09-2025,Laptop,Electronics,48913.85,8,391310.8
30-10-2025,Milk,Grocery,56.29,6,337.74
26-05-2025,Rice,Grocery,54.74,10,547.4
24-01-2025,Keyboard,Electronics,1601.08,6,9606.48
26-10-2025,Laptop,Electronics,52651.94,6,315911.64
14-07-2025,Mouse,Electronics,689.94,6,4139.64
30-07-2025,Rice,,54.68,4,218.72
07-05-2025,Shoes,Fashion,2574.04,10,25740.4
13-02-2025,Speaker,Electronics,4669.19,5,23345.95
28-02-2025,Rice,Grocery,56.04,9,504.36
16-06-2025,Laptop,Electronics,49609.09,7,347263.63
18-10-2025,Headphones,Electronics,3240.85,5,16204.25
11-01-2025,Jeans,Fashion,1789.09,1,1789.09
12-06-2025,Milk,Grocery,55.77,6,334.62
21-10-2025,Mouse,Electronics,743.17,2,1486.34
20-12-2025,Watch,Accessories,3294.14,8,26353.12
15-09-2025,Bread,Grocery,42.12,6,252.72
27-03-2025,Bag,Accessories,1151.89,7,8063.23
14-04-2025,Phone,Electronics,20541.78,2,41083.56
02-10-2025,Shoes,Fashion,2393.68,1,2393.68
02-06-2025,Bag,Accessories,1176.49,4,4705.96
16-11-2025,Jeans,Fashion,1964.86,10,19648.6
18-02-2025,Bag,Accessories,1160.84,2,2321.68
18-10-2025,Bread,Grocery,40.25,7,281.75
18-04-2025,Rice,Grocery,63.55,5,317.75
16-09-2025,Bread,Grocery,38.4,9,345.6
10-06-2025,Shoes,Fashion,2457.16,5,12285.8
16-11-2025,Headphones,Electronics,2971.94,9,26747.46
03-04-2025,Speaker,Electronics,4066.74,9,36600.66
06-04-2025,Bag,Accessories,1199.81,8,9598.48
18-05-2025,Speaker,Electronics,4624.13,10,46241.3
11-08-2025,Speaker,Electronics,4559.5,1,4559.5
25-09-2025,Shoes,Fashion,2432.14,3,7296.42
04-05-2025,Keyboard,Electronics,1573.93,5,7869.65
11-08-2025,Milk,Grocery,53.01,2,106.02
21-11-2025,Shoes,Fashion,2672.98,5,13364.9
27-05-2025,Watch,Accessories,3262.41,10,32624.1
01-05-2025,Milk,Grocery,52.12,3,156.36
09-04-2025,Laptop,Electronics,47455.87,5,237279.35
26-08-2025,Phone,Electronics,20239.3,7,141675.1
05-08-2025,Watch,Accessories,3783.96,4,15135.84
23-03-2025,T-Shirt,Fashion,741.83,5,3709.15
23-05-2025,Watch,Accessories,3535.49,1,3535.49
06-09-2025,Bread,Grocery,36.16,2,72.32
10-06-2025,Bag,Accessories,1151.52,2,2303.04
28-07-2025,Speaker,Electronics,4377.09,2,8754.18
23-07-2025,Tablet,Electronics,26121.17,3,78363.51
01-05-2025,Mouse,Electronics,709.94,9,6389.46
03-03-2025,Headphones,Electronics,3098.53,10,30985.3
26-09-2025,T-Shirt,Fashion,799.43,2,1598.86
02-05-2025,Bag,Accessories,1109.35,6,6656.1
18-06-2025,Tablet,Electronics,25421.63,7,177951.41
01-05-2025,Speaker,Electronics,4430.58,3,13291.74
24-02-2025,Keyboard,Electronics,1414.23,5,7071.15
14-08-2025,Milk,Grocery,52.3,10,523
29-01-2025,Phone,Electronics,20133.88,2,40267.76
12-06-2025,Headphones,Electronics,2954.27,4,11817.08
23-05-2025,Speaker,Electronics,4755.85,3,14267.55
05-07-2025,Phone,Electronics,20862.68,5,104313.4
11-01-2025,Watch,Accessories,3826.76,10,38267.6
18-01-2025,Tablet,Electronics,26197.25,1,26197.25
20-12-2025,Speaker,Electronics,4759.92,4,19039.68
10-05-2025,Headphones,Electronics,2930.81,6,17584.86
17-12-2025,Mouse,Electronics,704.89,4,2819.56
15-08-2025,Milk,Grocery,49.59,7,347.13
11-05-2025,T-Shirt,Fashion,734.44,4,2937.76
02-06-2025,Shoes,Fashion,2679.71,3,8039.13
13-08-2025,Watch,Accessories,3372.03,7,23604.21
18-01-2025,T-Shirt,Fashion,858.63,8,6869.04
30-08-2025,Jeans,Fashion,1768.67,6,10612.02
05-08-2025,Speaker,Electronics,4876.69,2,9753.38
24-03-2025,Jeans,Fashion,1713.95,2,3427.9
30-06-2025,Milk,Grocery,56.12,9,505.08
17-06-2025,Phone,Electronics,20780.84,1,20780.84
25-11-2025,Watch,Accessories,3278.62,8,26228.96
25-11-2025,Keyboard,Electronics,1350.92,4,5403.68
18-11-2025,T-Shirt,Fashion,770.2,2,1540.4
26-02-2025,Keyboard,Electronics,1424.88,3,4274.64
01-11-2025,Watch,Accessories,3437.22,6,20623.32
20-08-2025,Phone,Electronics,21494.02,3,64482.06
14-05-2025,Keyboard,Electronics,1556.24,6,9337.44
25-05-2025,Shoes,Fashion,2292.2,6,13753.2
04-04-2025,Milk,Grocery,59.14,10,591.4
25-04-2025,Laptop,Electronics,54481.09,9,490329.81
28-11-2025,Bag,Accessories,1230.39,2,2460.78
25-08-2025,Shoes,Fashion,2380.89,3,7142.67
26-01-2025,Milk,Grocery,56.3,10,563
14-05-2025,Keyboard,Electronics,1376.72,6,8260.32
29-03-2025,Bag,Accessories,1108.16,9,9973.44
11-08-2025,Bread,Grocery,43.36,8,346.88
11-12-2025,Phone,Electronics,18474.05,4,73896.2
08-04-2025,Tablet,Electronics,26567.06,5,132835.3
28-05-2025,Jeans,Fashion,1797.9,3,5393.7
09-08-2025,Tablet,Electronics,23533.03,4,94132.12
25-05-2025,Jeans,Fashion,1863.79,7,13046.53
03-04-2025,Milk,Grocery,58.22,1,58.22
29-05-2025,T-Shirt,Fashion,757.68,8,6061.44
08-05-2025,Rice,Grocery,60.99,8,487.92
13-02-2025,Laptop,Electronics,49688.82,6,298132.92
21-12-2025,Milk,,57.06,7,399.42
29-12-2025,Milk,Grocery,57.6,5,288
07-02-2025,Mouse,Electronics,707.98,1,707.98
20-06-2025,Speaker,Electronics,4261.36,6,25568.16
07-11-2025,Watch,Accessories,3827.05,10,38270.5
30-12-2025,Jeans,,1911.55,1,1911.55
10-05-2025,Headphones,Electronics,3071.79,5,15358.95
22-07-2025,Watch,Accessories,3409.63,9,30686.67
22-01-2025,Bag,Accessories,1123.05,3,3369.15
15-09-2025,Phone,Electronics,21721.31,8,173770.48
09-03-2025,Mouse,Electronics,674.42,9,6069.78
10-08-2025,Keyboard,Electronics,1428.12,6,8568.72
23-01-2025,Keyboard,Electronics,1499.76,5,7498.8
04-07-2025,Speaker,Electronics,4437.08,5,22185.4
,Tablet,Electronics,26307.82,5,131539.1
22-09-2025,Rice,Grocery,59.23,3,177.69
11-06-2025,Jeans,Fashion,1978.04,3,5934.12
12-10-2025,,Electronics,27114.26,8,216914.08
28-01-2025,Shoes,Fashion,2324.31,4,9297.24
04-04-2025,Laptop,Electronics,,3,149107.44
28-12-2025,Phone,Electronics,19745.72,8,
21-01-2025,Phone,Electronics,19426.08,9,174834.72
06-09-2025,Phone,Electronics,19971.95,3,59915.85
05-03-2025,Rice,Grocery,55.12,5,275.6
03-04-2025,Tablet,Electronics,23341.48,9,210073.32
20-05-2025,Bag,Accessories,1293.81,10,12938.1
19-04-2025,Bag,Accessories,1319.52,1,1319.52
27-09-2025,Bread,Grocery,40.57,7,283.99
09-02-2025,Shoes,Fashion,2634.13,2,5268.26
18-06-2025,Laptop,Electronics,47842.81,2,95685.62
21-07-2025,Rice,Grocery,61.08,2,122.16
15-06-2025,Keyboard,Electronics,1358.66,8,10869.28
29-12-2025,Watch,Accessories,3485.9,5,17429.5
01-11-2025,Watch,,3154.06,1,3154.06
02-12-2025,Bag,Accessories,1308.22,6,7849.32
19-10-2025,,Electronics,1413.41,1,1413.41
26-11-2025,T-Shirt,Fashion,771.71,1,771.71
06-02-2025,Headphones,Electronics,3271.14,7,22897.98
17-02-2025,Milk,Grocery,52.31,4,209.24
24-07-2025,Mouse,Electronics,632.87,4,2531.48
25-03-2025,Milk,Grocery,58.07,5,290.35
28-11-2025,,Grocery,43.64,3,130.92
03-03-2025,T-Shirt,Fashion,798.54,7,5589.78
08-06-2025,Speaker,Electronics,4666.47,3,13999.41
03-07-2025,Watch,Accessories,3217.28,6,19303.68
20-09-2025,Shoes,Fashion,2494.81,7,17463.67
01-09-2025,T-Shirt,Fashion,810.09,7,5670.63
16-02-2025,Bread,Grocery,39.38,6,236.28
11-11-2025,Keyboard,Electronics,1480.23,7,10361.61
17-02-2025,Laptop,Electronics,50133.41,8,401067.28
13-12-2025,Shoes,Fashion,2573.81,3,7721.43
11-09-2025,Headphones,Electronics,3077.74,9,27699.66
12-02-2025,T-Shirt,Fashion,794.92,2,1589.84
02-09-2025,T-Shirt,Fashion,743.78,3,2231.34
17-12-2025,Speaker,Electronics,4320.37,4,17281.48
25-09-2025,Milk,Grocery,52.75,1,52.75
10-10-2025,Mouse,Electronics,758.42,9,6825.78
25-02-2025,Headphones,Electronics,2954.95,2,5909.9
26-08-2025,Watch,Accessories,3654.22,5,18271.1
01-07-2025,,Fashion,813.69,9,7323.21
09-01-2025,Mouse,Electronics,733.67,8,5869.36
02-04-2025,Bread,Grocery,37.46,7,262.22
24-01-2025,Mouse,Electronics,688.28,5,3441.4
10-06-2025,Bag,Accessories,1253.78,8,10030.24
16-11-2025,Bread,Grocery,38.12,3,114.36
19-04-2025,Keyboard,Electronics,1373.47,10,13734.7
13-05-2025,Tablet,Electronics,25867.04,7,181069.28
01-10-2025,Laptop,Electronics,45058.47,2,90116.94
07-01-2025,Keyboard,Electronics,1546.74,8,12373.92
21-12-2025,Milk,Grocery,59.06,10,590.6
07-09-2025,T-Shirt,Fashion,818.96,10,8189.6
04-07-2025,Jeans,Fashion,1862.57,7,13037.99
04-06-2025,Mouse,Electronics,647.51,1,647.51
08-04-2025,Mouse,Electronics,744.24,4,2976.96
14-01-2025,Shoes,Fashion,2490.56,3,7471.68
29-11-2025,Shoes,Fashion,2467.89,9,22211.01
08-04-2025,Mouse,Electronics,672.13,8,5377.04
17-03-2025,Phone,Electronics,19687.52,2,39375.04
27-03-2025,Speaker,Electronics,4187.18,8,33497.44
06-09-2025,Phone,Electronics,18078.51,8,144628.08
27-10-2025,Shoes,Fashion,2350.67,10,23506.7
20-07-2025,Laptop,Electronics,48338.5,2,96677
19-11-2025,Tablet,Electronics,26065.46,7,182458.22
11-09-2025,Jeans,Fashion,1828.32,9,16454.88
29-05-2025,Laptop,Electronics,49874.97,8,398999.76
20-09-2025,Bag,Accessories,1253.91,8,10031.28
29-04-2025,Jeans,Fashion,1641.85,1,1641.85
05-08-2025,Bag,Accessories,1155.8,2,2311.6
18-05-2025,Speaker,Electronics,4633.47,8,37067.76
01-03-2025,Phone,Electronics,20490.79,6,122944.74
18-08-2025,Jeans,Fashion,1777.04,3,5331.12
28-05-2025,Jeans,Fashion,1689.19,6,10135.14
13-08-2025,Shoes,Fashion,2503.82,10,25038.2
17-12-2025,Rice,Grocery,65.06,8,520.48
09-03-2025,Speaker,Electronics,4314.05,7,30198.35
02-08-2025,Tablet,Electronics,27205.98,6,163235.88
30-08-2025,Bread,Grocery,43.77,3,131.31
15-11-2025,Shoes,Fashion,2391.23,2,4782.46
08-12-2025,Phone,Electronics,18516.39,4,74065.56
22-03-2025,Bag,Accessories,1198.12,7,8386.84
10-09-2025,T-Shirt,Fashion,757.56,9,6818.04
,Laptop,Electronics,48587.87,5,242939.35
02-07-2025,Watch,Accessories,3261.02,9,29349.18
17-01-2025,Bread,Grocery,36.51,7,255.57
28-02-2025,Bag,Accessories,1134.41,9,10209.69
25-04-2025,Phone,Electronics,19031.29,6,114187.74
01-07-2025,Bread,Grocery,36.37,9,327.33
17-05-2025,Speaker,Electronics,4186.06,9,37674.54
06-11-2025,Watch,Accessories,3222.9,1,3222.9
13-08-2025,Bread,Grocery,39.66,2,79.32
24-02-2025,Bread,Grocery,40.88,2,81.76
15-10-2025,Laptop,Electronics,50073.06,3,150219.18
19-11-2025,Mouse,Electronics,751.92,6,4511.52
22-03-2025,Jeans,Fashion,1725.16,8,13801.28
17-09-2025,Phone,Electronics,20930.21,2,41860.42
20-03-2025,Watch,Accessories,3404.62,3,10213.86
04-03-2025,Tablet,Electronics,23509.45,7,164566.15
04-01-2025,Shoes,Fashion,2667.41,8,21339.28
24-06-2025,T-Shirt,Fashion,800.8,2,1601.6
17-05-2025,Rice,Grocery,62.58,7,438.06
04-07-2025,Watch,Accessories,3615.5,3,10846.5
29-09-2025,Milk,Grocery,58.16,3,174.48
08-08-2025,Milk,Grocery,59.6,8,476.8
22-09-2025,Bread,Grocery,41.46,1,41.46
,Keyboard,Electronics,1581.05,9,14229.45
05-02-2025,,Electronics,677.36,7,4741.52
,Milk,Grocery,50.18,1,50.18
05-12-2025,Speaker,Electronics,4627.32,10,46273.2
30-01-2025,Watch,Accessories,3836.03,9,34524.27
01-06-2025,Milk,Grocery,53.92,,485.28
05-06-2025,Jeans,Fashion,1887.37,6,11324.22
05-01-2025,Tablet,Electronics,23898.9,9,215090.1
09-11-2025,Speaker,Electronics,4182.18,7,29275.26
17-08-2025,Watch,Accessories,3293.59,9,29642.31
16-11-2025,Bread,Grocery,40.95,8,327.6
24-12-2025,Rice,Grocery,64.65,7,452.55
12-04-2025,Speaker,Electronics,4321.38,1,4321.38
03-10-2025,Rice,Grocery,58.68,3,176.04
24-09-2025,Headphones,Electronics,2870.36,2,5740.72
19-09-2025,Headphones,Electronics,2887.35,6,17324.1
22-11-2025,Keyboard,Electronics,1357.03,9,12213.27
31-10-2025,T-Shirt,Fashion,758.61,5,3793.05
05-08-2025,Headphones,Electronics,2766.27,1,2766.27
10-07-2025,T-Shirt,Fashion,820.32,6,4921.92
05-03-2025,Laptop,Electronics,52565.6,2,105131.2
18-08-2025,T-Shirt,Fashion,811.59,1,811.59
21-08-2025,Rice,Grocery,65.8,10,658
17-10-2025,Jeans,Fashion,1941.96,9,17477.64
01-11-2025,Shoes,Fashion,2425.17,5,12125.85
08-12-2025,Bread,Grocery,42.52,10,425.2
11-12-2025,Keyboard,Electronics,1564.31,9,14078.79
07-05-2025,Mouse,Electronics,675.9,10,6759
09-04-2025,Tablet,Electronics,26392.75,8,211142
20-02-2025,Keyboard,Electronics,1563.49,7,10944.43
11-02-2025,Mouse,Electronics,638.71,3,1916.13
01-09-2025,Shoes,Fashion,2473.08,6,14838.48
13-12-2025,Headphones,Electronics,2941.65,9,26474.85
23-09-2025,Bread,Grocery,39.16,5,195.8
27-10-2025,Phone,Electronics,20545.84,8,164366.72
19-12-2025,Speaker,Electronics,4903.04,7,34321.28
25-03-2025,Keyboard,Electronics,1501.74,8,12013.92
31-12-2025,Phone,Electronics,18517.54,9,166657.86
28-09-2025,Mouse,Electronics,727.23,8,5817.84
31-08-2025,Laptop,Electronics,52464.96,9,472184.64
09-07-2025,Speaker,Electronics,4906.64,10,49066.4
29-07-2025,Mouse,Electronics,646.92,10,6469.2
29-05-2025,Laptop,Electronics,50227.77,2,100455.54
10-07-2025,T-Shirt,Fashion,878.56,5,4392.8
31-05-2025,Phone,Electronics,18111.91,3,54335.73
14-03-2025,Bread,Grocery,40.72,1,40.72
06-06-2025,Speaker,Electronics,4305.13,3,12915.39
08-09-2025,Laptop,Electronics,46223.28,6,277339.68
04-02-2025,Tablet,Electronics,22723.41,8,181787.28
21-10-2025,T-Shirt,Fashion,810.52,6,4863.12
13-07-2025,Phone,Electronics,21337.84,10,213378.4
09-03-2025,Bread,Grocery,37.11,8,296.88
19-08-2025,Watch,Accessories,3464.35,6,20786.1
15-02-2025,Bread,Grocery,41,10,410
29-07-2025,Milk,Grocery,52.06,7,364.42
23-06-2025,Headphones,Electronics,2727.49,8,21819.92
23-05-2025,Watch,Accessories,3211.97,3,9635.91
29-12-2025,Laptop,Electronics,50719.95,5,253599.75
15-10-2025,Watch,Accessories,3236.65,9,29129.85
13-02-2025,Shoes,Fashion,2727.58,9,24548.22
23-10-2025,Bread,Grocery,36.42,10,
25-09-2025,Shoes,Fashion,2625.28,9,23627.52
10-01-2025,Mouse,Electronics,722.16,9,6499.44
03-04-2025,Laptop,Electronics,47749.63,4,190998.52
06-05-2025,Tablet,Electronics,26028.09,10,260280.9
16-08-2025,Mouse,Electronics,742.97,10,7429.7
14-06-2025,Milk,Grocery,55.98,8,447.84
12-01-2025,Rice,Grocery,59.24,7,414.68
13-01-2025,Tablet,Electronics,25139.51,7,175976.57
12-05-2025,Mouse,Electronics,646.05,2,1292.1
05-10-2025,Keyboard,Electronics,1435.61,3,4306.83
11-05-2025,Bread,Grocery,36.72,5,183.6
28-07-2025,Watch,Accessories,3268.43,10,32684.3
16-06-2025,Keyboard,Electronics,1358.15,1,1358.15
02-06-2025,Milk,Grocery,50.59,3,151.77
31-07-2025,Speaker,Electronics,4341.8,7,30392.6
03-03-2025,Laptop,Electronics,47025.59,10,470255.9
28-10-2025,Shoes,Fashion,2496.49,9,22468.41
17-07-2025,Mouse,Electronics,667.7,6,4006.2
26-08-2025,Headphones,Electronics,2944.25,8,23554
15-01-2025,Milk,Grocery,56.47,1,56.47
18-05-2025,Headphones,Electronics,3278.08,2,6556.16
07-05-2025,Bread,Grocery,40.44,3,121.32
05-06-2025,Bag,Accessories,1177.62,2,2355.24
22-11-2025,Headphones,Electronics,2822.07,3,8466.21
11-07-2025,Headphones,Electronics,3291.19,4,13164.76
03-10-2025,Milk,Grocery,60.07,9,540.63
20-08-2025,Laptop,Electronics,45010.01,8,360080.08
14-11-2025,T-Shirt,Fashion,824.49,3,2473.47
01-01-2025,Laptop,Electronics,54335.07,8,434680.56
20-05-2025,Bag,Accessories,1140.21,7,7981.47
29-06-2025,Tablet,Electronics,25661.03,10,256610.3
19-09-2025,T-Shirt,Fashion,727.28,9,6545.52
16-10-2025,Mouse,Electronics,672.09,7,4704.63
24-12-2025,,Electronics,746.27,9,6716.43
24-05-2025,Speaker,Electronics,4438.77,10,44387.7
16-09-2025,Bread,Grocery,38.55,6,231.3
22-11-2025,T-Shirt,Fashion,876.74,8,7013.92
20-05-2025,Shoes,Fashion,2581.14,6,15486.84
24-06-2025,Shoes,Fashion,2479.9,10,24799
18-06-2025,Laptop,Electronics,54140.18,3,162420.54
27-11-2025,Speaker,Electronics,4051.84,8,32414.72
03-01-2025,Speaker,Electronics,4058.62,3,12175.86
31-07-2025,Headphones,Electronics,3237.16,8,25897.28
21-07-2025,Headphones,Electronics,2748.69,2,5497.38
03-10-2025,Laptop,Electronics,53925.72,8,431405.76
11-12-2025,Mouse,Electronics,679.42,7,4755.94
04-11-2025,Rice,Grocery,58.64,1,58.64
05-03-2025,Phone,Electronics,19481.92,4,77927.68
16-08-2025,Laptop,Electronics,47215.21,1,47215.21
24-05-2025,Watch,Accessories,3794.98,6,22769.88
09-04-2025,Mouse,Electronics,744.28,5,3721.4
24-04-2025,Shoes,Fashion,2740.06,6,16440.36
19-01-2025,T-Shirt,Fashion,798.85,10,7988.5
18-04-2025,Laptop,Electronics,46960.87,7,328726.09
26-02-2025,Tablet,Electronics,23886.74,9,214980.66
10-09-2025,Keyboard,Electronics,1515.54,10,15155.4
11-12-2025,Watch,Accessories,3572.08,3,10716.24
03-02-2025,Bag,Accessories,1110.78,2,2221.56
07-03-2025,T-Shirt,Fashion,869.37,4,3477.48
25-09-2025,Jeans,Fashion,1901.61,4,7606.44
14-12-2025,Laptop,Electronics,54919.51,9,494275.59
11-11-2025,T-Shirt,Fashion,828.91,8,6631.28
02-01-2025,Milk,Grocery,56.55,1,56.55
15-06-2025,Milk,Grocery,58.79,7,411.53
21-05-2025,,Electronics,725.22,8,5801.76
11-09-2025,Rice,Grocery,60.21,1,60.21
25-04-2025,Laptop,Electronics,47779.33,7,334455.31
30-09-2025,Phone,,19264.97,7,134854.79
10-04-2025,Rice,Grocery,54.98,10,549.8
13-01-2025,Jeans,Fashion,1701.23,7,11908.61
08-02-2025,Speaker,Electronics,4274.99,3,12824.97
18-06-2025,T-Shirt,Fashion,730.06,2,1460.12
15-01-2025,Phone,Electronics,19727.8,1,19727.8
31-10-2025,Bread,Grocery,41.01,6,246.06
09-05-2025,Shoes,Fashion,2303.92,4,9215.68
24-06-2025,Tablet,Electronics,22772.16,6,136632.96
24-09-2025,Bread,Grocery,37.89,2,75.78
04-11-2025,Bag,Accessories,1185.25,2,2370.5
17-11-2025,Phone,Electronics,20315.74,2,40631.48
01-02-2025,Speaker,Electronics,4080.01,6,24480.06
22-12-2025,Mouse,Electronics,739.57,1,739.57
15-08-2025,Laptop,Electronics,48014.71,7,336102.97
03-02-2025,Mouse,Electronics,724.86,9,6523.74
27-01-2025,T-Shirt,Fashion,855.99,7,5991.93
19-02-2025,Bag,Accessories,1260.47,4,5041.88
03-11-2025,Bread,Grocery,41.28,1,41.28
21-08-2025,Milk,Grocery,54.61,7,382.27
14-11-2025,Bag,Accessories,1104.31,1,1104.31
21-08-2025,Headphones,Electronics,2896.92,4,11587.68
25-02-2025,Mouse,Electronics,631.72,2,1263.44
31-10-2025,Bread,Grocery,42.73,10,427.3
06-03-2025,Watch,Accessories,3506.23,6,21037.38
04-08-2025,Phone,Electronics,20898.49,8,167187.92
06-04-2025,Shoes,Fashion,2318.84,1,
31-01-2025,Keyboard,Electronics,1443.5,7,10104.5
20-09-2025,Watch,Accessories,3678.06,5,18390.3
26-10-2025,Speaker,Electronics,4537.03,3,13611.09
17-03-2025,Phone,Electronics,19234.7,6,115408.2
30-05-2025,Rice,Grocery,65.64,9,590.76
28-10-2025,Watch,Accessories,3624.81,1,3624.81
02-05-2025,Headphones,Electronics,3191.51,9,28723.59
28-01-2025,Milk,Grocery,53.28,4,213.12
24-11-2025,Speaker,Electronics,4231.14,2,8462.28
24-06-2025,Shoes,Fashion,2583.93,8,20671.44
04-11-2025,Jeans,Fashion,1739.21,10,17392.1
17-10-2025,Rice,Grocery,61.39,7,429.73
18-06-2025,Keyboard,Electronics,1381.45,1,1381.45
11-09-2025,Shoes,,2709.98,4,10839.92
21-12-2025,Shoes,Fashion,2483.27,4,9933.08
03-05-2025,Phone,Electronics,20938.34,6,125630.04
12-07-2025,Shoes,Fashion,2450.16,1,2450.16
05-07-2025,Laptop,Electronics,45737.31,1,45737.31
12-10-2025,Mouse,Electronics,649.94,8,5199.52
10-04-2025,Watch,Accessories,3559.98,6,21359.88
23-01-2025,Laptop,Electronics,46991.23,5,234956.15
31-03-2025,Shoes,Fashion,2692.69,3,8078.07
23-06-2025,Tablet,Electronics,25272.52,3,75817.56
11-04-2025,Laptop,Electronics,46760.77,5,233803.85
21-02-2025,Laptop,Electronics,53314.46,3,159943.38
14-07-2025,Watch,Accessories,3701.19,2,7402.38
23-06-2025,Speaker,Electronics,4239.21,8,33913.68
03-05-2025,Rice,Grocery,63.71,3,191.13
27-09-2025,Bread,Grocery,43.98,7,307.86
31-12-2025,Mouse,Electronics,646.59,3,1939.77
08-04-2025,Shoes,Fashion,2516.28,6,15097.68
12-06-2025,Bag,Accessories,1183.09,4,4732.36
24-01-2025,Bread,Grocery,40.93,4,163.72
02-10-2025,T-Shirt,Fashion,846.33,6,5077.98
07-05-2025,Laptop,Electronics,51294.59,5,256472.95
06-03-2025,Tablet,Electronics,25041.35,10,250413.5
08-09-2025,Shoes,Fashion,2613.65,8,20909.2
06-12-2025,Bag,Accessories,1095.57,9,9860.13
18-07-2025,Bread,Grocery,43.06,9,387.54
11-07-2025,Phone,Electronics,20075.57,3,60226.71
14-06-2025,Jeans,Fashion,1754.6,8,14036.8
11-09-2025,Phone,Electronics,19073.34,7,133513.38
23-11-2025,Speaker,Electronics,4761.56,1,4761.56
17-04-2025,Shoes,Fashion,2697.44,8,21579.52
01-05-2025,Milk,Grocery,51.9,7,363.3
13-07-2025,Bag,Accessories,1117.73,6,6706.38
11-05-2025,Headphones,Electronics,2750.86,2,5501.72
01-06-2025,Phone,Electronics,20075.28,4,80301.12
26-10-2025,Laptop,Electronics,49652.53,10,496525.3
22-06-2025,Milk,Grocery,54.46,7,381.22
29-07-2025,Rice,Grocery,63.65,6,381.9
20-05-2025,Milk,Grocery,49.77,8,398.16
30-04-2025,T-Shirt,Fashion,823.26,6,4939.56
12-02-2025,T-Shirt,Fashion,854.82,9,7693.38
07-10-2025,Watch,Accessories,3204.71,5,16023.55
27-04-2025,Mouse,Electronics,646.6,6,3879.6
20-01-2025,Headphones,Electronics,2820.18,4,11280.72
12-12-2025,Rice,Grocery,57,5,285
08-04-2025,Jeans,Fashion,1837.45,3,5512.35
06-10-2025,Speaker,Electronics,4285.02,5,21425.1
25-05-2025,Tablet,Electronics,24233.16,7,169632.12
27-07-2025,Tablet,Electronics,25399.77,1,25399.77
30-08-2025,Watch,Accessories,3508.85,3,10526.55
23-07-2025,Shoes,Fashion,2363.46,4,9453.84
31-08-2025,Shoes,Fashion,2507.91,9,22571.19
28-08-2025,Jeans,Fashion,1913.18,6,11479.08
13-02-2025,Rice,Grocery,64.15,7,449.05
24-12-2025,Milk,Grocery,51.81,8,414.48
13-10-2025,Laptop,Electronics,48747,10,487470
07-03-2025,T-Shirt,Fashion,870.94,1,870.94
13-09-2025,Bread,Grocery,41.27,6,247.62
23-06-2025,Shoes,Fashion,2459.57,7,17216.99
20-12-2025,Headphones,Electronics,2879.78,10,28797.8
12-01-2025,Bag,Accessories,1268.49,3,3805.47
20-03-2025,Rice,Grocery,60.82,10,608.2
08-11-2025,Bag,Accessories,1288.07,7,9016.49
15-04-2025,Milk,Grocery,50.2,7,351.4
07-04-2025,Phone,Electronics,18434.55,10,184345.5
20-08-2025,Watch,Accessories,3776.32,2,7552.64
29-03-2025,Mouse,Electronics,724.48,3,2173.44
17-01-2025,Tablet,Electronics,25945.12,8,207560.96
14-01-2025,Keyboard,Electronics,1409.7,7,9867.9
26-05-2025,Shoes,Fashion,2366.52,9,21298.68
05-02-2025,Phone,Electronics,18229.81,9,164068.29
06-01-2025,Keyboard,Electronics,1448.03,7,10136.21
20-07-2025,Keyboard,Electronics,1646.88,3,4940.64
02-10-2025,Milk,Grocery,54.76,2,109.52
19-07-2025,Speaker,Electronics,4829.13,3,14487.39
16-04-2025,T-Shirt,Fashion,,8,6313.2
23-03-2025,Bag,Accessories,1218.02,5,6090.1
28-10-2025,Shoes,Fashion,2501.24,8,20009.92
22-05-2025,Shoes,Fashion,2253.72,3,6761.16
17-08-2025,Mouse,Electronics,745.44,10,7454.4
07-05-2025,Headphones,Electronics,2897.33,10,28973.3
09-09-2025,Phone,Electronics,19850.78,1,19850.78
16-02-2025,T-Shirt,Fashion,823.41,8,6587.28
27-06-2025,Jeans,Fashion,1923.35,5,9616.75
20-07-2025,Bag,Accessories,1277.62,3,3832.86
01-08-2025,Shoes,Fashion,2339.79,10,23397.9
10-08-2025,Phone,Electronics,19538.66,3,58615.98
24-12-2025,Bag,Accessories,1102.93,1,1102.93
03-05-2025,Speaker,Electronics,4833.49,5,24167.45
18-11-2025,Headphones,Electronics,2875.13,2,5750.26
24-12-2025,Jeans,Fashion,1880.07,4,7520.28
10-09-2025,Milk,Grocery,60.42,9,543.78
04-03-2025,Rice,Grocery,54.92,2,109.84
16-09-2025,Bread,Grocery,42.24,7,295.68
19-08-2025,Keyboard,Electronics,1425.83,9,12832.47
23-01-2025,Phone,Electronics,18106.87,8,144854.96
15-07-2025,Rice,Grocery,62.95,4,251.8
23-07-2025,Laptop,Electronics,45107.37,2,90214.74
30-12-2025,Speaker,Electronics,4172.83,8,33382.64
06-09-2025,Phone,Electronics,18272.95,9,164456.55
03-12-2025,Shoes,Fashion,2606.79,8,20854.32
13-03-2025,Phone,Electronics,21281.71,3,63845.13
29-03-2025,Tablet,Electronics,22590.33,2,45180.66
01-04-2025,T-Shirt,Fashion,739.86,7,5179.02
28-03-2025,Mouse,Electronics,723.99,1,723.99
13-12-2025,T-Shirt,Fashion,744.56,6,4467.36
02-04-2025,Shoes,Fashion,2607.21,9,23464.89
21-04-2025,Phone,Electronics,20786.97,9,187082.73
25-11-2025,Watch,Accessories,3651.49,2,7302.98
19-07-2025,Jeans,Fashion,,1,1731
03-11-2025,Laptop,Electronics,45486.65,7,318406.55
14-04-2025,Speaker,Electronics,4274.73,4,17098.92
13-04-2025,Mouse,Electronics,632.25,1,632.25
08-01-2025,Rice,Grocery,63.85,2,127.7
23-04-2025,Speaker,Electronics,4136.94,3,12410.82
27-03-2025,Laptop,Electronics,49156.8,2,98313.6
17-06-2025,Rice,Grocery,60.74,4,242.96
16-11-2025,Shoes,Fashion,2717.16,7,19020.12
08-08-2025,Mouse,Electronics,662.54,2,1325.08
02-07-2025,Rice,Grocery,56.08,7,392.56
01-12-2025,Rice,Grocery,54.14,4,216.56
23-08-2025,Shoes,Fashion,2283.01,5,11415.05
29-11-2025,Bag,Accessories,1168.56,2,2337.12
22-04-2025,Milk,Grocery,52.82,10,528.2
13-09-2025,Mouse,Electronics,729.75,10,7297.5
29-03-2025,T-Shirt,Fashion,873.45,10,
16-06-2025,Watch,Accessories,3637.42,3,10912.26
20-06-2025,Keyboard,Electronics,1540.61,6,9243.66
08-12-2025,Phone,Electronics,18270.05,1,18270.05
08-11-2025,Speaker,Electronics,4576.53,7,32035.71
19-09-2025,Watch,Accessories,3669.27,9,33023.43
28-10-2025,Jeans,Fashion,1975.82,4,7903.28
11-01-2025,Bag,Accessories,1262.15,2,2524.3
08-06-2025,,Fashion,2618.96,4,10475.84
14-11-2025,Mouse,Electronics,638.39,6,3830.34
13-09-2025,T-Shirt,Fashion,752.32,7,5266.24
15-04-2025,Watch,Accessories,3176.53,10,31765.3
16-08-2025,Jeans,Fashion,1935.84,3,5807.52
23-05-2025,Rice,Grocery,61.72,1,61.72
24-09-2025,Bread,Grocery,43.82,5,219.1
13-01-2025,,Fashion,2673.47,6,16040.82
25-06-2025,Shoes,Fashion,2352.91,1,2352.91
07-12-2025,Shoes,Fashion,2650.73,4,10602.92
08-11-2025,Tablet,Electronics,24407.43,6,146444.58
04-04-2025,Phone,Electronics,20519.13,2,41038.26
09-09-2025,Mouse,Electronics,763.51,1,763.51
21-11-2025,Keyboard,Electronics,1631.48,3,4894.44
16-02-2025,Keyboard,Electronics,1527.79,4,6111.16
01-05-2025,Headphones,Electronics,2746.9,8,21975.2
09-06-2025,Keyboard,Electronics,1566.5,4,6266
06-08-2025,Keyboard,Electronics,1531.76,5,7658.8
27-05-2025,Bag,Accessories,1187.59,4,4750.36
20-05-2025,Tablet,Electronics,26406.44,2,52812.88
04-07-2025,Milk,Grocery,53.65,8,429.2
14-08-2025,Milk,Grocery,55.06,7,385.42
21-03-2025,Tablet,Electronics,27268.79,8,218150.32
11-01-2025,Bread,Grocery,39.05,2,78.1
03-06-2025,Bag,Accessories,1208.93,9,10880.37
31-03-2025,T-Shirt,Fashion,780.87,5,3904.35
21-08-2025,T-Shirt,Fashion,780.02,10,7800.2
04-09-2025,Mouse,Electronics,676.65,8,5413.2
11-04-2025,Keyboard,Electronics,1624.84,1,1624.84
07-01-2025,Tablet,Electronics,25003.5,6,150021
09-09-2025,Milk,Grocery,59.68,7,417.76
11-07-2025,Milk,Grocery,54.89,10,548.9
06-02-2025,Milk,Grocery,59.23,2,118.46
17-07-2025,Speaker,Electronics,4559.05,4,18236.2
12-08-2025,T-Shirt,Fashion,843.4,6,5060.4
18-09-2025,Jeans,Fashion,1795.9,6,10775.4
23-12-2025,Laptop,Electronics,51509.06,7,360563.42
07-05-2025,Shoes,Fashion,2488.86,6,14933.16
20-11-2025,Jeans,Fashion,1863.51,3,5590.53
14-05-2025,Bag,Accessories,1189.31,3,3567.93
11-05-2025,Shoes,Fashion,2551.07,3,7653.21
07-01-2025,Mouse,Electronics,737.94,7,5165.58
23-07-2025,Jeans,Fashion,1831.02,2,3662.04
23-09-2025,Speaker,Electronics,4219.94,7,29539.58
26-03-2025,Tablet,Electronics,24634.36,5,123171.8
14-09-2025,Headphones,Electronics,3095.09,7,21665.63
28-10-2025,T-Shirt,Fashion,837.43,2,1674.86
25-02-2025,Watch,Accessories,3550.83,6,21304.98
15-03-2025,T-Shirt,Fashion,839.8,7,5878.6
24-12-2025,T-Shirt,Fashion,721.03,3,2163.09
09-09-2025,Laptop,Electronics,45968.71,7,321780.97
26-09-2025,Milk,Grocery,56.7,7,396.9
29-03-2025,Keyboard,Electronics,1462.4,3,4387.2
12-04-2025,Phone,Electronics,18727.94,2,37455.88
19-08-2025,Bag,Accessories,1275.45,3,3826.35
13-04-2025,Laptop,Electronics,52499.16,4,209996.64
13-05-2025,Speaker,Electronics,4834.45,8,38675.6
17-11-2025,Speaker,Electronics,4611.98,3,13835.94
10-02-2025,T-Shirt,Fashion,733.71,2,1467.42
22-05-2025,Mouse,Electronics,677.9,10,6779
01-05-2025,Phone,Electronics,19940.78,2,39881.56
05-01-2025,Laptop,Electronics,47660.81,1,47660.81
07-12-2025,Bag,Accessories,1269.41,1,1269.41
19-02-2025,Shoes,Fashion,2511.17,1,2511.17
12-07-2025,Bag,Accessories,1204.82,5,6024.1
06-09-2025,Phone,Electronics,21027.65,10,210276.5
08-08-2025,Rice,Grocery,58.45,6,350.7
11-06-2025,Tablet,Electronics,23697.99,6,142187.94
07-12-2025,Milk,Grocery,53.66,1,53.66
02-07-2025,Tablet,Electronics,24151.28,2,48302.56
02-01-2025,Phone,Electronics,21482.17,7,150375.19
13-03-2025,Laptop,Electronics,51019.09,9,459171.81
24-05-2025,Jeans,Fashion,1890.52,4,7562.08
08-07-2025,Phone,Electronics,20473.41,8,163787.28
21-09-2025,Milk,Grocery,56.76,1,56.76
23-11-2025,Tablet,Electronics,24110.92,6,144665.52
24-01-2025,Bread,Grocery,41.89,8,335.12
30-04-2025,Bag,Accessories,1196.29,10,11962.9
11-02-2025,Rice,Grocery,,8,473.04
04-12-2025,,Electronics,25997.5,2,51995
17-07-2025,T-Shirt,Fashion,817.15,3,2451.45
24-09-2025,Speaker,Electronics,4564.7,9,41082.3
17-01-2025,Keyboard,Electronics,1499.38,2,2998.76
04-06-2025,Tablet,Electronics,25865.31,9,232787.79
28-08-2025,Keyboard,Electronics,1618.92,2,3237.84
04-09-2025,Watch,Accessories,3528.47,4,14113.88
19-04-2025,Keyboard,Electronics,1575.98,2,3151.96
24-02-2025,Milk,Grocery,60.43,1,60.43
24-03-2025,Speaker,Electronics,4886.07,7,34202.49
24-05-2025,Shoes,Fashion,2609.59,8,20876.72
10-12-2025,Mouse,Electronics,723.17,9,6508.53
21-11-2025,Jeans,Fashion,1797.11,6,10782.66
25-04-2025,Speaker,Electronics,4568.37,10,45683.7
03-02-2025,Watch,Accessories,3390.26,7,23731.82
01-12-2025,Watch,Accessories,3699.56,7,25896.92
30-04-2025,Shoes,Fashion,2379.55,5,11897.75
14-02-2025,Mouse,Electronics,642.48,10,6424.8
07-04-2025,Jeans,Fashion,1959.12,10,19591.2
08-07-2025,Keyboard,Electronics,1606,7,11242
23-10-2025,Jeans,Fashion,1620.6,1,1620.6
30-10-2025,Headphones,Electronics,2813.91,7,19697.37
05-08-2025,Rice,Grocery,63.26,3,189.78
24-09-2025,Watch,Accessories,3571.13,4,14284.52
24-02-2025,Milk,Grocery,49.6,8,396.8
11-06-2025,Keyboard,Electronics,1594.84,5,7974.2
23-04-2025,Phone,Electronics,20719.92,3,62159.76
04-11-2025,T-Shirt,Fashion,743.34,1,743.34
03-11-2025,Rice,Grocery,57.71,2,115.42
21-05-2025,Tablet,Electronics,26032.61,8,208260.88
20-11-2025,Tablet,Electronics,23578.53,5,117892.65
27-12-2025,Milk,Grocery,50.15,6,300.9
20-03-2025,Tablet,Electronics,26083.83,4,104335.32
25-12-2025,Jeans,Fashion,1638.92,3,4916.76
07-09-2025,Jeans,Fashion,1761.05,3,5283.15
12-01-2025,Headphones,Electronics,2935.37,7,20547.59
14-12-2025,Phone,Electronics,21961.26,7,153728.82
20-07-2025,Mouse,Electronics,703.9,5,3519.5
25-05-2025,Jeans,Fashion,1952.3,9,17570.7
21-07-2025,Mouse,Electronics,648.33,10,6483.3
28-01-2025,Tablet,Electronics,27172.88,5,135864.4
23-08-2025,Watch,Accessories,3264.59,3,9793.77
15-08-2025,Jeans,Fashion,1793.68,3,5381.04
18-04-2025,Shoes,Fashion,2652.18,4,10608.72
30-11-2025,Laptop,Electronics,48622.26,10,486222.6
22-02-2025,Watch,Accessories,3699.85,3,11099.55
12-07-2025,Milk,Grocery,56.97,3,170.91
29-01-2025,Mouse,Electronics,679.78,8,5438.24
02-04-2025,Laptop,Electronics,46173.47,9,415561.23
29-11-2025,Rice,Grocery,61.12,3,183.36
18-11-2025,Jeans,Fashion,1765.44,,1765.44
02-03-2025,Shoes,Fashion,2448.32,5,12241.6
19-12-2025,Bag,Accessories,1309.09,7,9163.63
21-12-2025,Bread,Grocery,41.37,2,82.74
26-08-2025,Tablet,Electronics,26590.98,7,186136.86
21-05-2025,Watch,Accessories,3607.24,6,21643.44
06-01-2025,Mouse,Electronics,646.33,2,1292.66
08-09-2025,Watch,Accessories,3618.15,9,32563.35
26-04-2025,Laptop,Electronics,50868.5,10,508685
03-09-2025,T-Shirt,Fashion,831,2,1662
31-10-2025,Keyboard,Electronics,1465.19,7,10256.33
02-06-2025,Bag,Accessories,1110.06,6,6660.36
02-02-2025,Jeans,Fashion,1947.2,9,17524.8
05-04-2025,Milk,Grocery,58.44,1,58.44
21-07-2025,Headphones,Electronics,3190.48,9,28714.32
08-09-2025,Mouse,Electronics,702.65,10,7026.5
03-10-2025,Jeans,Fashion,1914.78,2,3829.56
17-04-2025,Watch,Accessories,3778.32,3,11334.96
03-11-2025,Jeans,Fashion,1684.78,9,15163.02
17-08-2025,Bread,Grocery,38.51,1,38.51
07-03-2025,Bag,Accessories,1129.5,3,3388.5
14-02-2025,Headphones,Electronics,2854.06,1,2854.06
13-02-2025,Mouse,Electronics,700.86,6,4205.16
06-10-2025,Keyboard,Electronics,1476.92,1,1476.92
08-05-2025,T-Shirt,Fashion,727.39,9,6546.51
31-05-2025,Watch,Accessories,3523.87,3,10571.61
23-10-2025,Phone,Electronics,20780.41,9,187023.69
30-06-2025,Bag,Accessories,1209.17,4,4836.68
19-12-2025,Mouse,Electronics,722.77,1,722.77
02-05-2025,Laptop,Electronics,46880.74,5,234403.7
21-04-2025,Keyboard,Electronics,1530.64,4,6122.56
30-10-2025,Rice,Grocery,57.33,10,573.3
05-08-2025,Mouse,Electronics,706.98,5,3534.9
15-07-2025,Watch,Accessories,3782.56,7,26477.92
22-08-2025,Mouse,Electronics,762.26,7,5335.82
22-12-2025,Keyboard,Electronics,1510.77,2,3021.54
19-11-2025,Jeans,Fashion,1716.98,4,6867.92
10-07-2025,Bag,Accessories,1237.76,9,11139.84
06-11-2025,Keyboard,Electronics,1475.91,3,4427.73
11-06-2025,Bread,Grocery,39.47,1,39.47
06-11-2025,Shoes,Fashion,2288.76,2,4577.52
30-09-2025,Mouse,Electronics,725.76,7,5080.32
03-02-2025,Rice,Grocery,61.68,6,370.08
20-06-2025,Bread,Grocery,38.19,4,152.76
21-05-2025,Laptop,Electronics,45979.47,4,183917.88
13-07-2025,Mouse,Electronics,739.58,2,1479.16
31-03-2025,Headphones,Electronics,3137,5,15685
29-10-2025,Tablet,Electronics,26533.99,2,53067.98
28-09-2025,Rice,Grocery,62.41,5,312.05
10-10-2025,T-Shirt,Fashion,817.19,1,817.19
29-03-2025,Rice,Grocery,65.36,7,457.52
,Rice,Grocery,63.67,9,573.03
10-10-2025,Bag,Accessories,1291.69,7,9041.83
02-09-2025,Bag,Accessories,1110.62,1,1110.62
18-12-2025,Headphones,Electronics,3127.93,3,9383.79
15-03-2025,Milk,Grocery,55.74,5,278.7
28-01-2025,Speaker,Electronics,4702.88,6,28217.28
29-12-2025,Bread,Grocery,37.99,10,379.9
03-08-2025,Jeans,Fashion,1784.8,8,14278.4
01-07-2025,Bread,Grocery,39.75,5,198.75
22-05-2025,Milk,Grocery,55.23,4,220.92
06-06-2025,Watch,Accessories,3750.55,5,18752.75
28-07-2025,Bread,Grocery,38.5,2,77
21-11-2025,Mouse,Electronics,,4,2562.96
17-02-2025,Keyboard,Electronics,1522.6,2,3045.2
27-05-2025,Headphones,Electronics,3257.75,1,3257.75
06-08-2025,Watch,Accessories,3506.08,3,10518.24
03-09-2025,Phone,Electronics,20060.05,9,180540.45
24-12-2025,Mouse,Electronics,686.77,10,6867.7
08-04-2025,Speaker,Electronics,4798.26,1,4798.26
06-08-2025,Jeans,Fashion,1812.36,6,10874.16
06-05-2025,Jeans,Fashion,1858.02,9,16722.18
17-12-2025,Bag,Accessories,1090.17,8,8721.36
28-03-2025,Watch,Accessories,3801.13,,34210.17
26-04-2025,Keyboard,Electronics,1372.54,3,4117.62
21-09-2025,Rice,Grocery,65.43,7,458.01
11-09-2025,Milk,Grocery,51.38,2,102.76
23-06-2025,Speaker,Electronics,4661.16,9,41950.44
02-03-2025,T-Shirt,Fashion,767.87,5,3839.35
16-05-2025,Shoes,Fashion,2251.12,10,22511.2
21-07-2025,Shoes,,2711.53,9,24403.77
,Speaker,Electronics,4466.75,10,44667.5
07-09-2025,Laptop,Electronics,48557.44,10,485574.4
24-08-2025,Rice,Grocery,57.58,2,115.16
03-01-2025,Rice,Grocery,64.68,3,194.04
25-07-2025,Rice,Grocery,54.11,7,378.77
09-09-2025,Shoes,Fashion,2292.37,9,20631.33
20-03-2025,Milk,Grocery,50.86,8,406.88
04-01-2025,Keyboard,Electronics,1580.83,5,7904.15
26-04-2025,Phone,Electronics,19581.44,5,97907.2
06-07-2025,Milk,Grocery,59.31,9,533.79
18-05-2025,Mouse,Electronics,768.51,8,6148.08
24-03-2025,Keyboard,Electronics,1456.12,7,10192.84
03-01-2025,Rice,Grocery,64.6,4,258.4
26-02-2025,Shoes,Fashion,2392.45,3,7177.35
22-07-2025,Milk,Grocery,57.68,1,57.68
24-03-2025,Watch,Accessories,3289.29,8,26314.32
07-12-2025,T-Shirt,Fashion,739.01,8,5912.08
09-10-2025,Phone,Electronics,21199.28,3,63597.84
16-06-2025,Bread,Grocery,42.12,7,294.84
14-09-2025,Jeans,Fashion,1952.48,7,13667.36
09-03-2025,Mouse,Electronics,764.08,1,764.08
06-03-2025,Keyboard,Electronics,1453.24,1,1453.24
17-12-2025,Shoes,Fashion,2276.02,6,13656.12
08-08-2025,Bag,Accessories,1256.98,7,8798.86
03-09-2025,T-Shirt,Fashion,765.16,2,1530.32
08-08-2025,Shoes,Fashion,2558.81,9,23029.29
06-04-2025,Shoes,Fashion,2390.57,2,4781.14
15-05-2025,Jeans,Fashion,1709.05,7,11963.35
12-04-2025,Phone,Electronics,20825.84,2,41651.68
25-12-2025,Jeans,Fashion,1800.84,3,5402.52
,Tablet,Electronics,25455.98,3,76367.94
28-04-2025,Mouse,Electronics,648.52,1,648.52
21-05-2025,Shoes,Fashion,2714.55,7,19001.85
10-01-2025,Bag,Accessories,1127.91,1,1127.91
14-07-2025,Milk,Grocery,55.27,4,221.08
24-04-2025,Rice,Grocery,59.11,1,59.11
19-09-2025,Milk,Grocery,56.58,5,282.9
26-02-2025,T-Shirt,Fashion,778.17,6,4669.02
31-12-2025,Milk,Grocery,52.22,1,52.22
04-04-2025,Laptop,Electronics,45005.36,6,270032.16
19-04-2025,T-Shirt,Fashion,795.53,10,7955.3
21-02-2025,Milk,Grocery,51.53,8,412.24
06-07-2025,Rice,Grocery,57.65,2,115.3
09-12-2025,Laptop,Electronics,51829.62,3,155488.86
19-06-2025,Rice,Grocery,62.9,6,377.4
29-10-2025,Headphones,Electronics,3062.83,4,12251.32
29-11-2025,T-Shirt,Fashion,753.61,7,5275.27
14-02-2025,Speaker,Electronics,4145.73,10,41457.3
03-03-2025,Laptop,Electronics,50865.61,4,203462.44
09-04-2025,Jeans,Fashion,1780.48,2,3560.96
08-02-2025,Headphones,Electronics,3071.41,5,15357.05
31-08-2025,Bread,Grocery,37.62,3,112.86
23-01-2025,Keyboard,Electronics,1407.51,9,12667.59
31-12-2025,T-Shirt,Fashion,862.65,9,7763.85
27-06-2025,Speaker,Electronics,4379.41,2,8758.82
12-08-2025,Mouse,Electronics,697.59,9,6278.31
15-09-2025,Bread,Grocery,36.17,10,361.7
21-05-2025,Jeans,Fashion,1968.3,5,9841.5
24-01-2025,Bag,Accessories,1094.59,4,4378.36
23-07-2025,Phone,Electronics,20738.78,9,186649.02
08-02-2025,Keyboard,Electronics,1481.32,9,13331.88
16-07-2025,Headphones,Electronics,3167.62,7,22173.34
07-11-2025,T-Shirt,Fashion,753.11,1,753.11
23-03-2025,Bag,Accessories,1132.27,1,1132.27
20-09-2025,Phone,Electronics,20015.27,9,180137.43
13-05-2025,T-Shirt,Fashion,856.4,5,4282
29-12-2025,T-Shirt,Fashion,808.34,3,2425.02
25-04-2025,Laptop,Electronics,50335.66,5,251678.3
21-01-2025,Watch,Accessories,3253.7,5,16268.5
10-03-2025,T-Shirt,Fashion,859.74,1,859.74
25-11-2025,Shoes,Fashion,2744.77,4,10979.08
01-10-2025,Mouse,Electronics,630.2,6,3781.2
20-11-2025,Bag,Accessories,1313.33,6,7879.98
12-02-2025,Jeans,Fashion,1938.24,5,9691.2
10-03-2025,Milk,Grocery,59.38,5,296.9
16-06-2025,Laptop,Electronics,51259.55,1,51259.55
02-07-2025,Shoes,Fashion,2615.24,5,13076.2
01-04-2025,T-Shirt,Fashion,875.46,9,7879.14
03-12-2025,Tablet,Electronics,26390.93,10,263909.3
24-02-2025,Jeans,Fashion,1888.48,7,13219.36
01-12-2025,T-Shirt,Fashion,859.2,10,8592
10-10-2025,Shoes,Fashion,2658.42,4,10633.68
16-06-2025,T-Shirt,Fashion,752.63,7,5268.41
21-03-2025,Phone,Electronics,18926.89,7,132488.23
08-07-2025,Keyboard,Electronics,1620.65,2,3241.3
11-09-2025,Keyboard,Electronics,1487.82,3,4463.46
07-04-2025,Bag,Accessories,1197.72,3,3593.16
28-11-2025,T-Shirt,Fashion,723.37,3,2170.11
01-04-2025,Tablet,Electronics,24470.99,10,244709.9
07-04-2025,Mouse,Electronics,650.09,7,4550.63
06-05-2025,Phone,Electronics,21636.52,7,151455.64
21-02-2025,Jeans,Fashion,1809.64,1,1809.64
05-11-2025,Mouse,Electronics,682.9,1,682.9
26-02-2025,Tablet,Electronics,22567.76,1,22567.76
09-03-2025,Shoes,Fashion,2635.06,5,13175.3
15-03-2025,Watch,Accessories,3569.75,1,3569.75
24-02-2025,Headphones,Electronics,3141.68,6,18850.08
29-12-2025,Mouse,Electronics,658.33,8,5266.64
16-10-2025,Speaker,Electronics,4449.89,3,13349.67
07-06-2025,Rice,Grocery,59.75,4,239
29-01-2025,Headphones,Electronics,3115.22,9,28036.98
05-03-2025,Laptop,Electronics,53249.25,2,106498.5
06-10-2025,T-Shirt,Fashion,736.41,7,5154.87
14-03-2025,Laptop,Electronics,54121.67,1,54121.67
27-04-2025,Milk,Grocery,53.74,6,322.44
02-12-2025,T-Shirt,Fashion,756.14,7,5292.98
18-12-2025,Speaker,Electronics,4693.37,2,9386.74
09-09-2025,Keyboard,Electronics,1647.23,4,6588.92
22-02-2025,T-Shirt,Fashion,777.17,10,7771.7
20-06-2025,Mouse,Electronics,680.47,2,1360.94
23-01-2025,Bag,Accessories,1116.26,7,7813.82
29-09-2025,Rice,Grocery,61.2,7,428.4
18-03-2025,Speaker,Electronics,4650.55,5,23252.75
16-11-2025,Tablet,Electronics,23935.03,2,47870.06
19-05-2025,Speaker,Electronics,4499.33,6,26995.98
16-05-2025,Bread,Grocery,43.26,,86.52
02-01-2025,Tablet,Electronics,27165.47,3,81496.41
02-12-2025,Keyboard,Electronics,1446.08,7,10122.56
17-08-2025,Jeans,Fashion,1906.87,8,15254.96
04-02-2025,Mouse,Electronics,710.9,5,3554.5
16-03-2025,Mouse,Electronics,675.23,3,2025.69
04-04-2025,Bread,Grocery,39.08,6,234.48
11-09-2025,Milk,Grocery,54.79,7,383.53
05-11-2025,,Grocery,41.09,3,123.27
01-12-2025,Speaker,Electronics,4271.32,7,29899.24
09-10-2025,Phone,Electronics,20154.99,8,161239.92
30-09-2025,Headphones,Electronics,3192.84,7,22349.88
12-02-2025,Bag,Accessories,1251.58,9,11264.22
23-10-2025,Bread,Grocery,41.55,4,166.2
26-12-2025,Mouse,Electronics,662.93,1,662.93
15-04-2025,Tablet,Electronics,22585.77,9,203271.93
31-08-2025,Keyboard,Electronics,1626.27,1,1626.27
28-06-2025,Rice,Grocery,64.19,3,192.57
31-05-2025,Phone,Electronics,18576.56,9,167189.04
04-08-2025,Shoes,Fashion,2355.37,4,9421.48
29-01-2025,Jeans,Fashion,1669.61,3,5008.83
13-07-2025,Jeans,Fashion,1629.48,7,11406.36
10-07-2025,Laptop,Electronics,52014.02,10,520140.2
07-02-2025,Phone,Electronics,21349.75,3,64049.25
16-01-2025,Keyboard,Electronics,1459.57,2,2919.14
06-05-2025,Mouse,Electronics,631.75,7,4422.25
18-03-2025,Bread,Grocery,37.46,3,112.38
28-09-2025,Jeans,Fashion,1961.56,8,15692.48
30-07-2025,Jeans,Fashion,1741.44,1,1741.44
27-05-2025,Mouse,Electronics,651.82,1,651.82
06-11-2025,Bread,Grocery,37.39,3,112.17
06-01-2025,Milk,Grocery,58.66,8,469.28
11-10-2025,Jeans,Fashion,1918.63,10,19186.3
14-09-2025,T-Shirt,Fashion,833.5,7,5834.5
22-03-2025,T-Shirt,Fashion,875.7,9,7881.3
13-07-2025,Keyboard,Electronics,1572.94,7,11010.58
13-11-2025,Laptop,Electronics,47189.06,3,141567.18
14-10-2025,Bag,Accessories,1282.01,8,10256.08
,Rice,Grocery,61.83,7,432.81
14-07-2025,Keyboard,Electronics,1366.4,6,8198.4
28-11-2025,Milk,Grocery,51.64,2,103.28
23-02-2025,Mouse,Electronics,680.78,6,4084.68
15-01-2025,Shoes,Fashion,2391.1,9,21519.9
24-02-2025,Mouse,Electronics,659.67,1,659.67
08-06-2025,Shoes,Fashion,2525.85,1,2525.85
04-05-2025,T-Shirt,Fashion,733.61,10,7336.1
17-10-2025,Laptop,Electronics,50637.39,8,405099.12
24-01-2025,Laptop,Electronics,48145.8,5,240729
05-01-2025,Rice,Grocery,63.02,7,441.14
14-09-2025,Shoes,Fashion,2407.24,7,16850.68
02-07-2025,Keyboard,Electronics,1560.8,2,3121.6
19-06-2025,Milk,Grocery,59.36,9,534.24
21-02-2025,Headphones,Electronics,3184.5,3,9553.5
13-01-2025,Bag,Accessories,1271.06,8,10168.48
28-10-2025,Tablet,Electronics,26760.14,5,133800.7
24-03-2025,Keyboard,Electronics,1554.71,2,3109.42
17-11-2025,Mouse,Electronics,763.39,4,3053.56
21-04-2025,Bread,Grocery,41.45,3,124.35
24-03-2025,Headphones,Electronics,3009.78,10,30097.8
30-11-2025,Headphones,Electronics,3258.14,6,19548.84
18-08-2025,,Grocery,37.05,5,185.25
04-07-2025,Bag,Accessories,1285.43,7,8998.01
21-01-2025,Speaker,Electronics,4691.49,7,32840.43
03-05-2025,Shoes,,2748.5,10,27485
08-02-2025,Keyboard,Electronics,1520.07,8,12160.56
19-02-2025,Bread,Grocery,36.12,5,180.6
08-10-2025,Tablet,Electronics,27344.74,2,54689.48
13-09-2025,Mouse,Electronics,693.67,3,2081.01
01-06-2025,Keyboard,Electronics,1370.45,10,13704.5
06-07-2025,Rice,Grocery,55.07,3,165.21
30-12-2025,Bread,Grocery,39.69,8,317.52
12-05-2025,Bread,Grocery,,3,129.03
05-03-2025,Bag,Accessories,1197.18,6,7183.08
27-05-2025,Milk,Grocery,54,10,540
15-12-2025,Keyboard,Electronics,1482.25,9,13340.25
16-11-2025,Rice,Grocery,58.48,7,409.36
17-09-2025,Phone,Electronics,19051.31,1,19051.31
14-11-2025,Watch,Accessories,3189.94,4,12759.76
25-12-2025,Tablet,Electronics,25304,3,75912
23-02-2025,T-Shirt,Fashion,780.13,10,7801.3
24-07-2025,Tablet,Electronics,22864.89,7,160054.23
25-08-2025,Watch,Accessories,3215.45,8,25723.6
28-08-2025,Watch,Accessories,3524.58,8,28196.64
25-02-2025,Mouse,Electronics,655.24,2,1310.48
23-07-2025,Bread,Grocery,39.46,7,276.22
18-06-2025,Mouse,Electronics,674.42,10,6744.2
06-09-2025,,Fashion,2601.15,8,20809.2
28-02-2025,T-Shirt,Fashion,792.73,9,7134.57
21-03-2025,Phone,Electronics,18582.06,4,74328.24
13-06-2025,Bag,Accessories,1087.52,10,10875.2
14-07-2025,Laptop,Electronics,54364.6,6,326187.6
09-08-2025,Phone,Electronics,18853.68,4,75414.72
12-01-2025,Bread,Grocery,41.47,5,207.35
10-05-2025,Watch,Accessories,3273.27,3,9819.81
05-02-2025,T-Shirt,Fashion,784.81,5,3924.05
31-12-2025,Phone,Electronics,21485.16,9,193366.44
20-04-2025,Watch,Accessories,3775.15,3,11325.45
28-01-2025,Mouse,Electronics,755.29,7,5287.03
25-06-2025,Bread,Grocery,38.38,4,153.52
28-06-2025,Milk,Grocery,54.8,9,493.2
19-12-2025,Bread,Grocery,37.29,7,261.03
01-07-2025,Speaker,Electronics,4673.61,7,32715.27
06-01-2025,Headphones,Electronics,3169.84,10,31698.4
12-04-2025,Mouse,Electronics,731.18,10,7311.8
12-11-2025,Keyboard,Electronics,1447.12,6,8682.72
08-01-2025,Keyboard,Electronics,1618.95,3,4856.85
13-09-2025,Tablet,Electronics,24082.04,7,168574.28
15-05-2025,Headphones,Electronics,3133.37,8,25066.96
06-03-2025,Watch,Accessories,3464.53,10,34645.3
19-02-2025,Laptop,Electronics,47186.23,4,188744.92
04-08-2025,Jeans,Fashion,1816.59,3,5449.77
04-11-2025,Milk,Grocery,51.88,4,207.52
08-04-2025,Watch,Accessories,3553.79,1,3553.79
09-07-2025,Tablet,Electronics,24318.97,5,121594.85
07-06-2025,Headphones,Electronics,3191.43,2,6382.86
25-12-2025,Phone,Electronics,20595.65,8,164765.2
31-07-2025,Milk,Grocery,53.37,9,480.33
07-08-2025,Headphones,Electronics,3284.44,6,19706.64
28-02-2025,Speaker,Electronics,4208.23,7,29457.61
11-07-2025,Keyboard,Electronics,1515.83,3,4547.49
05-10-2025,Milk,Grocery,53.7,7,375.9
21-11-2025,T-Shirt,Fashion,832.33,2,1664.66
14-02-2025,Bread,Grocery,42.7,2,85.4
29-11-2025,Laptop,Electronics,51162.6,7,358138.2
23-02-2025,Phone,Electronics,20999.77,10,209997.7
06-10-2025,Mouse,Electronics,718.69,9,6468.21
25-10-2025,Bread,Grocery,36.26,5,181.3
04-08-2025,Shoes,Fashion,2361.44,8,18891.52
10-10-2025,Milk,Grocery,50.76,8,406.08
05-03-2025,Rice,Grocery,65.61,8,524.88
31-07-2025,,Electronics,4788.38,7,33518.66
04-01-2025,Rice,Grocery,63.39,9,570.51
26-05-2025,T-Shirt,Fashion,860.74,5,4303.7
07-06-2025,Tablet,Electronics,27013.37,7,189093.59
11-12-2025,Shoes,Fashion,2252.08,7,15764.56
17-01-2025,Laptop,Electronics,45262.47,6,271574.82
23-09-2025,Tablet,Electronics,26206.23,6,157237.38
21-06-2025,Keyboard,Electronics,1637.75,7,11464.25
04-05-2025,Headphones,Electronics,3284.09,4,13136.36
12-11-2025,Watch,Accessories,3425.32,1,3425.32
23-10-2025,Milk,Grocery,50.92,7,356.44
30-03-2025,Milk,Grocery,59.45,9,535.05
23-03-2025,Milk,Grocery,52.04,3,156.12
16-09-2025,Mouse,Electronics,718.4,7,5028.8
18-11-2025,Speaker,Electronics,4284.21,9,38557.89
23-03-2025,Rice,Grocery,56.45,2,112.9
14-01-2025,Milk,Grocery,49.63,10,496.3
20-03-2025,Laptop,Electronics,51181,9,460629
10-02-2025,Bag,Accessories,1171.78,3,3515.34
21-08-2025,Watch,Accessories,3592.05,6,21552.3
06-04-2025,Shoes,Fashion,2576.26,4,10305.04
02-06-2025,Shoes,Fashion,2517.71,4,10070.84
13-07-2025,Bread,Grocery,38.08,1,38.08
21-05-2025,Mouse,Electronics,760.9,1,760.9
23-11-2025,Bag,Accessories,1288.07,2,2576.14
24-08-2025,Speaker,Electronics,4586.3,2,9172.6
14-03-2025,T-Shirt,Fashion,761.92,3,2285.76
17-02-2025,Mouse,Electronics,,6,4195.14
17-04-2025,Milk,Grocery,50.61,1,50.61
31-07-2025,Mouse,Electronics,698.11,2,1396.22
18-04-2025,Watch,Accessories,3443.93,6,20663.58
21-11-2025,Speaker,,4455.79,3,13367.37
03-04-2025,T-Shirt,Fashion,721.62,3,2164.86
04-12-2025,Bag,Accessories,1231.49,1,1231.49
02-03-2025,Rice,Grocery,65.92,8,527.36
11-11-2025,Bag,Accessories,1211.16,3,3633.48
25-09-2025,Jeans,Fashion,1711.62,2,3423.24
09-04-2025,Bag,Accessories,1087.09,1,1087.09
23-09-2025,Headphones,Electronics,3156.58,4,12626.32
06-07-2025,Mouse,Electronics,755.8,1,755.8
17-06-2025,Keyboard,Electronics,1415.93,3,4247.79
18-05-2025,T-Shirt,Fashion,797.05,2,1594.1
28-06-2025,Jeans,Fashion,1818.54,5,9092.7
28-08-2025,Jeans,Fashion,1911.24,7,13378.68
20-09-2025,Milk,Grocery,59.65,5,298.25
30-03-2025,Shoes,Fashion,2593.53,5,12967.65
21-07-2025,Mouse,Electronics,711.71,10,7117.1
09-06-2025,Keyboard,Electronics,1588.23,8,12705.84
10-08-2025,Speaker,Electronics,4451.54,10,44515.4
20-05-2025,Tablet,Electronics,24093.74,2,48187.48
07-11-2025,Milk,Grocery,54.22,10,542.2
30-06-2025,Rice,Grocery,64.77,2,129.54
19-08-2025,Keyboard,Electronics,1616.83,9,14551.47
10-05-2025,Bag,Accessories,1178.35,10,11783.5
27-11-2025,Headphones,Electronics,2911.35,1,2911.35
28-02-2025,Keyboard,Electronics,1592.71,7,11148.97
06-04-2025,Rice,Grocery,56.94,4,227.76
03-12-2025,Rice,Grocery,58.46,6,350.76
04-03-2025,Laptop,Electronics,48185.89,1,48185.89
18-06-2025,Shoes,Fashion,2482.69,6,14896.14
30-04-2025,Headphones,Electronics,2739.74,5,13698.7
05-11-2025,Shoes,Fashion,2513.63,2,5027.26
15-10-2025,T-Shirt,Fashion,834.6,2,1669.2
21-10-2025,Speaker,Electronics,4631.64,7,32421.48
12-06-2025,Tablet,Electronics,24100.61,4,96402.44
26-01-2025,Bread,Grocery,39.95,1,39.95
21-05-2025,Milk,Grocery,50.81,8,406.48
29-03-2025,Bag,Accessories,1158.45,7,8109.15
,Bag,Accessories,1085.1,1,1085.1
26-11-2025,Bread,Grocery,42.85,1,42.85
25-08-2025,T-Shirt,Fashion,740.97,7,5186.79
19-01-2025,Speaker,Electronics,4530.12,9,40771.08
21-01-2025,Rice,Grocery,61.74,2,
29-08-2025,Mouse,Electronics,746.18,7,5223.26
04-06-2025,T-Shirt,Fashion,770.75,6,4624.5
24-07-2025,Mouse,Electronics,707.9,6,4247.4
10-09-2025,,Accessories,1091.3,5,5456.5
23-12-2025,Phone,Electronics,19973.35,2,39946.7
11-07-2025,Bag,Accessories,1104.66,4,4418.64
25-01-2025,Tablet,Electronics,22551.98,2,45103.96
,Tablet,Electronics,25937.99,7,181565.93
26-04-2025,,Electronics,1376.41,6,8258.46
03-10-2025,Laptop,Electronics,54341.1,1,54341.1
13-05-2025,Speaker,Electronics,4756.45,2,9512.9
25-01-2025,T-Shirt,Fashion,732.01,6,4392.06
19-12-2025,Bag,Accessories,1269.99,7,8889.93
19-05-2025,Jeans,Fashion,1681.32,3,5043.96
26-10-2025,Phone,Electronics,18479.61,6,110877.66
17-03-2025,Bread,Grocery,40.67,7,284.69
23-11-2025,Phone,Electronics,20672.94,9,186056.46
28-09-2025,Shoes,Fashion,2538.94,8,20311.52
24-05-2025,Rice,Grocery,63.27,8,506.16
26-04-2025,Mouse,Electronics,666.93,5,3334.65
31-12-2025,Mouse,Electronics,679.42,4,2717.68
04-12-2025,Watch,,3664.69,4,14658.76
22-12-2025,Mouse,Electronics,640.52,8,5124.16
31-01-2025,Shoes,Fashion,2256.56,4,9026.24
28-08-2025,Tablet,Electronics,24425.3,8,195402.4
23-02-2025,Rice,Grocery,56.5,10,565
28-09-2025,Headphones,Electronics,3215.08,5,16075.4
29-12-2025,Phone,Electronics,20621.16,9,185590.44
24-02-2025,Speaker,Electronics,4167.05,6,25002.3
17-07-2025,Phone,Electronics,21471.44,9,193242.96
14-04-2025,Bread,Grocery,39.2,2,78.4
23-05-2025,Milk,Grocery,51.31,5,256.55
23-10-2025,Watch,Accessories,3221.45,8,25771.6
24-02-2025,Jeans,Fashion,1659.67,1,1659.67
24-08-2025,Keyboard,Electronics,1430.03,8,11440.24
05-12-2025,Headphones,Electronics,2971.58,5,14857.9
02-03-2025,Speaker,Electronics,4545.27,6,27271.62
09-08-2025,Shoes,Fashion,2325.31,9,20927.79
09-08-2025,Headphones,Electronics,2900.24,8,23201.92
20-05-2025,Rice,Grocery,55.17,7,386.19
05-08-2025,Shoes,Fashion,2397,7,16779
01-04-2025,Bag,Accessories,1146.22,10,11462.2
10-09-2025,Headphones,Electronics,2960.14,1,2960.14
27-11-2025,Shoes,Fashion,2729.49,4,10917.96
28-02-2025,Laptop,Electronics,53950.58,10,539505.8
17-05-2025,Shoes,Fashion,2282.92,2,4565.84
22-05-2025,Shoes,Fashion,2691.3,7,18839.1
20-07-2025,Milk,,50.61,5,253.05
11-09-2025,Shoes,Fashion,2335.51,4,9342.04
27-06-2025,Watch,Accessories,3351.59,10,33515.9
28-05-2025,Jeans,Fashion,1621.12,3,4863.36
15-09-2025,Speaker,Electronics,4680.42,8,37443.36
06-06-2025,Tablet,Electronics,27033.34,4,108133.36
29-03-2025,Rice,Grocery,62.18,3,186.54
06-04-2025,Rice,Grocery,64.8,3,194.4
07-01-2025,Watch,Accessories,3482.22,6,20893.32
11-01-2025,Keyboard,Electronics,1642.31,2,3284.62
29-03-2025,Watch,Accessories,3682.18,1,3682.18
01-11-2025,Rice,Grocery,65.63,10,656.3
01-01-2025,Phone,Electronics,21492.87,8,171942.96
26-02-2025,Laptop,Electronics,53189.26,10,531892.6
15-12-2025,T-Shirt,Fashion,853.66,9,7682.94
15-09-2025,Keyboard,Electronics,1576.5,2,3153
21-02-2025,T-Shirt,Fashion,848.62,6,5091.72
20-08-2025,Phone,Electronics,20939.26,9,188453.34
12-05-2025,Watch,Accessories,3490.55,6,20943.3
23-08-2025,Laptop,Electronics,53277.49,5,266387.45
30-12-2025,Rice,Grocery,64.7,10,647
05-09-2025,Mouse,Electronics,667.79,9,6010.11
24-11-2025,Laptop,Electronics,46479,7,325353
23-04-2025,Watch,Accessories,3845.86,6,23075.16
12-09-2025,Laptop,Electronics,47443.68,7,332105.76
04-07-2025,Shoes,Fashion,2622.18,4,10488.72
13-07-2025,Watch,Accessories,3225.55,5,16127.75
17-11-2025,Watch,Accessories,3531.44,8,28251.52
27-09-2025,Keyboard,Electronics,1429.59,6,8577.54
19-06-2025,Milk,Grocery,55.98,5,279.9
08-06-2025,Shoes,Fashion,2270.55,9,20434.95
26-12-2025,Rice,Grocery,64.01,2,128.02
10-08-2025,Bread,Grocery,39.64,6,237.84
28-05-2025,Mouse,Electronics,765.73,8,6125.84
17-12-2025,Keyboard,Electronics,1489.9,3,4469.7
25-09-2025,T-Shirt,Fashion,819.81,3,2459.43
05-06-2025,Phone,Electronics,19153.04,5,95765.2
08-01-2025,Phone,Electronics,18163.81,5,90819.05
31-10-2025,Mouse,Electronics,637.45,5,3187.25
03-01-2025,Milk,Grocery,53.37,1,53.37
26-01-2025,T-Shirt,Fashion,742.04,5,3710.2
15-09-2025,Watch,Accessories,3820.97,9,34388.73
21-03-2025,Mouse,Electronics,729.85,3,2189.55
11-04-2025,Milk,Grocery,55.94,2,111.88
29-05-2025,Shoes,Fashion,2266.07,6,13596.42
08-05-2025,Bread,Grocery,41.43,7,290.01
05-08-2025,Milk,Grocery,60.14,2,
14-05-2025,Speaker,Electronics,4321.82,5,21609.1
30-03-2025,Bag,Accessories,1184.6,6,7107.6
24-10-2025,Keyboard,Electronics,1555,4,6220
09-05-2025,Keyboard,Electronics,1474.89,4,5899.56
04-06-2025,T-Shirt,Fashion,733.7,10,7337
18-11-2025,Phone,Electronics,20183.32,7,141283.24
12-08-2025,Mouse,Electronics,649.41,8,5195.28
22-12-2025,Rice,Grocery,60.05,6,360.3
28-08-2025,Rice,Grocery,59.13,7,413.91
30-07-2025,Phone,Electronics,18110.69,9,162996.21
14-01-2025,Bread,Grocery,39.37,3,118.11
11-11-2025,Speaker,Electronics,4322.15,4,17288.6
25-10-2025,Headphones,Electronics,2923.87,10,29238.7
06-10-2025,Speaker,Electronics,4559.02,5,22795.1
28-01-2025,Bread,Grocery,42.76,3,128.28
26-07-2025,Watch,Accessories,3154.17,9,28387.53
24-08-2025,Tablet,Electronics,22771.73,1,22771.73
19-05-2025,Tablet,Electronics,27430.87,2,54861.74
20-06-2025,Bag,Accessories,1103.38,5,5516.9
17-10-2025,Phone,Electronics,20762.37,1,20762.37
04-03-2025,Jeans,Fashion,1830.46,9,16474.14
28-01-2025,Jeans,Fashion,1693.82,3,5081.46
15-10-2025,Jeans,Fashion,1968.22,3,5904.66
25-04-2025,Speaker,Electronics,4658.11,3,13974.33
04-06-2025,Watch,Accessories,3367.62,1,3367.62
06-09-2025,Bag,Accessories,1245.07,2,2490.14
04-02-2025,Laptop,Electronics,46530.22,2,93060.44
24-09-2025,Mouse,Electronics,664.61,2,1329.22
31-08-2025,Laptop,Electronics,53327.26,8,426618.08
20-07-2025,Laptop,Electronics,54260.44,5,271302.2
27-07-2025,Phone,Electronics,21930.79,4,87723.16
07-10-2025,T-Shirt,Fashion,851.47,8,6811.76
03-12-2025,Bag,Accessories,1109.57,3,3328.71
22-11-2025,Laptop,Electronics,46848.08,4,187392.32
29-03-2025,Headphones,Electronics,3145,9,28305
13-04-2025,Phone,Electronics,19921.87,5,99609.35
08-12-2025,Mouse,Electronics,764.27,8,6114.16
08-07-2025,Watch,Accessories,3342.63,7,23398.41
24-12-2025,Bread,Grocery,36.86,7,258.02
06-08-2025,Keyboard,Electronics,1358.39,8,10867.12
03-03-2025,Bag,Accessories,1173.46,10,11734.6
05-06-2025,Laptop,Electronics,51451.09,10,514510.9
16-08-2025,,Electronics,54081.08,6,324486.48
13-03-2025,Phone,Electronics,21529.7,8,172237.6
22-05-2025,Laptop,Electronics,54817.54,6,328905.24
14-09-2025,Tablet,Electronics,26805.11,4,107220.44
28-06-2025,Speaker,Electronics,4685.6,7,32799.2
20-09-2025,Mouse,Electronics,654.43,3,1963.29
30-06-2025,Watch,Accessories,3653.45,6,21920.7
24-08-2025,Jeans,Fashion,1929.12,3,5787.36
23-05-2025,Bread,Grocery,42.1,5,210.5
21-07-2025,Mouse,Electronics,758.26,8,6066.08
12-07-2025,Phone,Electronics,20423.37,3,61270.11
22-10-2025,Jeans,Fashion,1953.87,9,17584.83
13-05-2025,Keyboard,Electronics,1559.33,10,15593.3
25-10-2025,Rice,Grocery,61.01,7,427.07
04-02-2025,Laptop,Electronics,45295.22,3,135885.66
29-04-2025,Mouse,Electronics,723.14,8,5785.12
14-12-2025,Phone,Electronics,19294.64,4,77178.56
02-05-2025,Mouse,Electronics,755.97,3,2267.91
16-07-2025,Bread,Grocery,43.79,2,87.58
01-02-2025,Bag,Accessories,1140.12,1,1140.12
07-02-2025,Phone,Electronics,21053.41,10,210534.1
20-11-2025,Tablet,Electronics,22647.3,3,67941.9
14-06-2025,Mouse,Electronics,727.82,7,5094.74
10-03-2025,Watch,Accessories,3551.65,4,14206.6
11-04-2025,T-Shirt,Fashion,798.58,5,3992.9
26-04-2025,Shoes,Fashion,2621.08,7,18347.56
28-09-2025,Bread,Grocery,42.32,2,84.64
26-10-2025,Laptop,Electronics,,2,102582.32
15-04-2025,Laptop,Electronics,53100.09,1,53100.09
04-07-2025,Bread,Grocery,39.26,9,353.34
06-02-2025,Rice,,56.22,9,505.98
12-09-2025,Shoes,Fashion,2666.2,10,26662
31-08-2025,Headphones,Electronics,2911.26,10,29112.6
14-10-2025,Tablet,Electronics,23189.37,2,46378.74
13-08-2025,Milk,Grocery,56.38,2,112.76
19-10-2025,Mouse,Electronics,647.81,9,5830.29
02-06-2025,Mouse,Electronics,646.51,4,2586.04
27-01-2025,Bag,Accessories,1209.73,1,1209.73
25-04-2025,Tablet,Electronics,27203.09,5,136015.45
19-07-2025,Jeans,Fashion,1748.85,3,5246.55
28-05-2025,Mouse,Electronics,704.82,4,2819.28
23-09-2025,Speaker,Electronics,4600.12,5,23000.6
24-07-2025,Bag,Accessories,1093.6,2,2187.2
26-10-2025,Phone,Electronics,21747.71,5,108738.55
01-12-2025,Laptop,Electronics,45322.75,7,
14-05-2025,,Fashion,2417.27,1,2417.27
13-03-2025,Shoes,Fashion,2523.54,6,15141.24
06-12-2025,Speaker,Electronics,4840.44,4,19361.76
10-09-2025,Mouse,Electronics,742.79,10,7427.9
09-11-2025,Jeans,Fashion,1920.6,1,1920.6
27-06-2025,Mouse,Electronics,762.99,10,7629.9
10-11-2025,Speaker,Electronics,4122.53,9,37102.77
03-09-2025,Keyboard,Electronics,1431.15,1,1431.15
23-02-2025,Laptop,Electronics,49965.97,4,199863.88
29-11-2025,Rice,Grocery,59.18,5,295.9
27-04-2025,Laptop,Electronics,54312.47,1,54312.47
11-04-2025,Headphones,Electronics,3064.88,7,21454.16
16-12-2025,Watch,Accessories,3666.55,,32998.95
04-09-2025,Laptop,Electronics,48871.25,7,342098.75
23-12-2025,Keyboard,Electronics,1478.92,7,10352.44
09-10-2025,Keyboard,Electronics,1384.67,2,2769.34
12-11-2025,Speaker,Electronics,4380.94,4,17523.76
25-06-2025,Milk,Grocery,59.6,4,238.4
29-04-2025,Mouse,Electronics,712.41,4,2849.64
31-07-2025,Jeans,Fashion,1890.92,9,17018.28
18-10-2025,Laptop,Electronics,54909.39,1,54909.39
08-05-2025,Tablet,Electronics,22784.42,1,
06-03-2025,Phone,Electronics,18722.37,1,18722.37
10-06-2025,Rice,Grocery,61.23,4,244.92
30-05-2025,Keyboard,Electronics,1531.84,8,12254.72
03-12-2025,Mouse,Electronics,721.92,2,1443.84
09-05-2025,Headphones,Electronics,2823.52,6,16941.12
23-04-2025,Phone,Electronics,20852.54,6,125115.24
10-10-2025,T-Shirt,Fashion,859.04,4,3436.16
27-09-2025,Speaker,Electronics,4290.78,9,38617.02
15-09-2025,Mouse,Electronics,637.56,7,4462.92
28-12-2025,Bag,Accessories,1196.69,2,2393.38
15-04-2025,Speaker,Electronics,4173.42,9,37560.78
29-04-2025,T-Shirt,Fashion,838.71,4,3354.84
04-03-2025,Rice,Grocery,62.7,3,188.1
19-01-2025,Shoes,Fashion,2599.17,8,20793.36
28-02-2025,Laptop,Electronics,49989.07,1,49989.07
19-05-2025,T-Shirt,Fashion,814.12,5,4070.6
13-02-2025,Laptop,Electronics,47790.92,10,477909.2
16-07-2025,Phone,Electronics,18075.39,7,126527.73
16-07-2025,Phone,Electronics,18177.66,4,72710.64
14-07-2025,Keyboard,Electronics,1547.98,9,13931.82
27-01-2025,Watch,Accessories,3363.6,9,30272.4
28-06-2025,Speaker,Electronics,4073.39,10,
22-06-2025,Speaker,Electronics,4795.34,5,23976.7
30-10-2025,Shoes,Fashion,2628.63,6,15771.78
15-11-2025,Milk,Grocery,59.02,1,59.02
25-02-2025,Headphones,Electronics,2932.87,5,14664.35
01-10-2025,Phone,Electronics,19695.34,,196953.4
23-09-2025,T-Shirt,Fashion,746.01,7,5222.07
28-08-2025,Jeans,Fashion,1977.34,4,7909.36
09-03-2025,Speaker,Electronics,4063.67,5,20318.35
13-02-2025,Shoes,Fashion,2635.67,5,13178.35
22-06-2025,Bag,Accessories,1174.7,10,11747
21-05-2025,Rice,Grocery,57.22,5,286.1
01-12-2025,Bread,Grocery,42.17,1,42.17
05-03-2025,T-Shirt,Fashion,810.95,6,4865.7
16-05-2025,Tablet,Electronics,23393.92,8,187151.36
09-01-2025,Phone,Electronics,18035.48,1,18035.48
03-07-2025,Phone,Electronics,20550.97,9,184958.73
22-04-2025,Milk,Grocery,50.14,2,100.28
22-05-2025,Speaker,Electronics,4599.3,6,27595.8
02-02-2025,Phone,Electronics,18719.22,5,93596.1
13-05-2025,Tablet,Electronics,24974.64,4,99898.56
19-11-2025,Keyboard,Electronics,1394.07,10,13940.7
02-12-2025,Laptop,Electronics,47326.72,1,47326.72
05-04-2025,Watch,Accessories,3504.7,8,28037.6
24-10-2025,Rice,Grocery,54.5,4,218
01-02-2025,Jeans,Fashion,1977.11,5,9885.55
09-01-2025,Watch,Accessories,3741.45,6,22448.7
04-10-2025,Jeans,Fashion,1636.1,4,6544.4
29-06-2025,Mouse,Electronics,640.85,8,5126.8
27-02-2025,Headphones,Electronics,2746.47,4,10985.88
16-06-2025,Bag,Accessories,1169.13,7,8183.91
06-02-2025,Watch,Accessories,3448.53,5,17242.65
15-03-2025,Laptop,Electronics,48265.41,6,289592.46
21-06-2025,Milk,Grocery,59.37,6,356.22
29-08-2025,T-Shirt,Fashion,819.51,3,2458.53
08-07-2025,Laptop,Electronics,47908.73,3,143726.19
30-10-2025,Laptop,Electronics,46062.32,4,184249.28
10-06-2025,Headphones,Electronics,3129.46,9,28165.14
25-10-2025,Jeans,Fashion,1743.86,,6975.44
13-07-2025,Tablet,Electronics,25413.43,3,76240.29
15-07-2025,Bread,Grocery,43.98,2,87.96
09-02-2025,Speaker,Electronics,4943.09,10,49430.9
15-09-2025,Bag,Accessories,1231.28,7,8618.96
03-10-2025,Jeans,Fashion,1663.65,9,14972.85
27-01-2025,Bag,Accessories,1193.36,9,10740.24
24-09-2025,Phone,Electronics,19267.76,4,77071.04
22-10-2025,T-Shirt,Fashion,865.77,6,5194.62
05-05-2025,Bread,Grocery,42.14,6,252.84
29-04-2025,Phone,Electronics,19259.27,2,38518.54
21-12-2025,Shoes,Fashion,2472.5,7,17307.5
05-07-2025,Mouse,Electronics,679.28,9,6113.52
09-02-2025,Speaker,Electronics,4376.07,8,35008.56
06-11-2025,Shoes,Fashion,2474.48,7,17321.36
28-04-2025,Bag,Accessories,1278.68,3,3836.04
03-10-2025,Shoes,Fashion,2638.22,7,18467.54
12-12-2025,Bag,Accessories,1239.82,10,12398.2
14-05-2025,Bread,Grocery,38.3,6,229.8
02-03-2025,Mouse,Electronics,687.19,9,6184.71
17-03-2025,Bag,Accessories,1198.61,4,4794.44
03-04-2025,Speaker,Electronics,4458.66,3,13375.98
03-03-2025,Milk,Grocery,52.4,9,471.6
31-12-2025,Speaker,Electronics,4472.87,2,8945.74
06-03-2025,Tablet,Electronics,22670.38,7,158692.66
13-01-2025,Jeans,Fashion,1680.1,2,3360.2
09-03-2025,Headphones,Electronics,3220.13,7,22540.91
05-08-2025,Rice,Grocery,55.53,9,499.77
04-05-2025,Jeans,Fashion,1725.62,6,10353.72
22-06-2025,Bag,Accessories,1226.1,2,2452.2
24-01-2025,Mouse,Electronics,733.42,6,4400.52
18-08-2025,Speaker,Electronics,4417.99,8,35343.92
12-08-2025,T-Shirt,Fashion,841.23,3,2523.69
04-04-2025,Jeans,Fashion,1895.74,9,17061.66
12-02-2025,Keyboard,Electronics,1618.68,10,16186.8
31-10-2025,Rice,Grocery,62.09,8,496.72
14-07-2025,Rice,Grocery,59.26,9,533.34
29-10-2025,T-Shirt,Fashion,871.16,2,1742.32
29-04-2025,T-Shirt,Fashion,798.93,1,798.93
16-10-2025,Headphones,Electronics,3238.38,10,32383.8
18-09-2025,Tablet,Electronics,27140.22,5,135701.1
15-06-2025,Milk,Grocery,53,3,159
15-03-2025,Laptop,Electronics,53139.87,4,212559.48
09-08-2025,Headphones,Electronics,2866.95,10,28669.5
10-06-2025,Mouse,Electronics,678.63,3,2035.89
02-03-2025,T-Shirt,Fashion,763.82,8,6110.56
25-04-2025,Speaker,Electronics,4202.39,5,21011.95
07-11-2025,Bread,Grocery,36.85,4,147.4
08-12-2025,T-Shirt,Fashion,742.56,4,2970.24
10-10-2025,Tablet,Electronics,25043.49,3,75130.47
15-01-2025,Bag,Accessories,1296.61,9,11669.49
03-10-2025,Bread,Grocery,37.56,8,300.48
14-01-2025,Rice,Grocery,56.44,10,564.4
07-08-2025,Jeans,Fashion,1780.14,3,5340.42
21-08-2025,T-Shirt,Fashion,866.88,2,1733.76
16-08-2025,Speaker,Electronics,4439.04,5,22195.2
14-02-2025,Tablet,Electronics,23184.09,5,115920.45
09-12-2025,Mouse,Electronics,765.58,2,1531.16
24-04-2025,Jeans,Fashion,1646.77,3,4940.31
17-09-2025,Rice,Grocery,57.31,9,515.79
11-12-2025,Bread,Grocery,36.59,6,219.54
20-01-2025,Milk,Grocery,50.6,9,455.4
12-06-2025,Shoes,Fashion,2670.72,1,2670.72
21-11-2025,Watch,Accessories,3155.58,3,9466.74
28-10-2025,Milk,Grocery,59.09,4,236.36
11-12-2025,Shoes,Fashion,2382.64,3,7147.92
06-09-2025,Tablet,Electronics,23435.52,8,187484.16
25-05-2025,Keyboard,Electronics,1409.57,2,
22-09-2025,Tablet,Electronics,26116.42,4,104465.68
,Milk,Grocery,50.24,9,452.16
09-11-2025,Shoes,Fashion,2605,1,2605
03-08-2025,Jeans,Fashion,1714.71,7,12002.97
20-11-2025,Bag,Accessories,1136.33,6,6817.98
05-09-2025,Headphones,Electronics,3094.16,3,9282.48
03-06-2025,Tablet,Electronics,23659.47,5,118297.35
09-12-2025,Phone,Electronics,19960.89,7,139726.23
03-11-2025,Rice,Grocery,60.52,5,302.6
19-02-2025,Shoes,Fashion,2306.18,5,11530.9
03-08-2025,Phone,Electronics,19301.59,7,135111.13
01-03-2025,Keyboard,Electronics,1489.42,6,8936.52
05-12-2025,Mouse,Electronics,678.66,7,4750.62
27-12-2025,Keyboard,Electronics,1582.1,8,12656.8
08-09-2025,Bag,Accessories,1178.88,4,4715.52
15-01-2025,T-Shirt,Fashion,762.87,4,3051.48
29-07-2025,Laptop,Electronics,50622.57,6,303735.42
14-05-2025,Watch,Accessories,3372.33,7,23606.31
15-08-2025,Milk,Grocery,53.89,1,53.89
18-05-2025,Phone,Electronics,20912.75,6,125476.5
22-11-2025,Tablet,Electronics,22728.14,8,181825.12
,Shoes,Fashion,2536.25,,7608.75
02-10-2025,Shoes,Fashion,2639.78,2,5279.56
11-11-2025,Bag,,1159.12,10,11591.2
04-10-2025,Laptop,Electronics,54502.79,1,54502.79
14-07-2025,Mouse,Electronics,739.26,6,4435.56
30-06-2025,Bread,Grocery,42.13,2,84.26
,Laptop,Electronics,50186.49,6,301118.94
02-10-2025,Shoes,Fashion,2742.61,9,24683.49
22-07-2025,Tablet,Electronics,26089.1,5,130445.5
24-03-2025,Speaker,Electronics,4386.49,7,
21-04-2025,Headphones,Electronics,,1,3140
19-01-2025,Tablet,Electronics,22600.14,9,203401.26
22-02-2025,Headphones,Electronics,2938.76,8,23510.08
22-01-2025,Keyboard,Electronics,1434.93,,1434.93
28-04-2025,Watch,Accessories,3690.69,4,14762.76
18-01-2025,T-Shirt,Fashion,839.99,7,5879.93
02-12-2025,Milk,Grocery,50.94,5,254.7
13-02-2025,Mouse,Electronics,640.34,7,4482.38
11-01-2025,Laptop,Electronics,52426.52,9,471838.68
06-11-2025,Speaker,Electronics,4186.66,10,41866.6
20-07-2025,Shoes,Fashion,2665.74,5,13328.7
15-06-2025,Milk,Grocery,55.14,1,55.14
04-06-2025,T-Shirt,Fashion,793.42,2,1586.84
16-05-2025,Watch,Accessories,3553.34,7,24873.38
30-05-2025,Milk,Grocery,50.52,7,353.64
15-10-2025,T-Shirt,Fashion,797.34,9,7176.06
17-09-2025,Shoes,Fashion,2441.2,8,19529.6
21-07-2025,Rice,Grocery,63.15,2,126.3
20-08-2025,Shoes,Fashion,2538.94,1,2538.94
23-07-2025,Bread,Grocery,37.86,6,227.16
02-09-2025,Bag,Accessories,1106.15,5,5530.75
20-06-2025,Keyboard,Electronics,1592.9,2,3185.8
18-02-2025,Headphones,Electronics,2801.55,8,22412.4
31-10-2025,Shoes,Fashion,2291.94,7,16043.58
12-11-2025,Tablet,Electronics,24867.57,10,248675.7
30-04-2025,Laptop,Electronics,52674.08,5,263370.4
30-07-2025,T-Shirt,Fashion,838.48,3,2515.44
19-01-2025,Rice,Grocery,62.27,10,622.7
28-07-2025,Tablet,Electronics,22527.86,4,90111.44
15-10-2025,Bread,Grocery,39.91,8,319.28
10-06-2025,Watch,Accessories,3315.02,8,26520.16
29-12-2025,Phone,Electronics,20057.72,2,40115.44
23-02-2025,Milk,Grocery,57.19,7,400.33
07-03-2025,Bread,Grocery,36.11,9,324.99
04-03-2025,Keyboard,Electronics,1409.21,2,2818.42
20-01-2025,Speaker,Electronics,4431.76,3,13295.28
17-11-2025,Bread,Grocery,40.2,3,120.6
08-10-2025,Milk,Grocery,53.89,5,269.45
02-03-2025,Milk,Grocery,60.45,5,302.25
25-09-2025,Rice,Grocery,61.38,6,368.28
16-10-2025,Watch,Accessories,3266.16,5,16330.8
25-09-2025,Watch,Accessories,3293.12,10,32931.2
10-07-2025,Headphones,Electronics,3062.71,8,24501.68
25-08-2025,Shoes,,2718.1,3,8154.3
26-03-2025,Headphones,Electronics,3129.05,8,25032.4
06-01-2025,Rice,Grocery,59,3,177
29-08-2025,Mouse,Electronics,769.06,1,769.06
09-06-2025,Jeans,Fashion,1687.56,2,3375.12
03-10-2025,Phone,Electronics,19324.14,1,19324.14
16-11-2025,Phone,Electronics,20377.82,2,40755.64
29-06-2025,Watch,Accessories,3541.41,4,14165.64
26-06-2025,Watch,Accessories,3159.89,4,12639.56
21-05-2025,T-Shirt,Fashion,851.32,7,5959.24
27-10-2025,Jeans,Fashion,1730.07,10,17300.7
26-07-2025,Speaker,Electronics,4279.27,9,38513.43
25-11-2025,Watch,Accessories,3291.81,10,32918.1
20-03-2025,Mouse,Electronics,732.29,5,3661.45
02-04-2025,T-Shirt,Fashion,810.19,3,2430.57
25-09-2025,Bag,Accessories,1234.76,7,8643.32
19-06-2025,Bag,Accessories,1265.27,10,12652.7
06-11-2025,T-Shirt,Fashion,874.67,10,8746.7
09-12-2025,Speaker,Electronics,4476.07,3,13428.21
02-01-2025,Bread,Grocery,37.85,4,151.4
16-02-2025,Speaker,Electronics,4773.02,3,14319.06
15-03-2025,Keyboard,Electronics,1492.64,1,1492.64
15-06-2025,Mouse,Electronics,755.43,,755.43
12-03-2025,Headphones,Electronics,3184.34,7,22290.38
07-12-2025,Phone,Electronics,19308.36,9,173775.24
02-03-2025,Shoes,Fashion,2530.07,7,17710.49
17-07-2025,Jeans,Fashion,1790.81,5,8954.05
25-09-2025,Rice,Grocery,60.37,10,603.7
20-04-2025,Keyboard,Electronics,1633.65,5,8168.25
31-12-2025,Keyboard,Electronics,1601.96,9,14417.64
15-08-2025,Phone,Electronics,20780.4,5,103902
17-12-2025,Mouse,Electronics,708.11,7,4956.77
30-11-2025,Rice,Grocery,56.14,6,336.84
27-08-2025,Bread,Grocery,41.36,7,289.52
20-04-2025,Bag,Accessories,1214.35,4,4857.4
15-07-2025,Rice,Grocery,56.15,1,56.15
11-04-2025,Phone,Electronics,19443.97,4,77775.88
03-01-2025,Bag,Accessories,1154.49,2,2308.98
08-07-2025,Speaker,Electronics,4278.38,1,4278.38
07-11-2025,T-Shirt,Fashion,725.36,5,3626.8
25-11-2025,Phone,Electronics,19593.18,5,97965.9
21-05-2025,Watch,Accessories,3190.06,10,31900.6
16-01-2025,Tablet,Electronics,26090.15,8,208721.2
08-11-2025,Watch,Accessories,3468.14,3,10404.42
31-08-2025,Jeans,Fashion,1934.98,9,17414.82
23-02-2025,Laptop,Electronics,48695.34,10,486953.4
20-03-2025,Jeans,Fashion,1885.03,3,5655.09
12-02-2025,Milk,Grocery,58.67,2,117.34
29-01-2025,Phone,Electronics,20549.91,1,20549.91
10-06-2025,Mouse,Electronics,750.1,5,3750.5
10-04-2025,Watch,Accessories,3579.8,1,3579.8
20-06-2025,Tablet,Electronics,25859.95,6,155159.7
30-12-2025,Keyboard,,1621.72,10,16217.2
07-07-2025,Headphones,Electronics,2708.5,7,18959.5
02-08-2025,Tablet,Electronics,25838.61,1,25838.61
03-02-2025,Shoes,Fashion,2662.52,9,23962.68
17-03-2025,Jeans,Fashion,1715.99,3,5147.97
16-08-2025,Laptop,Electronics,47755.25,4,191021
19-12-2025,Headphones,Electronics,2945.55,1,2945.55
09-06-2025,T-Shirt,Fashion,809.69,2,1619.38
24-06-2025,Phone,Electronics,20272.69,2,40545.38
17-10-2025,Speaker,Electronics,4466.7,2,8933.4
16-02-2025,Keyboard,Electronics,1568.87,3,4706.61
12-06-2025,Bag,Accessories,1230.39,1,1230.39
28-03-2025,Bread,Grocery,36.08,6,216.48
24-08-2025,Mouse,Electronics,752.81,4,3011.24
07-06-2025,Tablet,Electronics,25904.45,4,103617.8
09-03-2025,T-Shirt,Fashion,728.53,5,3642.65
02-04-2025,T-Shirt,Fashion,742.47,6,4454.82
31-07-2025,Shoes,Fashion,2667.64,5,13338.2
13-04-2025,Keyboard,Electronics,1643.78,5,8218.9
24-12-2025,Phone,Electronics,19058.18,8,152465.44
01-07-2025,Bag,Accessories,1167.27,9,10505.43
19-08-2025,Tablet,Electronics,25655.13,3,76965.39
19-01-2025,Tablet,Electronics,25426.11,3,76278.33
03-10-2025,Bag,Accessories,1130.56,7,7913.92
27-06-2025,Watch,Accessories,3717.64,5,18588.2
17-04-2025,Rice,Grocery,62.4,9,561.6
10-10-2025,Tablet,Electronics,26215.66,5,131078.3
16-02-2025,Headphones,Electronics,,5,15820.25
22-04-2025,Phone,Electronics,19043.38,2,38086.76
22-09-2025,Watch,Accessories,3591.78,8,28734.24
13-03-2025,Phone,Electronics,20347.28,6,122083.68
16-10-2025,Milk,Grocery,56.74,1,56.74
15-06-2025,Jeans,Fashion,1657.66,6,9945.96
05-01-2025,Keyboard,Electronics,1476.42,6,8858.52
22-06-2025,Watch,Accessories,3782.09,3,11346.27
03-07-2025,T-Shirt,Fashion,746.04,9,6714.36
06-04-2025,Bread,Grocery,36.17,10,361.7
22-08-2025,Bag,Accessories,1218.23,7,8527.61
24-07-2025,Phone,Electronics,21336.39,5,106681.95
11-07-2025,Bag,Accessories,1161.09,7,8127.63
03-06-2025,Laptop,Electronics,54707.66,4,218830.64
17-09-2025,Mouse,Electronics,688.94,5,3444.7
23-10-2025,Milk,Grocery,56.02,3,168.06
20-09-2025,Keyboard,Electronics,1626.71,10,16267.1
24-12-2025,Headphones,Electronics,2819.08,10,28190.8
13-03-2025,Keyboard,Electronics,1549.02,1,1549.02
16-02-2025,T-Shirt,Fashion,846.86,3,2540.58
27-06-2025,Phone,Electronics,19583.98,8,156671.84
01-01-2025,Watch,Accessories,3253.24,3,9759.72
04-06-2025,T-Shirt,Fashion,732.86,4,2931.44
15-04-2025,Milk,Grocery,50.49,4,201.96
20-03-2025,Watch,Accessories,3538.74,6,21232.44
03-01-2025,Phone,Electronics,18637.32,2,37274.64
30-08-2025,Headphones,Electronics,3112.07,4,12448.28
30-08-2025,Watch,Accessories,3413.4,8,27307.2
28-12-2025,Shoes,Fashion,2631.53,2,5263.06
18-07-2025,Keyboard,Electronics,1445.51,3,4336.53
24-07-2025,Bread,Grocery,38.62,5,193.1
12-12-2025,Jeans,Fashion,1934.17,10,19341.7
21-07-2025,Headphones,Electronics,2742.99,8,21943.92
09-12-2025,Jeans,Fashion,1969.28,1,1969.28
24-04-2025,Speaker,Electronics,4597.67,4,18390.68
08-07-2025,Rice,Grocery,58.08,1,58.08
09-11-2025,Bag,Accessories,1260.4,2,2520.8
27-11-2025,Shoes,Fashion,2319.04,4,9276.16
23-01-2025,Shoes,Fashion,2400.97,2,4801.94
23-06-2025,Milk,Grocery,56.69,7,396.83
19-03-2025,T-Shirt,Fashion,769.77,8,6158.16
18-01-2025,T-Shirt,Fashion,873.36,7,6113.52
02-04-2025,Keyboard,Electronics,1469.46,,13225.14
24-02-2025,Phone,Electronics,21224.92,6,127349.52
18-12-2025,Jeans,Fashion,1656.51,7,11595.57
07-01-2025,Keyboard,Electronics,1445.71,10,14457.1
17-09-2025,Milk,Grocery,57.05,1,57.05
06-09-2025,Watch,Accessories,3821.94,7,26753.58
05-08-2025,Bread,Grocery,36.44,7,255.08
13-05-2025,Jeans,Fashion,1848.28,10,18482.8
19-08-2025,Headphones,Electronics,2923.7,8,23389.6
31-12-2025,Rice,Grocery,64.13,6,384.78
27-02-2025,Bread,Grocery,37.43,7,262.01
30-09-2025,Bread,Grocery,39.07,2,78.14
18-03-2025,Laptop,Electronics,48371.16,10,483711.6
13-05-2025,Shoes,Fashion,2507.45,10,25074.5
21-08-2025,Milk,Grocery,50.03,5,250.15
21-01-2025,Mouse,Electronics,751.51,8,6012.08
07-07-2025,Laptop,Electronics,53891.66,6,323349.96
10-05-2025,Milk,Grocery,53.21,5,266.05
13-01-2025,Headphones,Electronics,2860.34,5,14301.7
02-07-2025,Milk,Grocery,49.69,6,298.14
02-06-2025,Watch,Accessories,3174.93,2,6349.86
02-07-2025,Jeans,Fashion,1633.18,7,11432.26
08-05-2025,Keyboard,Electronics,1375.21,2,2750.42
06-03-2025,Jeans,Fashion,1672.07,8,13376.56
09-08-2025,Speaker,Electronics,4297.23,8,34377.84
19-12-2025,Bag,Accessories,1138.58,9,10247.22
19-10-2025,Phone,Electronics,18162.56,6,108975.36
10-07-2025,Laptop,Electronics,46467.5,2,92935
15-07-2025,Headphones,Electronics,3288.16,2,6576.32
22-06-2025,Speaker,Electronics,4623.07,5,23115.35
05-08-2025,Milk,Grocery,49.75,5,248.75
01-12-2025,Jeans,Fashion,1937.85,7,13564.95
01-03-2025,Bread,Grocery,37.53,5,187.65
05-06-2025,Bag,Accessories,1203.37,4,4813.48
22-12-2025,Bread,Grocery,36.39,10,363.9
31-08-2025,Shoes,Fashion,2630.36,7,18412.52
21-05-2025,Jeans,Fashion,1867.99,3,5603.97
22-05-2025,Headphones,Electronics,3102.86,10,31028.6
24-07-2025,Speaker,Electronics,4213.13,5,21065.65
20-05-2025,Laptop,Electronics,49071.83,1,49071.83
01-08-2025,Watch,Accessories,3240.84,5,16204.2
25-08-2025,Bag,Accessories,1269.66,6,7617.96
19-02-2025,Shoes,Fashion,2362.41,6,14174.46
24-04-2025,Mouse,Electronics,715.59,10,7155.9
24-08-2025,Bag,Accessories,1180.98,10,11809.8
18-06-2025,Headphones,Electronics,2933.42,,26400.78
07-01-2025,Rice,Grocery,58.09,6,348.54
16-08-2025,Keyboard,Electronics,1488.58,8,11908.64
18-04-2025,Headphones,Electronics,3118.64,7,21830.48
,Milk,Grocery,49.85,10,498.5
10-02-2025,Watch,Accessories,3490.58,6,20943.48
12-02-2025,Shoes,Fashion,2624.01,9,23616.09
09-07-2025,T-Shirt,Fashion,766.69,6,4600.14
20-08-2025,Watch,Accessories,3477.17,3,10431.51
16-11-2025,Bag,Accessories,1120.02,6,6720.12
17-10-2025,Milk,Grocery,54.07,1,54.07
26-05-2025,Headphones,Electronics,3146.43,4,12585.72
12-07-2025,Speaker,Electronics,4533.83,7,31736.81
07-11-2025,Tablet,Electronics,23117.47,7,161822.29
22-04-2025,Shoes,Fashion,2746.07,10,27460.7
29-05-2025,Keyboard,Electronics,1609.47,7,11266.29
09-10-2025,Milk,Grocery,53.37,4,213.48
03-08-2025,Speaker,Electronics,4589.32,6,27535.92
05-07-2025,Watch,Accessories,3223.95,6,19343.7
15-09-2025,Headphones,Electronics,3019.51,4,12078.04
26-07-2025,Phone,Electronics,21027.31,5,105136.55
19-08-2025,Keyboard,Electronics,1627.17,3,4881.51
24-07-2025,T-Shirt,Fashion,720.53,6,4323.18
26-08-2025,Watch,Accessories,,2,6541.18
16-07-2025,Bag,Accessories,1236.75,7,8657.25
30-07-2025,Shoes,Fashion,2568.21,10,25682.1
25-04-2025,Keyboard,Electronics,1532.91,9,13796.19
11-02-2025,Bag,Accessories,1216.94,7,8518.58
12-01-2025,Rice,Grocery,61.32,3,183.96
19-10-2025,Watch,Accessories,3480.34,2,6960.68
09-07-2025,Laptop,Electronics,52429.65,7,367007.55
10-10-2025,Headphones,Electronics,3218.06,3,9654.18
23-08-2025,Rice,Grocery,62.68,4,250.72
31-03-2025,Phone,Electronics,21748.56,4,86994.24
15-06-2025,Keyboard,Electronics,1437.89,1,1437.89
16-04-2025,Bag,Accessories,1190.68,4,4762.72
17-12-2025,Bag,Accessories,1186.48,4,4745.92
01-04-2025,Phone,Electronics,20000.86,2,40001.72
06-11-2025,Tablet,Electronics,24156.3,3,72468.9
06-05-2025,,Electronics,20888.19,2,41776.38
04-01-2025,Jeans,Fashion,1631.64,7,11421.48
24-09-2025,Phone,,21448.68,2,42897.36
02-08-2025,T-Shirt,Fashion,861.34,9,7752.06
03-03-2025,Jeans,Fashion,1899.57,9,17096.13
13-01-2025,Phone,Electronics,19923.23,1,19923.23
30-05-2025,Bread,Grocery,39.19,1,39.19
06-07-2025,Milk,Grocery,57.38,9,516.42
19-11-2025,Watch,Accessories,3458.03,2,6916.06
23-02-2025,Keyboard,Electronics,1604.12,10,16041.2
27-02-2025,Jeans,Fashion,1680.82,7,11765.74
03-12-2025,Rice,Grocery,55.7,4,222.8
05-09-2025,Shoes,Fashion,2382.25,6,14293.5
25-11-2025,Jeans,Fashion,1646.67,8,
06-05-2025,Bread,Grocery,38.08,5,190.4
19-12-2025,Phone,Electronics,19322.64,8,154581.12
25-12-2025,T-Shirt,Fashion,810.92,10,8109.2
19-01-2025,Bread,Grocery,37.12,9,334.08
28-05-2025,Laptop,Electronics,47210.22,6,283261.32
16-10-2025,Rice,Grocery,62.57,5,312.85
23-03-2025,Bag,Accessories,1232.13,8,9857.04
14-08-2025,Watch,Accessories,3356.42,3,10069.26
17-03-2025,Bag,Accessories,1150.16,7,8051.12
12-05-2025,Watch,Accessories,3309.54,4,13238.16
26-10-2025,T-Shirt,Fashion,743.74,1,743.74
13-05-2025,Rice,Grocery,62.65,9,563.85
27-07-2025,Phone,Electronics,20473.84,3,61421.52
26-06-2025,Watch,Accessories,3259.11,9,29331.99
10-06-2025,Headphones,Electronics,2924.62,8,23396.96
28-11-2025,Keyboard,Electronics,1611.23,8,12889.84
31-03-2025,Phone,Electronics,21588.53,1,21588.53
09-12-2025,Mouse,Electronics,677.93,5,3389.65
16-04-2025,Shoes,Fashion,2325.04,10,23250.4
03-03-2025,Watch,Accessories,3287.86,8,26302.88
24-08-2025,Bag,Accessories,1299.05,1,1299.05
26-09-2025,Speaker,Electronics,4255.53,4,17022.12
06-07-2025,Watch,Accessories,3172.99,2,6345.98
18-06-2025,Headphones,Electronics,2740.32,9,24662.88
01-10-2025,Tablet,Electronics,26206.29,2,52412.58
29-01-2025,Phone,Electronics,20266.81,4,81067.24
06-05-2025,T-Shirt,Fashion,847.56,3,2542.68
20-12-2025,Speaker,Electronics,4635.73,4,18542.92
27-04-2025,Jeans,Fashion,1878.26,3,5634.78
21-01-2025,Bag,Accessories,1143.78,5,5718.9
16-02-2025,,Fashion,1688.41,2,3376.82
09-03-2025,Headphones,Electronics,2881.66,4,11526.64
27-04-2025,Shoes,Fashion,2542.84,10,25428.4
02-09-2025,Phone,Electronics,18393.08,1,18393.08
13-06-2025,Bread,Grocery,41.07,4,164.28
,Mouse,Electronics,691.87,8,5534.96
12-04-2025,Mouse,Electronics,705.93,4,2823.72
03-11-2025,Phone,Electronics,19199.84,1,19199.84
25-10-2025,Milk,Grocery,58.97,2,117.94
15-08-2025,Bread,Grocery,41.14,10,411.4
22-11-2025,Bag,Accessories,1261.33,1,1261.33
09-05-2025,Bread,Grocery,39.26,5,196.3
10-09-2025,Watch,Accessories,3273.57,9,29462.13
05-09-2025,Headphones,Electronics,2870.25,5,14351.25
16-05-2025,Tablet,Electronics,25160.95,6,150965.7
21-05-2025,Watch,Accessories,3542.89,5,17714.45
17-11-2025,Phone,Electronics,18445.88,3,55337.64
07-09-2025,Laptop,Electronics,48192.08,9,433728.72
29-08-2025,Phone,Electronics,18652.52,2,37305.04
10-08-2025,Watch,Accessories,3363.25,8,26906
25-06-2025,Watch,Accessories,3630.87,3,10892.61
10-04-2025,Bread,Grocery,36.87,4,147.48
20-04-2025,T-Shirt,Fashion,800.28,6,4801.68
29-09-2025,Phone,Electronics,18411.67,5,92058.35
09-11-2025,Shoes,Fashion,2535.5,3,7606.5
15-06-2025,Keyboard,Electronics,1407.57,7,9852.99
29-03-2025,Tablet,Electronics,23289.72,3,69869.16
16-06-2025,Headphones,Electronics,3288.69,10,32886.9
02-08-2025,,Grocery,41.81,4,167.24
15-05-2025,Phone,Electronics,21737.32,5,108686.6
09-07-2025,Keyboard,Electronics,1441.87,6,8651.22
11-06-2025,Phone,Electronics,19232.07,,192320.7
21-07-2025,Bread,Grocery,39.34,7,275.38
29-01-2025,Milk,Grocery,53.39,3,160.17
22-08-2025,Bread,Grocery,38.19,4,152.76
17-04-2025,Watch,Accessories,3651.67,5,18258.35
11-07-2025,Laptop,Electronics,48218.46,7,337529.22
16-06-2025,Headphones,Electronics,3035.98,4,12143.92
21-04-2025,Bag,Accessories,1200.71,5,6003.55
24-02-2025,Mouse,Electronics,664.04,6,3984.24
03-09-2025,Jeans,Fashion,1833.46,1,1833.46
04-12-2025,Milk,Grocery,57.07,8,456.56
08-05-2025,T-Shirt,Fashion,877.91,10,8779.1
12-07-2025,Laptop,Electronics,46014.4,6,276086.4
22-05-2025,Headphones,Electronics,2921.67,5,14608.35
26-02-2025,Phone,Electronics,18537.14,2,37074.28
16-06-2025,Bread,Grocery,41.86,3,125.58
19-03-2025,Bag,Accessories,1151.73,4,4606.92
15-10-2025,Mouse,Electronics,691.36,6,4148.16
21-10-2025,Headphones,Electronics,3157.67,5,15788.35
13-10-2025,Headphones,Electronics,3190.39,1,3190.39
13-03-2025,Bread,Grocery,42.16,6,252.96
04-07-2025,Speaker,Electronics,4745.43,4,18981.72
05-04-2025,Rice,Grocery,59.62,8,476.96
05-07-2025,Rice,Grocery,56.39,5,281.95
11-05-2025,Bag,Accessories,1259.44,1,1259.44
13-03-2025,Mouse,Electronics,719.91,7,5039.37
22-07-2025,Bread,Grocery,39.89,1,39.89
28-09-2025,Laptop,Electronics,54129.82,9,487168.38
11-07-2025,Laptop,Electronics,50657.15,1,50657.15
16-09-2025,Tablet,Electronics,26491.39,9,238422.51
09-09-2025,T-Shirt,Fashion,811.97,2,1623.94
08-02-2025,Bag,Accessories,1102.11,9,9918.99
27-02-2025,Headphones,Electronics,2794.93,9,25154.37
14-02-2025,Bag,Accessories,1301.4,10,13014
29-11-2025,Shoes,Fashion,2625.95,7,18381.65
22-05-2025,Phone,Electronics,19805.15,3,59415.45
30-11-2025,Rice,Grocery,54.88,,548.8
23-06-2025,Phone,Electronics,20110.86,7,140776.02
11-01-2025,Milk,Grocery,55.82,1,55.82
16-11-2025,Tablet,Electronics,24449.74,1,24449.74
26-04-2025,Rice,Grocery,59.13,5,295.65
25-04-2025,Bag,Accessories,1241.89,6,7451.34
30-09-2025,Phone,Electronics,20614.45,4,82457.8
22-10-2025,Speaker,Electronics,4369.18,10,43691.8
20-03-2025,Shoes,Fashion,2636.5,4,10546
07-06-2025,Keyboard,,1380.27,9,12422.43
05-11-2025,Tablet,Electronics,22697.26,3,68091.78
04-10-2025,Rice,Grocery,65.46,6,392.76
11-06-2025,Speaker,Electronics,4257.09,4,17028.36
14-04-2025,T-Shirt,Fashion,746.13,5,3730.65
30-04-2025,Speaker,Electronics,4877.89,6,29267.34
14-01-2025,Keyboard,Electronics,1613.29,8,12906.32
05-03-2025,Tablet,Electronics,27240.07,1,27240.07
16-08-2025,Tablet,Electronics,26219.71,4,104878.84
14-07-2025,Laptop,Electronics,49468.12,7,346276.84
12-04-2025,Shoes,Fashion,2635.49,10,26354.9
05-03-2025,Mouse,Electronics,765.69,9,6891.21
24-10-2025,Jeans,Fashion,1805.94,3,5417.82
18-04-2025,Mouse,Electronics,761.7,10,7617
03-07-2025,Jeans,Fashion,1978.33,7,13848.31
08-04-2025,Shoes,Fashion,2742.58,9,24683.22
04-07-2025,Phone,Electronics,19021.14,2,38042.28
22-08-2025,Laptop,Electronics,45072.56,7,315507.92
24-07-2025,Tablet,Electronics,23000.33,6,138001.98
08-06-2025,Tablet,Electronics,22826.53,5,114132.65
28-04-2025,Jeans,Fashion,1650.4,7,11552.8
30-08-2025,Laptop,Electronics,54513.09,5,272565.45
28-11-2025,Speaker,Electronics,4340.94,3,13022.82
08-05-2025,Keyboard,Electronics,1519.37,3,4558.11
23-09-2025,Keyboard,Electronics,1392.07,8,11136.56
20-01-2025,Laptop,Electronics,50962.04,4,203848.16
05-12-2025,T-Shirt,Fashion,779.47,7,5456.29
22-03-2025,Milk,Grocery,51.4,9,462.6
19-03-2025,Jeans,Fashion,1911.39,3,5734.17
06-07-2025,Speaker,Electronics,4882.46,3,14647.38
16-01-2025,Phone,Electronics,18816.31,7,131714.17
17-11-2025,Rice,Grocery,64.91,5,324.55
15-11-2025,Rice,Grocery,54.34,1,54.34
19-06-2025,Laptop,Electronics,53888.2,1,53888.2
15-03-2025,Speaker,Electronics,4416.89,9,39752.01
13-07-2025,Bread,Grocery,40.79,9,367.11
28-03-2025,Keyboard,Electronics,1380.03,6,8280.18
25-04-2025,Mouse,Electronics,688.78,2,1377.56
27-02-2025,Phone,Electronics,19857.73,,139004.11
02-10-2025,Phone,Electronics,18537.62,10,185376.2
23-11-2025,Laptop,Electronics,48114.31,,384914.48
12-05-2025,Keyboard,Electronics,1446.86,9,13021.74
07-07-2025,Bag,Accessories,1240.42,2,2480.84
02-09-2025,Phone,Electronics,20994.88,10,209948.8
11-04-2025,Keyboard,Electronics,1415.79,3,4247.37
15-03-2025,Shoes,Fashion,2579.6,2,5159.2
26-07-2025,T-Shirt,Fashion,861.91,2,1723.82
08-05-2025,Shoes,Fashion,2375.34,5,11876.7
18-06-2025,Jeans,Fashion,1970.62,10,19706.2
24-09-2025,Headphones,Electronics,3046.3,5,15231.5
09-03-2025,Rice,Grocery,59.06,3,177.18
24-10-2025,Jeans,Fashion,1956.46,1,1956.46
17-07-2025,Watch,Accessories,3183.61,4,12734.44
04-04-2025,Laptop,Electronics,46429.54,1,46429.54
02-05-2025,Keyboard,Electronics,1469.03,1,1469.03
20-10-2025,Phone,Electronics,19935.38,6,119612.28
07-04-2025,Watch,Accessories,3758.67,10,37586.7
27-07-2025,Phone,Electronics,21970.8,8,175766.4
15-11-2025,T-Shirt,Fashion,807.34,2,1614.68
24-05-2025,Watch,Accessories,,6,22127.76
22-06-2025,Speaker,Electronics,4217.69,6,25306.14
07-09-2025,Bread,Grocery,40.39,2,80.78
09-12-2025,Tablet,Electronics,24211.88,9,217906.92
15-05-2025,Mouse,Electronics,739.47,7,5176.29
25-11-2025,Laptop,Electronics,54647.54,3,163942.62
18-02-2025,Shoes,Fashion,2737.54,2,5475.08
03-03-2025,Headphones,Electronics,3127.62,3,9382.86
27-06-2025,T-Shirt,Fashion,792.41,9,7131.69
12-02-2025,Tablet,Electronics,27358.4,3,82075.2
23-07-2025,Tablet,Electronics,27206.25,9,244856.25
10-04-2025,Keyboard,Electronics,1602,4,6408
09-01-2025,Shoes,Fashion,2616.71,6,
27-09-2025,Bag,Accessories,1267.19,10,12671.9
29-09-2025,Headphones,Electronics,2728.2,9,24553.8
05-07-2025,Headphones,Electronics,2838.25,9,25544.25
27-03-2025,Rice,Grocery,55.9,3,167.7
22-11-2025,Watch,Accessories,3751.26,4,15005.04
19-03-2025,Headphones,Electronics,3265.32,10,32653.2
06-08-2025,Tablet,Electronics,23510.98,1,23510.98
25-07-2025,T-Shirt,Fashion,782.36,9,7041.24
04-08-2025,Speaker,Electronics,4478.89,6,26873.34
11-03-2025,Jeans,Fashion,1957.73,1,1957.73
08-02-2025,T-Shirt,Fashion,833.33,5,4166.65
17-04-2025,Speaker,Electronics,4710.11,10,47101.1
04-02-2025,Laptop,Electronics,52551.7,3,157655.1
15-03-2025,Phone,Electronics,21289.77,4,85159.08
20-07-2025,Bread,Grocery,37.28,7,260.96
20-07-2025,Bag,Accessories,1126.41,6,6758.46
06-02-2025,Shoes,Fashion,2731.68,5,13658.4
13-03-2025,Speaker,Electronics,4411.3,10,44113
11-12-2025,Keyboard,Electronics,1411.75,3,4235.25
11-12-2025,T-Shirt,Fashion,841.69,1,841.69
23-11-2025,Mouse,Electronics,702.89,9,6326.01
22-02-2025,Bread,Grocery,41.03,8,328.24
29-04-2025,Watch,Accessories,3456.79,2,6913.58
05-10-2025,Jeans,Fashion,1839.61,3,5518.83
06-02-2025,Speaker,Electronics,4931.09,6,29586.54
20-05-2025,Laptop,Electronics,48815.02,5,244075.1
27-02-2025,Watch,Accessories,3476.57,10,34765.7
28-03-2025,Speaker,Electronics,4688.78,8,37510.24
30-05-2025,Shoes,Fashion,2511.42,2,5022.84
05-11-2025,Bag,Accessories,1287.62,4,5150.48
07-12-2025,Phone,Electronics,21346.84,7,149427.88
04-08-2025,Laptop,Electronics,51380.6,5,256903
22-05-2025,Speaker,Electronics,4276.5,9,38488.5
18-06-2025,Milk,Grocery,56.84,5,284.2
02-07-2025,Mouse,Electronics,631.81,8,5054.48
05-05-2025,Bag,Accessories,1198.79,10,11987.9
11-08-2025,Watch,Accessories,3336.03,8,26688.24
15-10-2025,Bag,Accessories,1280.98,7,
07-11-2025,Headphones,Electronics,3222.24,7,22555.68
22-01-2025,Bag,Accessories,1105.87,2,2211.74
22-10-2025,Mouse,Electronics,646.45,4,2585.8
04-07-2025,Bag,Accessories,1241.43,10,12414.3
04-08-2025,Tablet,Electronics,24468.73,1,24468.73
27-06-2025,Watch,Accessories,3701.7,8,29613.6
21-10-2025,Tablet,Electronics,25113.83,7,175796.81
18-11-2025,Jeans,Fashion,1899.95,1,1899.95
21-04-2025,Bag,Accessories,1123.38,6,6740.28
20-02-2025,T-Shirt,Fashion,867.31,1,867.31
22-08-2025,Tablet,Electronics,26954.72,6,161728.32
16-12-2025,Rice,Grocery,58.23,4,232.92
22-05-2025,Phone,Electronics,21134.84,6,126809.04
23-08-2025,Jeans,Fashion,1976.75,5,9883.75
24-03-2025,Shoes,Fashion,2529.24,9,22763.16
28-11-2025,Rice,Grocery,62.89,6,377.34
30-03-2025,Tablet,Electronics,24999.18,2,49998.36
20-06-2025,Rice,Grocery,61.4,4,245.6
12-06-2025,Tablet,Electronics,24029.18,2,48058.36
24-11-2025,Milk,Grocery,52.94,8,423.52
24-11-2025,Keyboard,Electronics,1576.97,4,6307.88
16-05-2025,Tablet,Electronics,26036.98,6,156221.88
22-06-2025,Bread,Grocery,39.5,6,237
23-03-2025,Keyboard,Electronics,1446.83,2,2893.66
08-04-2025,Bag,Accessories,1154.53,9,10390.77
25-12-2025,Watch,Accessories,3542.34,9,31881.06
03-10-2025,Keyboard,Electronics,1469.39,2,2938.78
12-04-2025,Mouse,Electronics,642.68,10,6426.8
06-12-2025,Milk,Grocery,58.87,3,176.61
24-06-2025,Headphones,Electronics,2912.28,3,8736.84
17-07-2025,Mouse,Electronics,748.3,5,3741.5
11-11-2025,Bag,Accessories,1312.98,6,7877.88
26-04-2025,Phone,Electronics,21304.54,,85218.16
08-10-2025,Keyboard,Electronics,1550.26,5,7751.3
14-01-2025,Phone,Electronics,18897.87,4,
06-05-2025,Speaker,Electronics,4253.25,4,17013
16-03-2025,Laptop,Electronics,47967.93,1,47967.93
10-11-2025,Phone,Electronics,,7,149462.04
12-10-2025,Headphones,Electronics,3299.02,4,13196.08
31-07-2025,Keyboard,Electronics,1604.37,10,16043.7
24-07-2025,Watch,Accessories,3552.82,7,24869.74
14-05-2025,Jeans,Fashion,1906.85,6,11441.1
15-05-2025,Milk,Grocery,53.57,4,
13-06-2025,Headphones,Electronics,2914.24,3,8742.72
14-06-2025,Tablet,Electronics,26637.24,4,106548.96
03-10-2025,Bag,Accessories,1110.9,9,9998.1
29-12-2025,Phone,Electronics,20141.44,2,40282.88
06-11-2025,Shoes,Fashion,2610.05,9,23490.45
25-04-2025,Phone,Electronics,19076.53,1,19076.53
24-08-2025,Bag,Accessories,1185.09,10,11850.9
12-08-2025,Mouse,Electronics,763.44,3,2290.32
12-01-2025,Headphones,Electronics,2969.08,1,2969.08
27-06-2025,Phone,Electronics,21470.31,3,64410.93
02-02-2025,Watch,Accessories,3398.09,5,16990.45
19-10-2025,T-Shirt,Fashion,871.58,1,871.58
03-11-2025,Phone,Electronics,19723.32,3,59169.96
22-07-2025,Shoes,Fashion,2580.9,5,12904.5
03-10-2025,Jeans,Fashion,1862.88,6,11177.28
30-04-2025,Bag,Accessories,,9,11444.58
28-07-2025,Keyboard,Electronics,1579.89,10,15798.9
11-06-2025,Tablet,Electronics,22533.88,10,225338.8
28-01-2025,Jeans,Fashion,1891.61,10,18916.1
03-03-2025,Bread,Grocery,43.82,10,438.2
02-02-2025,Headphones,Electronics,2948.23,3,8844.69
10-04-2025,Shoes,Fashion,2739.89,3,8219.67
03-04-2025,Laptop,Electronics,51494.07,8,411952.56
03-03-2025,Rice,Grocery,55.07,7,385.49
21-10-2025,Jeans,Fashion,1961.65,7,13731.55
28-07-2025,Milk,Grocery,57.16,3,171.48
25-06-2025,Keyboard,Electronics,1378.76,6,8272.56
01-04-2025,Jeans,Fashion,1774.93,5,8874.65
13-09-2025,Mouse,Electronics,655.84,7,4590.88
13-04-2025,Shoes,Fashion,2425.6,2,4851.2
23-06-2025,Phone,Electronics,21007.26,9,189065.34
12-05-2025,Laptop,Electronics,53793.01,1,53793.01
13-10-2025,Laptop,Electronics,51827.1,2,103654.2
28-03-2025,Laptop,Electronics,54636,9,491724
07-01-2025,Laptop,Electronics,48268.6,5,241343
15-01-2025,Bread,Grocery,43.24,10,432.4
11-07-2025,Tablet,Electronics,22846.95,3,68540.85
07-04-2025,Watch,Accessories,3584.61,3,10753.83
02-10-2025,Shoes,Fashion,2737.89,2,5475.78
16-12-2025,Speaker,Electronics,4189.2,6,25135.2
21-10-2025,Keyboard,Electronics,1617.43,3,4852.29
17-09-2025,Keyboard,Electronics,1594.31,8,12754.48
16-01-2025,Bag,Accessories,1089.31,9,9803.79
03-03-2025,Bread,Grocery,43.47,5,217.35
25-02-2025,Rice,Grocery,62.2,10,622
23-09-2025,Keyboard,Electronics,1620.07,8,12960.56
09-04-2025,Bag,Accessories,1117.26,10,11172.6
22-06-2025,Phone,Electronics,21714.43,9,195429.87
19-07-2025,Bread,Grocery,39.58,2,79.16
09-12-2025,Headphones,Electronics,2739.28,4,10957.12
07-07-2025,Keyboard,Electronics,1421.84,8,11374.72
07-04-2025,Bread,Grocery,39.23,6,235.38
31-01-2025,Speaker,Electronics,4934.11,8,39472.88
04-12-2025,Jeans,Fashion,1891.66,10,18916.6
20-02-2025,Tablet,Electronics,25099.22,6,150595.32
27-09-2025,Bag,,1218.02,9,10962.18
25-09-2025,Milk,Grocery,57.83,4,231.32
25-05-2025,Rice,Grocery,55.63,4,222.52
30-05-2025,Watch,Accessories,3448.42,7,24138.94
13-07-2025,Mouse,Electronics,698.67,8,5589.36
23-02-2025,Rice,Grocery,60.74,10,607.4
19-07-2025,T-Shirt,Fashion,799.62,5,3998.1
17-12-2025,Jeans,Fashion,1639.84,1,1639.84
07-04-2025,Mouse,Electronics,673,10,6730
20-10-2025,Headphones,Electronics,2804.02,6,16824.12
25-01-2025,Headphones,Electronics,2716.78,5,13583.9
17-07-2025,Shoes,Fashion,2425.88,9,21832.92
27-01-2025,Tablet,Electronics,26626.97,7,186388.79
18-09-2025,Headphones,Electronics,3209.53,9,28885.77
09-07-2025,Watch,Accessories,3639.43,4,14557.72
20-02-2025,Phone,Electronics,21799.86,4,87199.44
31-12-2025,Rice,Grocery,54.88,4,219.52
11-09-2025,Shoes,Fashion,2535.57,10,25355.7
08-01-2025,Laptop,Electronics,54220.86,4,216883.44
19-12-2025,Mouse,Electronics,759.4,1,759.4
04-05-2025,Watch,Accessories,3719.55,6,22317.3
01-04-2025,Milk,Grocery,58.59,6,351.54
25-07-2025,Laptop,Electronics,46559.29,10,465592.9
07-05-2025,Bag,Accessories,1240.45,7,8683.15
15-12-2025,Bag,Accessories,1250.44,5,6252.2
15-04-2025,Speaker,Electronics,4638,5,23190
29-07-2025,Jeans,Fashion,1623.68,7,11365.76
13-07-2025,T-Shirt,Fashion,854.82,4,3419.28
07-09-2025,T-Shirt,Fashion,816.02,7,5712.14
22-01-2025,Jeans,Fashion,1896.17,3,5688.51
06-12-2025,Jeans,Fashion,1700.27,2,3400.54
01-03-2025,Keyboard,Electronics,1620.67,8,12965.36
04-02-2025,Keyboard,Electronics,1511.08,3,4533.24
12-05-2025,Watch,Accessories,3650.52,7,25553.64
26-05-2025,Headphones,Electronics,2871.86,10,28718.6
14-05-2025,Mouse,Electronics,736.54,7,5155.78
14-04-2025,Mouse,Electronics,707.66,8,5661.28
13-04-2025,Keyboard,Electronics,1505.47,1,1505.47
29-08-2025,Phone,Electronics,18437.38,4,73749.52
20-01-2025,Tablet,Electronics,24440.32,2,48880.64
22-12-2025,Bread,Grocery,36.54,7,255.78
12-11-2025,Rice,Grocery,59.26,3,177.78
15-08-2025,Bag,Accessories,1264.59,9,11381.31
07-04-2025,Bread,Grocery,37.68,6,226.08
23-01-2025,Bag,Accessories,1083.41,3,3250.23
24-06-2025,Tablet,Electronics,27252.07,3,81756.21
29-06-2025,Phone,Electronics,18802.6,1,18802.6
20-07-2025,,Grocery,51.18,5,255.9
16-09-2025,Mouse,Electronics,661.53,4,2646.12
21-06-2025,Watch,Accessories,3654.83,1,3654.83
14-08-2025,Mouse,Electronics,748.08,10,7480.8
28-09-2025,T-Shirt,Fashion,809.1,3,2427.3
08-10-2025,Rice,Grocery,54.68,2,109.36
29-07-2025,Headphones,Electronics,3020.56,10,30205.6
28-03-2025,Jeans,Fashion,1955.81,6,11734.86
20-01-2025,Keyboard,Electronics,1620.46,4,6481.84
04-01-2025,Milk,Grocery,49.54,1,49.54
18-07-2025,Bread,Grocery,40.54,4,162.16
18-11-2025,Laptop,,50636.39,2,101272.78
11-01-2025,Watch,Accessories,3726.8,8,29814.4
20-10-2025,Watch,Accessories,3420.24,10,34202.4
18-07-2025,Phone,Electronics,21640.96,4,86563.84
16-12-2025,Phone,Electronics,20450.43,6,122702.58
22-11-2025,Phone,Electronics,19916.52,3,59749.56
21-08-2025,Headphones,Electronics,3227.67,4,12910.68
15-03-2025,T-Shirt,Fashion,821.93,3,2465.79
18-07-2025,T-Shirt,Fashion,861.11,6,5166.66
11-01-2025,Milk,Grocery,58.36,3,175.08
22-01-2025,Phone,Electronics,19641.49,9,176773.41
27-04-2025,Milk,Grocery,50.88,6,305.28
17-04-2025,Milk,Grocery,54.13,7,378.91
24-08-2025,Jeans,Fashion,1782.83,7,12479.81
26-08-2025,Rice,Grocery,58.05,7,406.35
10-03-2025,Jeans,Fashion,1810.78,4,7243.12
22-04-2025,Jeans,Fashion,1688.75,4,6755
04-12-2025,Bread,Grocery,40.95,8,327.6
08-10-2025,Tablet,Electronics,26319.88,7,184239.16
11-07-2025,Watch,Accessories,3364.83,7,
14-03-2025,Phone,Electronics,18434.6,8,147476.8
03-06-2025,Speaker,Electronics,4799.6,10,47996
31-07-2025,Laptop,Electronics,46994.1,6,281964.6
10-10-2025,Speaker,Electronics,4191.05,7,29337.35
22-09-2025,Milk,Grocery,51.48,8,411.84
13-01-2025,Jeans,Fashion,1694.32,10,16943.2
08-12-2025,Keyboard,Electronics,1432,10,14320
21-03-2025,Watch,Accessories,3431.31,4,13725.24
19-03-2025,Milk,Grocery,52.98,4,211.92
08-03-2025,Bread,Grocery,43.45,6,260.7
09-11-2025,Speaker,Electronics,4737.05,9,42633.45
18-11-2025,Speaker,Electronics,4081.77,2,8163.54
03-02-2025,Mouse,Electronics,633.01,1,633.01
19-06-2025,Tablet,Electronics,22949.73,6,137698.38
14-04-2025,Jeans,Fashion,1674.22,4,6696.88
07-06-2025,Tablet,Electronics,22830.12,10,228301.2
11-06-2025,Bag,Accessories,1297.08,8,10376.64
01-09-2025,Rice,Grocery,62.44,5,312.2
05-06-2025,Mouse,Electronics,742.33,3,2226.99
,Keyboard,Electronics,1474.56,9,13271.04
13-11-2025,Milk,Grocery,51.24,9,461.16
18-11-2025,Phone,Electronics,20799.45,5,103997.25
20-12-2025,Tablet,Electronics,27018.26,2,54036.52
06-12-2025,Keyboard,Electronics,1622.76,2,3245.52
21-01-2025,Keyboard,Electronics,1614.07,8,12912.56
14-07-2025,Phone,Electronics,18681.83,1,18681.83
28-10-2025,Jeans,Fashion,1975.6,6,11853.6
14-08-2025,Bag,Accessories,1217.26,8,9738.08
11-01-2025,Phone,Electronics,21786.42,10,217864.2
26-06-2025,Speaker,Electronics,4355.8,2,8711.6
09-07-2025,Mouse,Electronics,654.81,10,6548.1
03-06-2025,Watch,Accessories,3425.53,3,10276.59
26-02-2025,Speaker,Electronics,4761.87,4,19047.48
21-11-2025,Rice,Grocery,57.51,2,115.02
01-07-2025,Bag,Accessories,1316.06,8,10528.48
09-01-2025,Bag,Accessories,1293.85,7,9056.95
28-03-2025,Rice,Grocery,64.22,4,256.88
20-09-2025,T-Shirt,Fashion,877.13,1,877.13
08-09-2025,Rice,,64.87,1,64.87
29-11-2025,Shoes,Fashion,2600.26,5,13001.3
18-08-2025,Milk,Grocery,53.21,5,
03-12-2025,Phone,Electronics,20637.64,6,123825.84
10-10-2025,Laptop,Electronics,46306.5,10,463065
06-01-2025,Jeans,Fashion,1826.51,5,9132.55
14-07-2025,Shoes,Fashion,2702.27,7,18915.89
18-07-2025,Laptop,Electronics,51952.88,5,259764.4
23-12-2025,Milk,Grocery,53.19,9,478.71
06-08-2025,Milk,Grocery,57.28,3,171.84
27-06-2025,Jeans,Fashion,1714.17,4,6856.68
08-09-2025,T-Shirt,Fashion,762.67,8,6101.36
10-12-2025,Mouse,Electronics,742.77,6,4456.62
18-09-2025,Speaker,Electronics,4152.17,3,12456.51
24-02-2025,Shoes,Fashion,2287.21,6,13723.26
03-02-2025,Keyboard,Electronics,1521.57,4,6086.28
14-02-2025,Tablet,,22877.06,1,22877.06
24-06-2025,Tablet,Electronics,27044.56,2,54089.12
21-03-2025,Bag,Accessories,1230.27,8,9842.16
20-11-2025,Tablet,Electronics,24154.5,2,48309
10-11-2025,Mouse,Electronics,637.86,3,1913.58
13-04-2025,Speaker,Electronics,4721.46,2,9442.92
06-04-2025,Mouse,Electronics,730.56,2,1461.12
02-01-2025,Milk,Grocery,58.21,4,232.84
18-04-2025,Laptop,Electronics,52169.79,7,365188.53
14-06-2025,Watch,Accessories,3520.53,8,28164.24
12-04-2025,Jeans,Fashion,1975.65,10,19756.5
28-12-2025,Keyboard,Electronics,1490.76,10,14907.6
01-02-2025,Phone,Electronics,18739.71,1,18739.71
10-02-2025,Keyboard,Electronics,1642.26,5,8211.3
15-03-2025,Speaker,Electronics,4537.8,4,18151.2
25-12-2025,Mouse,Electronics,728.4,2,1456.8
07-04-2025,Keyboard,Electronics,1604.58,4,6418.32
25-03-2025,Milk,Grocery,56.49,10,564.9
01-06-2025,Bag,Accessories,1178.95,5,5894.75
22-04-2025,Milk,Grocery,52.26,6,313.56
04-05-2025,Headphones,Electronics,2704.19,5,13520.95
25-05-2025,Bread,Grocery,37.29,1,37.29
02-02-2025,Phone,Electronics,19376.89,1,19376.89
14-11-2025,Bread,Grocery,42.54,2,85.08
12-12-2025,Bread,Grocery,43.19,8,345.52
07-01-2025,Jeans,Fashion,1862.82,6,11176.92
29-10-2025,Bread,Grocery,43.33,6,259.98
24-12-2025,Watch,Accessories,3573.85,2,7147.7
19-10-2025,T-Shirt,Fashion,836.34,6,5018.04
19-08-2025,Rice,Grocery,62.91,8,503.28
09-07-2025,Phone,Electronics,19200.99,8,153607.92
10-06-2025,Headphones,Electronics,3299.46,4,13197.84
27-04-2025,Bag,Accessories,1120.93,6,6725.58
29-07-2025,Phone,Electronics,21519.9,6,129119.4
26-07-2025,Phone,Electronics,21474.73,8,171797.84
20-08-2025,Keyboard,Electronics,1392.62,7,9748.34
03-08-2025,Laptop,Electronics,53733.62,6,322401.72
15-07-2025,Tablet,Electronics,25660.97,,179626.79
07-07-2025,Laptop,Electronics,49343.81,3,148031.43
19-03-2025,Bag,Accessories,1307.05,4,5228.2
18-02-2025,Laptop,Electronics,48912.92,3,146738.76
19-05-2025,Rice,Grocery,56.37,8,450.96
20-07-2025,Keyboard,Electronics,1441.06,9,12969.54
23-05-2025,Shoes,Fashion,2344.97,10,23449.7
13-09-2025,Milk,Grocery,54.29,3,162.87
07-09-2025,Watch,Accessories,3191.83,2,6383.66
04-02-2025,Rice,Grocery,62.47,10,624.7
29-05-2025,Keyboard,Electronics,1420.55,8,11364.4
21-04-2025,Milk,Grocery,54.9,5,274.5
20-11-2025,Keyboard,Electronics,1451.57,5,7257.85
17-12-2025,Bag,Accessories,1182.96,2,2365.92
03-11-2025,Keyboard,Electronics,1508.89,6,9053.34
11-07-2025,Bread,Grocery,41.51,3,124.53
09-07-2025,Bag,Accessories,1312.9,2,2625.8
10-01-2025,Phone,Electronics,19480.03,4,77920.12
18-04-2025,Rice,Grocery,62.26,6,373.56
21-11-2025,Speaker,Electronics,4861.66,8,38893.28
24-05-2025,Headphones,Electronics,2904.45,6,17426.7
24-12-2025,Shoes,Fashion,2700.93,6,16205.58
20-11-2025,Bag,Accessories,1313.07,4,5252.28
29-12-2025,Bag,Accessories,1226.25,4,4905
08-09-2025,Bag,Accessories,1192.74,1,1192.74
10-06-2025,Headphones,Electronics,3228.44,7,22599.08
17-03-2025,Bag,Accessories,1157.2,9,10414.8
09-09-2025,Phone,Electronics,20410.4,5,102052
04-02-2025,Phone,Electronics,,4,78233.24
22-05-2025,Jeans,Fashion,1671.51,1,1671.51
31-08-2025,Shoes,Fashion,2361.67,1,2361.67
17-06-2025,Rice,Grocery,63.9,8,511.2
15-10-2025,Keyboard,Electronics,1585.11,6,9510.66
06-09-2025,Rice,Grocery,61.26,9,551.34
13-04-2025,Tablet,Electronics,26553.64,4,106214.56
02-11-2025,Bag,Accessories,1108.89,1,1108.89
10-04-2025,Headphones,Electronics,3179.31,5,15896.55
08-05-2025,Bread,Grocery,39.01,1,39.01
02-06-2025,T-Shirt,Fashion,752.68,5,3763.4
13-01-2025,Laptop,Electronics,51516.35,7,360614.45
10-02-2025,Rice,Grocery,59.58,3,178.74
17-08-2025,Watch,Accessories,3417.41,3,10252.23
01-11-2025,Phone,Electronics,21033.85,2,42067.7
21-05-2025,Phone,Electronics,19103.8,10,191038
21-08-2025,T-Shirt,Fashion,746.06,3,2238.18
15-06-2025,Laptop,Electronics,46239.15,6,277434.9
10-10-2025,Phone,Electronics,19475.29,6,116851.74
12-07-2025,Headphones,Electronics,2715.28,7,19006.96
27-11-2025,Rice,Grocery,58.75,6,352.5
10-11-2025,Tablet,Electronics,26302.66,5,131513.3
15-06-2025,Bag,Accessories,1261.56,1,1261.56
19-09-2025,Laptop,Electronics,52227.77,3,156683.31
12-09-2025,Mouse,Electronics,759.77,3,2279.31
19-03-2025,Mouse,Electronics,703.19,4,2812.76
17-02-2025,Bread,Grocery,38.88,6,233.28
23-06-2025,Mouse,Electronics,687.77,2,1375.54
10-09-2025,Milk,Grocery,55.5,9,499.5
02-08-2025,Watch,Accessories,3702.81,3,11108.43
08-10-2025,Tablet,Electronics,22947.37,4,91789.48
18-08-2025,Keyboard,Electronics,1384.57,5,6922.85
27-04-2025,Shoes,Fashion,2278.26,9,20504.34
13-01-2025,Laptop,Electronics,51429.03,4,205716.12
03-09-2025,Laptop,Electronics,45421.76,4,181687.04
20-03-2025,Tablet,Electronics,23188.37,6,139130.22
15-06-2025,Milk,Grocery,57.82,7,404.74
10-01-2025,Headphones,Electronics,3159.32,8,25274.56
13-01-2025,Watch,Accessories,3650.32,7,25552.24
09-10-2025,Mouse,Electronics,635.62,10,6356.2
19-01-2025,Shoes,Fashion,2364.75,8,18918
04-01-2025,Rice,Grocery,62.42,10,624.2
08-07-2025,Headphones,Electronics,3239.15,3,9717.45
23-07-2025,Shoes,Fashion,2326.13,1,2326.13
18-11-2025,Jeans,Fashion,1844.21,5,9221.05
12-10-2025,Rice,Grocery,60.13,3,180.39
14-04-2025,Bread,Grocery,40.86,6,245.16
11-04-2025,Rice,Grocery,64.78,7,453.46
03-03-2025,Watch,Accessories,3349.77,1,3349.77
17-08-2025,Bag,Accessories,1312.26,9,11810.34
27-07-2025,Shoes,Fashion,2342.42,1,2342.42
18-07-2025,Bread,Grocery,36.85,4,147.4
13-04-2025,Bread,Grocery,40.56,5,202.8
20-12-2025,Watch,Accessories,3300.04,10,33000.4
05-06-2025,Rice,Grocery,59.57,4,238.28
18-10-2025,Speaker,Electronics,4845.94,5,24229.7
22-04-2025,Headphones,Electronics,2714.29,1,2714.29
21-04-2025,Tablet,Electronics,23404.6,6,140427.6
16-04-2025,Phone,Electronics,21787.18,7,152510.26
17-06-2025,Phone,Electronics,21936.92,10,219369.2
26-03-2025,Speaker,Electronics,4492.51,9,40432.59
02-11-2025,T-Shirt,Fashion,847.2,4,3388.8
09-02-2025,Bag,Accessories,1105.74,1,1105.74
16-01-2025,Bag,Accessories,1092.01,1,1092.01
21-05-2025,Speaker,Electronics,4050.01,8,32400.08
15-07-2025,Jeans,Fashion,1824.52,3,5473.56
19-02-2025,Laptop,Electronics,48680.5,4,194722
05-08-2025,Jeans,Fashion,1935.52,2,3871.04
24-05-2025,Milk,Grocery,56.69,5,283.45
18-01-2025,Speaker,Electronics,4158.07,3,12474.21
15-05-2025,Phone,Electronics,21720.5,4,86882
03-03-2025,Speaker,Electronics,4623.04,1,4623.04
01-09-2025,Keyboard,Electronics,1354.3,2,2708.6
01-05-2025,Phone,Electronics,21479.17,10,214791.7
22-12-2025,Headphones,Electronics,2863.88,1,2863.88
26-12-2025,Bag,Accessories,1195.13,3,3585.39
21-04-2025,Mouse,Electronics,685.66,7,4799.62
16-01-2025,Laptop,Electronics,49974.23,8,399793.84
31-07-2025,Keyboard,Electronics,1641.87,10,16418.7
23-01-2025,Watch,Accessories,3194.11,5,15970.55
30-12-2025,T-Shirt,Fashion,835.02,4,3340.08
17-05-2025,Laptop,Electronics,51712.43,4,206849.72
01-05-2025,Jeans,Fashion,1781.28,1,1781.28
29-11-2025,Laptop,Electronics,,7,376146.47
14-10-2025,Jeans,Fashion,1795.87,4,7183.48
25-01-2025,T-Shirt,Fashion,778.25,10,7782.5
08-07-2025,Phone,Electronics,21282.86,9,191545.74
25-03-2025,Rice,Grocery,61.9,6,371.4
10-10-2025,Headphones,Electronics,2787.42,6,16724.52
28-07-2025,Keyboard,Electronics,1524.06,6,9144.36
28-08-2025,Rice,Grocery,63.21,3,189.63
11-12-2025,Bread,Grocery,43.12,9,388.08
28-07-2025,Rice,Grocery,65.54,2,131.08
05-11-2025,T-Shirt,Fashion,861.56,6,5169.36
03-07-2025,Watch,Accessories,3476.59,9,31289.31
15-12-2025,Keyboard,,1616.92,6,9701.52
17-09-2025,Speaker,Electronics,4823.74,3,14471.22
03-11-2025,Rice,Grocery,60.48,3,181.44
21-10-2025,Keyboard,Electronics,1643.17,4,6572.68
21-12-2025,Milk,Grocery,50.4,7,352.8
27-02-2025,Headphones,Electronics,3026.4,9,27237.6
23-02-2025,Bag,Accessories,1080.97,9,9728.73
07-12-2025,Keyboard,Electronics,1571.91,6,9431.46
08-09-2025,Mouse,Electronics,675.57,6,4053.42
08-10-2025,Speaker,Electronics,4405.46,7,30838.22
23-04-2025,Bag,,1164.27,7,8149.89
19-12-2025,Bread,Grocery,43.9,4,175.6
24-11-2025,Watch,Accessories,3467.56,4,13870.24
01-01-2025,Speaker,Electronics,4764.23,9,42878.07
25-02-2025,Phone,Electronics,18577.42,2,37154.84
22-12-2025,T-Shirt,Fashion,758.69,7,5310.83
05-06-2025,Tablet,Electronics,23546.22,2,
08-04-2025,Laptop,Electronics,45162.2,5,225811
03-03-2025,Shoes,Fashion,2342.86,2,4685.72
04-02-2025,T-Shirt,Fashion,792.42,2,1584.84
05-08-2025,Rice,Grocery,61.94,1,61.94
24-12-2025,Bag,Accessories,1152.05,7,8064.35
11-07-2025,Shoes,Fashion,2401.89,10,24018.9
29-10-2025,Speaker,Electronics,4480.6,10,44806
31-10-2025,Laptop,Electronics,51791.17,1,51791.17
13-09-2025,Rice,Grocery,58.22,5,291.1
25-12-2025,Phone,Electronics,21444.7,7,150112.9
03-10-2025,Bread,Grocery,36.78,10,367.8
14-11-2025,Speaker,Electronics,4365.95,8,34927.6
14-01-2025,Milk,Grocery,,8,399.44
14-02-2025,Phone,Electronics,19008.63,2,38017.26
12-02-2025,Shoes,Fashion,2612.14,2,5224.28
21-08-2025,Milk,Grocery,57.74,4,230.96
06-11-2025,Phone,Electronics,18137.37,5,90686.85
10-10-2025,Bread,Grocery,41.63,8,333.04
21-04-2025,Bag,Accessories,1178.55,1,1178.55
17-12-2025,Keyboard,Electronics,1528.03,1,1528.03
17-09-2025,Phone,Electronics,18276.4,3,54829.2
26-08-2025,T-Shirt,Fashion,831.54,7,5820.78
02-10-2025,Watch,Accessories,3657.03,5,18285.15
27-10-2025,Mouse,Electronics,727.75,8,5822
31-03-2025,,Electronics,4456.55,3,13369.65
21-01-2025,T-Shirt,Fashion,816.18,7,5713.26
26-02-2025,Watch,Accessories,3258.36,2,6516.72
12-04-2025,Phone,Electronics,19944.99,1,19944.99
18-07-2025,Bread,Grocery,41.96,3,125.88
12-07-2025,Laptop,Electronics,48022.77,4,192091.08
24-06-2025,Tablet,Electronics,25915.17,8,207321.36
28-04-2025,Jeans,Fashion,1780.08,2,3560.16
21-02-2025,Keyboard,Electronics,1391.76,10,13917.6
16-10-2025,Laptop,Electronics,49380.97,6,296285.82
24-12-2025,Milk,Grocery,49.73,9,447.57
22-12-2025,Rice,Grocery,61.62,2,123.24
03-08-2025,Phone,Electronics,18134.15,7,126939.05
13-10-2025,Jeans,Fashion,1772.01,2,3544.02
14-02-2025,T-Shirt,Fashion,860.44,6,5162.64
01-09-2025,Milk,Grocery,55.08,4,220.32
12-03-2025,Mouse,Electronics,633.38,2,1266.76
,Keyboard,Electronics,1549.39,8,12395.12
04-12-2025,Headphones,Electronics,2923.99,,14619.95
02-09-2025,Mouse,Electronics,765.92,3,2297.76
26-10-2025,Milk,Grocery,50.77,1,50.77
29-04-2025,Shoes,Fashion,2323.69,3,6971.07
26-12-2025,Milk,Grocery,49.62,1,49.62
19-09-2025,Bread,,36.1,9,324.9
07-12-2025,T-Shirt,Fashion,813.69,1,813.69
05-06-2025,Speaker,Electronics,4780.32,6,28681.92
05-05-2025,Tablet,Electronics,24901.95,4,99607.8
07-04-2025,Watch,Accessories,3482.33,8,27858.64
20-04-2025,Mouse,Electronics,654.14,9,5887.26
21-11-2025,Watch,Accessories,3528.98,2,7057.96
16-03-2025,Watch,Accessories,3238.87,9,29149.83
16-03-2025,Tablet,Electronics,26302.59,8,210420.72
20-09-2025,Mouse,Electronics,709.26,4,2837.04
17-11-2025,Bread,Grocery,39.31,6,235.86
26-04-2025,Tablet,Electronics,23812.34,1,23812.34
10-08-2025,Laptop,Electronics,53706.69,7,375946.83
15-01-2025,Shoes,Fashion,2585.83,6,15514.98
20-07-2025,Phone,Electronics,20425.75,4,81703
07-03-2025,Phone,Electronics,20459.58,9,184136.22
28-07-2025,Watch,Accessories,3760.31,3,11280.93
04-05-2025,Bag,,1205.1,8,9640.8
08-02-2025,Milk,Grocery,56.1,7,392.7
03-02-2025,Headphones,Electronics,,,8252.73
25-11-2025,Laptop,,48695.21,7,340866.47
24-05-2025,Phone,Electronics,20600.67,6,123604.02
05-06-2025,Tablet,Electronics,25176.45,6,151058.7
07-06-2025,Tablet,Electronics,27242.48,9,245182.32
07-09-2025,Milk,Grocery,57.83,10,578.3
22-12-2025,Headphones,Electronics,3254.07,10,32540.7
03-11-2025,Watch,Accessories,3700.07,3,11100.21
29-08-2025,Rice,Grocery,55.09,8,440.72
25-06-2025,Headphones,Electronics,3010.2,2,6020.4
09-05-2025,Watch,Accessories,3337.75,5,16688.75
28-05-2025,Bag,Accessories,1203.24,,7219.44
15-06-2025,Speaker,Electronics,4265.47,4,17061.88
28-06-2025,T-Shirt,Fashion,750.7,6,4504.2
23-09-2025,Watch,Accessories,3438.08,5,17190.4
03-11-2025,Milk,Grocery,56.87,4,227.48
10-11-2025,Speaker,Electronics,4758.2,5,23791
08-04-2025,Watch,Accessories,3630.19,9,32671.71
11-10-2025,Rice,Grocery,56.45,8,451.6
25-10-2025,Headphones,Electronics,2804.05,5,14020.25
23-11-2025,Shoes,Fashion,2352.87,6,14117.22
04-04-2025,Speaker,Electronics,4632.73,8,37061.84
11-07-2025,Shoes,Fashion,2445.82,5,12229.1
18-10-2025,Phone,Electronics,20149.63,3,60448.89
11-05-2025,Bag,Accessories,1097.29,2,
12-07-2025,Tablet,Electronics,25253.42,7,176773.94
02-01-2025,Mouse,Electronics,656.45,5,3282.25
11-09-2025,Phone,Electronics,21739,9,195651
26-10-2025,Tablet,Electronics,23885.46,10,238854.6
04-08-2025,Shoes,Fashion,2382.85,7,16679.95
18-11-2025,Phone,Electronics,20381.09,8,163048.72
12-08-2025,Milk,Grocery,52.94,3,158.82
03-04-2025,Mouse,Electronics,680.59,1,680.59
22-01-2025,Tablet,Electronics,22851.4,2,45702.8
08-10-2025,Headphones,Electronics,2861.05,2,5722.1
18-12-2025,Milk,Grocery,51.75,10,517.5
31-01-2025,Laptop,Electronics,46114.32,10,461143.2
22-05-2025,T-Shirt,Fashion,788.77,4,3155.08
23-04-2025,Bag,Accessories,1224.88,5,6124.4
10-10-2025,Rice,Grocery,64.09,3,192.27
12-01-2025,Headphones,Electronics,3050.47,4,12201.88
29-03-2025,Bread,Grocery,43.73,7,306.11
15-04-2025,Headphones,Electronics,3069.78,3,9209.34
16-02-2025,Bag,Accessories,1257.71,5,6288.55
06-09-2025,Mouse,Electronics,643.4,7,4503.8
24-04-2025,Shoes,Fashion,2479.75,3,7439.25
30-03-2025,Speaker,Electronics,4248.31,2,8496.62
,Shoes,Fashion,2585.58,7,18099.06
24-10-2025,Tablet,Electronics,25498.58,7,178490.06
17-08-2025,Shoes,Fashion,2366.09,2,4732.18
,Jeans,Fashion,1779.89,3,5339.67
16-07-2025,Tablet,Electronics,25575.26,7,179026.82
12-01-2025,Headphones,Electronics,3159.03,4,12636.12
11-12-2025,Phone,Electronics,19746.6,9,177719.4
25-06-2025,Rice,Grocery,54.25,9,488.25
12-11-2025,Milk,Grocery,58.72,10,587.2
16-04-2025,Rice,Grocery,55.73,2,111.46
04-11-2025,Tablet,Electronics,25994.64,7,181962.48
28-03-2025,Bread,Grocery,39.23,4,156.92
10-06-2025,Rice,Grocery,58.86,4,235.44
29-05-2025,Speaker,Electronics,4257.81,10,42578.1
29-08-2025,Laptop,Electronics,51864.92,10,518649.2
05-05-2025,Watch,Accessories,3638.31,8,29106.48
12-01-2025,Milk,Grocery,55.79,6,334.74
15-07-2025,Laptop,Electronics,49909.57,8,399276.56
06-08-2025,Mouse,Electronics,691.23,6,4147.38
28-04-2025,T-Shirt,Fashion,778.66,5,3893.3
03-09-2025,Keyboard,Electronics,1400.56,10,14005.6
27-11-2025,Headphones,Electronics,3059.46,4,12237.84
19-01-2025,Milk,Grocery,53.51,4,214.04
16-02-2025,Jeans,Fashion,1949.71,2,3899.42
12-11-2025,Jeans,Fashion,1819.02,5,9095.1
10-02-2025,Headphones,Electronics,3259.21,8,26073.68
18-03-2025,T-Shirt,Fashion,742.66,7,5198.62
23-05-2025,Tablet,Electronics,27079.81,4,108319.24
29-07-2025,T-Shirt,Fashion,746.66,2,1493.32
29-04-2025,Tablet,Electronics,22961.35,1,22961.35
21-10-2025,Watch,Accessories,3698.17,3,11094.51
28-05-2025,Headphones,Electronics,2982.15,7,20875.05
27-03-2025,Shoes,Fashion,2258.59,4,9034.36
05-11-2025,Jeans,Fashion,1647.74,2,3295.48
18-05-2025,Tablet,Electronics,26415.72,9,237741.48
05-03-2025,Bread,Grocery,39.7,6,238.2
02-04-2025,Keyboard,Electronics,1510.1,3,4530.3
06-05-2025,Bread,Grocery,36.07,3,108.21
20-05-2025,Headphones,Electronics,3187.98,9,28691.82
16-09-2025,Speaker,Electronics,,3,12303.51
27-03-2025,Laptop,Electronics,49690.67,3,149072.01
04-05-2025,Tablet,Electronics,25544.85,6,153269.1
21-10-2025,Bread,Grocery,38.23,4,152.92
21-08-2025,Keyboard,Electronics,1563.06,4,6252.24
24-03-2025,Watch,Accessories,3574.21,,3574.21
04-02-2025,Milk,Grocery,50.99,5,254.95
24-08-2025,Headphones,Electronics,3179.3,7,22255.1
09-10-2025,Headphones,Electronics,3135.74,9,28221.66
27-08-2025,Watch,Accessories,3810.3,6,22861.8
07-11-2025,Bag,Accessories,1252.41,7,8766.87
09-05-2025,Headphones,Electronics,3262.12,3,9786.36
15-09-2025,Tablet,Electronics,24998.63,1,24998.63
16-04-2025,Mouse,Electronics,713.97,6,4283.82
02-06-2025,Mouse,Electronics,714.62,7,5002.34
15-07-2025,Milk,Grocery,52.79,1,52.79
11-06-2025,Phone,Electronics,18794.81,1,18794.81
21-04-2025,Milk,Grocery,58.03,3,174.09
19-08-2025,Tablet,Electronics,25452.15,3,76356.45
,Bread,Grocery,38.42,4,153.68
14-03-2025,Laptop,Electronics,54005.04,8,432040.32
10-05-2025,Phone,Electronics,19596.96,8,156775.68
10-07-2025,Speaker,Electronics,4234.22,3,12702.66
01-08-2025,Laptop,Electronics,47453.66,3,142360.98
24-11-2025,Speaker,Electronics,4141.16,6,24846.96
28-01-2025,Rice,Grocery,59.58,7,417.06
01-12-2025,Tablet,Electronics,24666.91,10,246669.1
31-05-2025,Rice,Grocery,63.85,9,574.65
02-09-2025,Laptop,Electronics,54339.77,8,434718.16
04-02-2025,Rice,,57.98,5,289.9
17-09-2025,Keyboard,Electronics,1353.32,2,2706.64
16-03-2025,Jeans,Fashion,1876,5,9380
31-01-2025,Laptop,Electronics,50095.07,9,450855.63
10-07-2025,Laptop,Electronics,49483.59,6,296901.54
10-11-2025,Phone,Electronics,,6,116326.2
26-05-2025,Rice,Grocery,54.61,9,491.49
27-10-2025,Mouse,Electronics,753.69,8,6029.52
10-08-2025,Bread,Grocery,40.11,9,360.99
17-10-2025,Headphones,Electronics,2740.37,3,8221.11
13-07-2025,Rice,Grocery,61.93,8,495.44
22-11-2025,T-Shirt,Fashion,743.03,4,2972.12
17-02-2025,Bag,Accessories,1172.13,7,8204.91
23-04-2025,Laptop,Electronics,45440.13,1,45440.13
10-03-2025,Shoes,Fashion,2459.19,4,9836.76
02-08-2025,Bread,Grocery,42.61,3,127.83
07-08-2025,Headphones,Electronics,3040.91,4,12163.64
01-01-2025,Mouse,Electronics,652.87,1,652.87
16-05-2025,Jeans,Fashion,1793.76,2,3587.52
23-04-2025,Phone,Electronics,21660.54,3,64981.62
11-12-2025,Phone,Electronics,18456.95,8,
25-06-2025,Bag,Accessories,1254.7,6,7528.2
29-08-2025,T-Shirt,Fashion,812.33,9,7310.97
19-06-2025,Watch,Accessories,3615.46,9,32539.14
21-03-2025,Watch,Accessories,3627.37,10,36273.7
24-09-2025,Watch,Accessories,3345.28,10,33452.8
06-05-2025,Shoes,Fashion,2657.47,7,18602.29
05-09-2025,T-Shirt,Fashion,772.5,9,6952.5
03-06-2025,Phone,Electronics,21891.04,7,153237.28
27-01-2025,Bag,Accessories,1152.08,5,5760.4
24-02-2025,,Electronics,23239.86,4,92959.44
23-04-2025,Speaker,Electronics,4910.56,8,39284.48
20-03-2025,Speaker,Electronics,4138.74,9,37248.66
16-09-2025,Rice,Grocery,58.95,7,412.65
03-08-2025,Bag,Accessories,1159.49,2,2318.98
05-05-2025,Keyboard,Electronics,1536.92,2,3073.84
10-06-2025,Speaker,Electronics,4850.38,7,33952.66
27-07-2025,Tablet,Electronics,24660.84,7,172625.88
31-08-2025,Laptop,Electronics,48337.86,6,290027.16
02-03-2025,T-Shirt,Fashion,757.71,8,6061.68
22-07-2025,Bag,Accessories,1131.37,7,7919.59
01-05-2025,T-Shirt,Fashion,758.92,3,2276.76
22-06-2025,Keyboard,Electronics,1529.39,10,15293.9
12-07-2025,Tablet,Electronics,22914.39,2,45828.78
12-02-2025,Bread,Grocery,41.9,3,125.7
04-10-2025,Milk,Grocery,54.92,2,109.84
24-12-2025,Watch,Accessories,3256.32,1,3256.32
02-01-2025,Phone,Electronics,18710.29,3,56130.87
30-05-2025,Tablet,Electronics,24333.83,6,146002.98
08-12-2025,Bag,Accessories,1101,3,3303
08-06-2025,Rice,Grocery,55.2,10,552
12-02-2025,Laptop,Electronics,51143.63,4,204574.52
29-03-2025,Speaker,Electronics,4401.78,8,35214.24
25-02-2025,T-Shirt,Fashion,814.94,10,8149.4
27-09-2025,Mouse,Electronics,746.45,5,3732.25
12-03-2025,Mouse,Electronics,694.73,5,3473.65
22-03-2025,Watch,Accessories,3693.25,9,33239.25
19-02-2025,Phone,Electronics,20425.93,5,102129.65
17-01-2025,Milk,Grocery,58.87,3,176.61
22-12-2025,Phone,Electronics,21241.08,6,127446.48
18-09-2025,T-Shirt,Fashion,766.98,7,5368.86
03-08-2025,Bread,Grocery,43.44,5,217.2
08-12-2025,Rice,Grocery,56.53,8,452.24
18-03-2025,Jeans,Fashion,1675.88,2,3351.76
31-01-2025,Bag,Accessories,1290.03,3,3870.09
,Phone,Electronics,18504.44,2,37008.88
25-05-2025,Bread,,38.66,6,231.96
24-10-2025,Shoes,Fashion,2609.32,7,18265.24
29-07-2025,Mouse,Electronics,760.18,9,6841.62
28-10-2025,T-Shirt,Fashion,869.99,4,3479.96
31-08-2025,Watch,Accessories,3173.69,3,9521.07
20-07-2025,Shoes,Fashion,2422.54,1,2422.54
17-01-2025,Tablet,Electronics,26765.34,5,133826.7
19-07-2025,Keyboard,Electronics,1593.76,8,12750.08
04-12-2025,Milk,Grocery,58.12,6,348.72
19-08-2025,Keyboard,Electronics,1594.73,7,11163.11
04-12-2025,Rice,Grocery,65.5,10,655
25-12-2025,Keyboard,Electronics,1352.23,3,4056.69
09-05-2025,Milk,Grocery,50.53,6,303.18
17-03-2025,Laptop,Electronics,53842.19,4,215368.76
20-09-2025,Bag,Accessories,1198.89,5,5994.45
14-04-2025,Jeans,Fashion,1684.98,1,1684.98
05-01-2025,Watch,Accessories,3402.51,6,20415.06
11-11-2025,Rice,Grocery,58.05,2,116.1
05-09-2025,Bread,Grocery,42.59,9,383.31
14-04-2025,Shoes,Fashion,2323.9,9,20915.1
21-05-2025,Headphones,Electronics,2934.41,9,26409.69
30-10-2025,Bag,Accessories,1302.38,4,5209.52
11-08-2025,Bread,Grocery,43.6,1,43.6
21-08-2025,Jeans,Fashion,1832.75,5,9163.75
03-10-2025,Bread,Grocery,39.65,5,198.25
20-06-2025,Laptop,Electronics,49073.36,2,98146.72
31-08-2025,Tablet,Electronics,26891.17,8,215129.36
08-11-2025,Bag,Accessories,1135.43,6,6812.58
30-10-2025,Shoes,Fashion,2474.64,5,12373.2
30-11-2025,Tablet,Electronics,22693.55,4,90774.2
09-12-2025,Speaker,Electronics,4571.61,7,32001.27
16-05-2025,Laptop,Electronics,50307.43,1,50307.43
24-04-2025,Tablet,Electronics,24746.25,7,173223.75
02-01-2025,Milk,Grocery,50.03,2,100.06
21-05-2025,Headphones,Electronics,3188.65,9,28697.85
02-08-2025,Laptop,Electronics,50017.52,5,250087.6
04-11-2025,Watch,Accessories,3185.84,10,31858.4
20-04-2025,Headphones,Electronics,3096.77,5,15483.85
01-03-2025,Tablet,Electronics,23674.17,7,165719.19
15-10-2025,Jeans,Fashion,1738.29,9,15644.61
02-12-2025,Shoes,Fashion,2257.11,7,15799.77
10-02-2025,Rice,Grocery,61.76,8,494.08
11-01-2025,Mouse,Electronics,648.18,5,3240.9
28-03-2025,Watch,Accessories,3354.62,5,16773.1
01-08-2025,Keyboard,Electronics,1621.79,4,6487.16
25-03-2025,Rice,Grocery,55.17,5,275.85
08-06-2025,Headphones,Electronics,3114.93,2,6229.86
09-02-2025,Keyboard,Electronics,1611.97,1,1611.97
03-05-2025,,Electronics,739.01,5,3695.05
02-04-2025,Mouse,Electronics,,6,4422.54
04-03-2025,Headphones,Electronics,3159.6,9,28436.4
27-08-2025,Headphones,Electronics,2773.26,10,27732.6
23-05-2025,Bread,Grocery,36.67,2,73.34
30-06-2025,Keyboard,Electronics,1466.36,4,5865.44
07-10-2025,T-Shirt,Fashion,836.05,10,8360.5
14-02-2025,Mouse,Electronics,652.72,6,3916.32
24-03-2025,Headphones,Electronics,3189.13,9,28702.17
10-04-2025,Phone,Electronics,21964.45,6,131786.7
16-01-2025,Rice,Grocery,64.24,7,449.68
23-02-2025,Bread,Grocery,40.1,7,280.7
19-04-2025,Keyboard,Electronics,1407.04,8,11256.32
28-10-2025,Jeans,Fashion,1871.05,4,7484.2
03-12-2025,Speaker,Electronics,4871.59,8,38972.72
13-10-2025,Bread,Grocery,39.66,6,237.96
25-11-2025,Rice,Grocery,56.39,1,56.39
19-01-2025,Phone,Electronics,18752.32,10,187523.2
01-07-2025,Laptop,Electronics,54876.62,6,329259.72
29-11-2025,Rice,Grocery,58.99,1,58.99
11-06-2025,Tablet,Electronics,24817.41,3,
19-02-2025,Bag,Accessories,1204.92,2,2409.84
31-10-2025,Keyboard,Electronics,1492.03,9,13428.27
10-10-2025,Jeans,Fashion,1894.17,2,3788.34
16-11-2025,Bread,Grocery,36.26,6,217.56
06-05-2025,T-Shirt,Fashion,805.93,7,5641.51
31-05-2025,Laptop,Electronics,53586.57,1,53586.57
03-06-2025,Watch,Accessories,3824.85,3,11474.55
23-12-2025,T-Shirt,Fashion,850.51,3,2551.53
24-05-2025,Rice,Grocery,64.2,2,128.4
29-09-2025,Rice,Grocery,54.9,5,274.5
03-06-2025,Milk,Grocery,49.75,,248.75
17-06-2025,Keyboard,Electronics,1563.54,3,4690.62
26-09-2025,Bag,Accessories,1223.89,2,2447.78
05-07-2025,Mouse,Electronics,643.32,5,3216.6
20-06-2025,Rice,Grocery,64.66,3,193.98
23-10-2025,Shoes,Fashion,2541.11,2,5082.22
29-04-2025,Laptop,Electronics,47765.15,9,429886.35
05-10-2025,Speaker,Electronics,4823.33,9,43409.97
23-10-2025,Tablet,Electronics,25952.41,5,129762.05
10-10-2025,Watch,Accessories,3358.28,7,23507.96
21-01-2025,T-Shirt,Fashion,867.01,7,6069.07
17-02-2025,Watch,Accessories,3383.29,1,3383.29
12-03-2025,Mouse,Electronics,643.2,10,6432
03-01-2025,Mouse,Electronics,754.8,1,754.8
29-08-2025,Bread,Grocery,38.89,9,350.01
24-02-2025,T-Shirt,Fashion,745.41,9,6708.69
07-05-2025,Mouse,Electronics,676.77,3,2030.31
29-11-2025,Speaker,Electronics,4562.11,2,9124.22
19-11-2025,Bread,Grocery,36.13,4,144.52
29-12-2025,Keyboard,Electronics,1400.81,9,12607.29
03-05-2025,Milk,Grocery,49.56,9,446.04
20-05-2025,Bag,Accessories,1270.72,4,5082.88
10-09-2025,Headphones,Electronics,2842.75,7,19899.25
19-04-2025,Bag,Accessories,1240.05,4,4960.2
28-09-2025,T-Shirt,Fashion,775.08,7,5425.56
30-10-2025,Milk,Grocery,59.52,5,297.6
18-05-2025,Shoes,Fashion,2558.19,2,5116.38
28-12-2025,Milk,Grocery,52.3,10,523
12-09-2025,Laptop,Electronics,54778.16,7,383447.12
30-10-2025,Shoes,Fashion,2623.39,3,7870.17
23-10-2025,Keyboard,Electronics,1594.33,10,15943.3
03-03-2025,Watch,Accessories,3324.15,1,3324.15
29-04-2025,Shoes,Fashion,2622.44,2,5244.88
17-12-2025,Milk,Grocery,50.96,4,203.84
22-05-2025,Mouse,Electronics,710.44,4,2841.76
26-02-2025,Tablet,Electronics,25981.12,7,181867.84
24-02-2025,Rice,Grocery,56.48,3,169.44
17-03-2025,Jeans,Fashion,1853.27,2,3706.54
08-07-2025,Rice,Grocery,65.73,7,460.11
04-12-2025,Headphones,Electronics,3108.19,8,24865.52
06-12-2025,Shoes,Fashion,2678.88,3,8036.64
16-04-2025,Milk,Grocery,53.38,4,213.52
08-09-2025,Phone,Electronics,21796.57,7,152575.99
26-01-2025,T-Shirt,Fashion,720.49,,5763.92
23-03-2025,Laptop,Electronics,52813.93,1,52813.93
23-08-2025,Headphones,Electronics,2873.44,7,20114.08
26-02-2025,Speaker,Electronics,4308.49,5,21542.45
24-05-2025,Keyboard,Electronics,1477.85,1,1477.85
31-08-2025,Bread,Grocery,42.1,2,84.2
28-10-2025,Phone,Electronics,19391.37,4,77565.48
19-08-2025,Shoes,Fashion,2594.22,5,12971.1
02-09-2025,Milk,Grocery,52.47,8,419.76
23-04-2025,,Electronics,21619.23,1,21619.23
01-05-2025,Watch,Accessories,3490.13,4,13960.52
10-10-2025,Headphones,Electronics,3085.13,3,9255.39
26-02-2025,T-Shirt,Fashion,835.4,9,7518.6
11-05-2025,Jeans,Fashion,1655.58,9,14900.22
08-06-2025,Jeans,Fashion,1765.34,2,3530.68
18-10-2025,Speaker,Electronics,4146.41,5,20732.05
10-05-2025,Bread,Grocery,37.95,9,341.55
11-11-2025,Bag,Accessories,1271.76,9,11445.84
04-04-2025,Watch,Accessories,3497.93,9,31481.37
02-01-2025,Keyboard,Electronics,1637.59,6,9825.54
20-12-2025,Bread,Grocery,40.43,10,404.3
24-06-2025,Laptop,Electronics,49810.19,3,149430.57
25-02-2025,Jeans,Fashion,1730.28,7,
09-05-2025,Jeans,Fashion,1909.65,10,19096.5
13-04-2025,Watch,Accessories,3431.37,10,
17-10-2025,Bag,Accessories,1165.65,7,8159.55
30-08-2025,Bag,Accessories,1127.1,4,4508.4
16-06-2025,Laptop,Electronics,53577.96,6,321467.76
30-08-2025,Bread,Grocery,37.93,6,227.58
10-09-2025,Shoes,Fashion,2465.41,9,22188.69
09-01-2025,Jeans,Fashion,1647.46,10,16474.6
12-03-2025,Shoes,Fashion,2455.37,1,2455.37
15-04-2025,Phone,Electronics,19649.44,2,39298.88
22-02-2025,Watch,Accessories,3842.84,9,34585.56
14-08-2025,Jeans,Fashion,1668.86,4,6675.44
22-04-2025,Rice,Grocery,55.16,5,275.8
06-01-2025,Speaker,Electronics,4578.75,2,9157.5
24-05-2025,Watch,Accessories,3562.04,8,28496.32
18-04-2025,Mouse,Electronics,677.71,4,2710.84
10-11-2025,Mouse,Electronics,643.09,5,3215.45
03-11-2025,Headphones,Electronics,3147.85,4,12591.4
23-01-2025,Phone,Electronics,20755.99,9,186803.91
27-03-2025,Watch,Accessories,3680.13,1,3680.13
08-09-2025,Tablet,Electronics,27461.28,7,192228.96
19-06-2025,Mouse,Electronics,642.42,10,6424.2
28-04-2025,Speaker,Electronics,4568.11,1,4568.11
07-08-2025,Jeans,Fashion,1745.63,6,10473.78
20-08-2025,Headphones,Electronics,3117.56,1,3117.56
19-02-2025,Watch,Accessories,3550.19,5,17750.95
09-04-2025,Keyboard,Electronics,1596.69,4,6386.76
24-01-2025,Jeans,Fashion,1684.58,4,6738.32
12-04-2025,Keyboard,Electronics,1438.5,1,1438.5
05-12-2025,Phone,Electronics,18902.5,3,56707.5
17-01-2025,Mouse,Electronics,731.6,4,2926.4
07-07-2025,Watch,Accessories,3679.61,5,18398.05
18-12-2025,Milk,Grocery,51.19,2,102.38
23-03-2025,Phone,Electronics,19512.34,3,58537.02
11-07-2025,Laptop,Electronics,50330.3,7,352312.1
25-02-2025,Mouse,Electronics,737.02,4,2948.08
07-02-2025,Keyboard,Electronics,1474.52,7,10321.64
28-04-2025,Jeans,,1912.54,5,9562.7
24-09-2025,Jeans,Fashion,1819.8,9,16378.2
30-10-2025,Speaker,Electronics,4915.7,10,49157
18-06-2025,Speaker,Electronics,4457.75,10,44577.5
30-09-2025,Watch,Accessories,3547.11,8,28376.88
06-08-2025,Keyboard,Electronics,1533.28,8,
23-05-2025,Rice,Grocery,57.12,4,228.48
11-01-2025,Shoes,Fashion,2452.91,7,17170.37
02-10-2025,Phone,,21708.99,10,217089.9
01-03-2025,Bread,Grocery,41.56,1,41.56
28-04-2025,Jeans,Fashion,1872.1,2,3744.2
14-10-2025,Phone,Electronics,19578.43,10,195784.3
31-12-2025,Jeans,Fashion,1914.01,1,1914.01
23-09-2025,Keyboard,Electronics,1511.71,4,6046.84
06-03-2025,Shoes,Fashion,2704,9,24336
07-11-2025,Headphones,Electronics,3230.65,4,12922.6
03-10-2025,Headphones,Electronics,2750.14,9,24751.26
03-10-2025,Mouse,Electronics,666.35,6,3998.1
09-10-2025,Keyboard,Electronics,1598.43,1,1598.43
07-08-2025,Phone,Electronics,21400.98,4,85603.92
13-03-2025,Bread,Grocery,42.32,2,84.64
23-09-2025,Keyboard,Electronics,1537.45,2,3074.9
05-08-2025,Jeans,Fashion,1848.19,2,3696.38
14-06-2025,Phone,Electronics,18658.54,5,93292.7
22-06-2025,Laptop,Electronics,45331.06,1,45331.06
14-01-2025,Bread,Grocery,41.32,1,41.32
16-01-2025,Mouse,Electronics,675.15,10,6751.5
11-02-2025,Mouse,Electronics,726.31,8,5810.48
20-02-2025,Phone,Electronics,21134.6,9,190211.4
28-11-2025,Rice,Grocery,54.69,10,546.9
14-01-2025,Jeans,Fashion,1673.92,6,10043.52
10-06-2025,Milk,Grocery,56.89,9,512.01
27-11-2025,T-Shirt,Fashion,840.4,5,4202
23-03-2025,Mouse,Electronics,706.41,3,2119.23
04-11-2025,Watch,Accessories,3553.47,8,28427.76
28-05-2025,Phone,Electronics,20088.89,2,40177.78
19-03-2025,Keyboard,Electronics,1597.31,5,7986.55
14-09-2025,Bag,Accessories,1269.19,6,7615.14
14-07-2025,Phone,Electronics,18161.53,7,127130.71
28-08-2025,Laptop,Electronics,,1,45441.46
02-01-2025,Watch,Accessories,,4,13331.6
13-07-2025,Rice,Grocery,61.64,2,123.28
05-07-2025,Jeans,Fashion,1805.72,9,16251.48
18-03-2025,Milk,Grocery,53.65,2,107.3
01-05-2025,Milk,Grocery,51.14,5,255.7
19-09-2025,Shoes,Fashion,2745.33,6,16471.98
05-12-2025,Laptop,Electronics,48662.11,3,145986.33
,Milk,Grocery,57.53,9,517.77
21-01-2025,Watch,Accessories,3478.84,7,24351.88
17-04-2025,Shoes,Fashion,2455.09,10,24550.9
13-10-2025,Phone,Electronics,20472.36,1,20472.36
16-11-2025,Bread,Grocery,41.09,9,369.81
05-04-2025,Keyboard,Electronics,1369.35,5,6846.75
25-01-2025,Speaker,Electronics,4160.17,7,29121.19
10-05-2025,Tablet,Electronics,25142.88,9,226285.92
28-09-2025,Jeans,Fashion,1621.79,5,8108.95
26-11-2025,Keyboard,Electronics,1514.24,8,12113.92
,Speaker,Electronics,4887.81,9,43990.29
10-04-2025,Milk,Grocery,57.4,4,229.6
28-09-2025,Watch,Accessories,3194.92,5,15974.6
05-05-2025,Keyboard,Electronics,1551.9,3,4655.7
23-12-2025,Milk,Grocery,56.31,5,281.55
29-03-2025,Headphones,Electronics,3042.85,5,15214.25
28-07-2025,T-Shirt,Fashion,745.37,4,2981.48
03-08-2025,Bread,Grocery,41.74,6,250.44
28-09-2025,Milk,Grocery,51.85,5,259.25
09-05-2025,Mouse,Electronics,694.68,1,694.68
19-07-2025,T-Shirt,Fashion,871.27,7,6098.89
22-03-2025,Rice,Grocery,65.35,6,392.1
29-05-2025,Tablet,Electronics,26867.33,3,80601.99
26-07-2025,Bread,Grocery,37.83,6,226.98
24-06-2025,Headphones,Electronics,3109.91,5,15549.55
09-04-2025,Tablet,Electronics,27057.16,1,27057.16
09-12-2025,Mouse,Electronics,695.78,5,3478.9
30-07-2025,Bread,Grocery,38.24,5,191.2
20-09-2025,Bag,Accessories,1310.39,9,11793.51
16-09-2025,Speaker,Electronics,4876.25,4,19505
25-02-2025,Rice,Grocery,56.9,9,512.1
23-09-2025,Keyboard,Electronics,1599.12,5,7995.6
19-06-2025,Jeans,Fashion,1970.09,8,15760.72
09-11-2025,Tablet,Electronics,25985.95,6,155915.7
20-01-2025,T-Shirt,Fashion,829.89,1,829.89
30-05-2025,Shoes,Fashion,2352.32,4,9409.28
17-04-2025,Bread,Grocery,42.59,4,170.36
27-09-2025,T-Shirt,Fashion,813.94,2,1627.88
22-07-2025,Jeans,Fashion,1699.88,3,5099.64
22-02-2025,Mouse,Electronics,643.24,10,6432.4
21-08-2025,Headphones,Electronics,2979.87,2,5959.74
06-10-2025,Laptop,Electronics,51064.56,4,204258.24
04-05-2025,Bag,Accessories,1101.94,4,4407.76
10-09-2025,Shoes,Fashion,2317.35,6,
26-04-2025,Laptop,Electronics,53823.83,1,53823.83
09-02-2025,Mouse,Electronics,758.54,10,7585.4
16-09-2025,Phone,Electronics,21033.59,6,126201.54
19-07-2025,Mouse,Electronics,694.64,9,
28-07-2025,Bread,Grocery,40.42,9,363.78
05-01-2025,Laptop,Electronics,54115.11,4,216460.44
14-01-2025,Bread,Grocery,36.24,2,72.48
21-06-2025,Bread,Grocery,39.32,9,353.88
07-03-2025,Tablet,Electronics,25485.98,1,25485.98
06-05-2025,Jeans,Fashion,1755.82,8,14046.56
23-11-2025,Jeans,,1799.05,5,8995.25
02-11-2025,Mouse,Electronics,764.45,7,5351.15
02-01-2025,Speaker,Electronics,4608.95,4,18435.8
20-07-2025,Rice,Grocery,61.32,6,367.92
10-03-2025,Speaker,,4102.15,5,20510.75
06-11-2025,Mouse,Electronics,743.19,9,6688.71
24-11-2025,Bread,Grocery,40.6,2,81.2
04-10-2025,T-Shirt,Fashion,756.14,7,5292.98
29-09-2025,Phone,Electronics,19371.8,1,19371.8
28-10-2025,Keyboard,Electronics,1576.96,7,11038.72
10-04-2025,Keyboard,Electronics,1594.48,3,4783.44
21-04-2025,Bag,Accessories,1224.47,3,3673.41
07-02-2025,Shoes,Fashion,2475.65,6,14853.9
22-06-2025,Milk,Grocery,50.34,5,251.7
19-01-2025,Jeans,Fashion,1888.57,5,9442.85
08-03-2025,Headphones,Electronics,3021.66,1,3021.66
07-07-2025,Watch,Accessories,3164.88,6,18989.28
02-05-2025,Phone,Electronics,21742.37,7,152196.59
11-08-2025,Bread,Grocery,41.95,9,377.55
22-12-2025,Mouse,Electronics,646.31,3,1938.93
07-08-2025,Bread,Grocery,42.77,1,42.77
09-04-2025,Tablet,Electronics,27451.29,9,247061.61
15-04-2025,Rice,Grocery,58.69,10,586.9
15-02-2025,Tablet,Electronics,26856.18,1,26856.18
17-07-2025,Keyboard,Electronics,1555.47,2,3110.94
14-06-2025,Jeans,Fashion,,3,5089.89
22-04-2025,T-Shirt,Fashion,863.6,6,5181.6
27-01-2025,Tablet,Electronics,24648.97,9,221840.73
04-04-2025,Milk,Grocery,55.79,8,446.32
17-11-2025,Tablet,Electronics,24926.35,9,224337.15
26-11-2025,Speaker,Electronics,4178.34,4,16713.36
26-09-2025,Tablet,Electronics,23818.92,1,23818.92
01-03-2025,Shoes,Fashion,2402,9,21618
03-01-2025,Bread,Grocery,40.22,8,321.76
10-04-2025,Rice,Grocery,57.58,8,460.64
08-12-2025,Speaker,Electronics,4545.26,9,40907.34
11-03-2025,Milk,Grocery,50.01,4,200.04
27-11-2025,Rice,Grocery,61.37,2,122.74
28-01-2025,Mouse,Electronics,723.38,8,5787.04
20-12-2025,Jeans,Fashion,1626.5,1,1626.5
17-09-2025,Rice,Grocery,65.92,10,659.2
29-12-2025,Mouse,Electronics,742.46,5,3712.3
21-10-2025,Keyboard,Electronics,1630.49,8,13043.92
11-05-2025,Bag,Accessories,1273.76,7,8916.32
03-11-2025,Jeans,Fashion,1826.2,7,12783.4
16-11-2025,Bag,Accessories,1273.94,5,6369.7
10-10-2025,Watch,Accessories,3573.26,10,35732.6
13-12-2025,Watch,Accessories,3682.76,8,29462.08
15-02-2025,Speaker,Electronics,4519.99,3,13559.97
02-10-2025,Bread,Grocery,38.93,7,272.51
,Bag,Accessories,1139.57,6,6837.42
17-10-2025,Mouse,Electronics,671.22,9,6040.98
08-06-2025,Bag,Accessories,1228.51,4,4914.04
31-03-2025,Speaker,Electronics,4221.34,3,12664.02
25-04-2025,T-Shirt,Fashion,844.88,7,5914.16
26-07-2025,Bag,Accessories,1214.36,1,1214.36
28-07-2025,Bag,Accessories,1247.92,9,11231.28
31-08-2025,Keyboard,Electronics,1469.4,2,2938.8
23-08-2025,Bread,Grocery,39.34,1,39.34
25-11-2025,Phone,Electronics,18695.66,4,74782.64
08-06-2025,Headphones,Electronics,3265.82,4,13063.28
24-09-2025,Bag,Accessories,1132.9,10,11329
05-07-2025,Watch,Accessories,3320.77,9,29886.93
12-03-2025,Watch,Accessories,3777.95,1,3777.95
,Tablet,Electronics,22515.36,6,135092.16
28-07-2025,Speaker,Electronics,4647.22,3,13941.66
22-12-2025,Bag,Accessories,1226.4,6,7358.4
16-01-2025,Headphones,Electronics,3182.75,3,9548.25
27-07-2025,Bag,Accessories,1263.15,9,11368.35
13-12-2025,Keyboard,Electronics,1480.24,5,7401.2
17-02-2025,Bread,Grocery,40.4,10,404
13-07-2025,Rice,Grocery,58.88,2,117.76
21-04-2025,Laptop,Electronics,50617.94,7,354325.58
20-02-2025,Watch,Accessories,3731.43,3,11194.29
08-04-2025,Bread,Grocery,40.23,10,402.3
22-06-2025,Speaker,Electronics,4725.38,5,23626.9
09-04-2025,Bread,Grocery,38.14,9,343.26
18-03-2025,Shoes,Fashion,2543.81,5,12719.05
18-09-2025,T-Shirt,Fashion,820.17,1,820.17
16-01-2025,Tablet,Electronics,27296.11,8,218368.88
25-04-2025,Laptop,Electronics,45065.13,9,405586.17
11-08-2025,Bag,Accessories,1173.76,7,8216.32
02-02-2025,Laptop,Electronics,46167.84,7,323174.88
15-09-2025,Shoes,Fashion,2287.53,4,9150.12
10-11-2025,Rice,Grocery,63.88,1,63.88
25-01-2025,Mouse,Electronics,682.53,1,682.53
10-11-2025,Watch,Accessories,3345.47,5,16727.35
19-11-2025,Bag,Accessories,1097.56,6,6585.36
28-01-2025,Phone,Electronics,,3,58893.48
19-11-2025,Headphones,Electronics,2817.54,10,28175.4
15-08-2025,Watch,Accessories,3437.79,3,10313.37
26-01-2025,Jeans,Fashion,1752.61,5,8763.05
19-05-2025,Laptop,Electronics,53957.18,8,431657.44
15-08-2025,Bag,Accessories,1147.56,3,3442.68
30-01-2025,Jeans,Fashion,1959.46,3,5878.38
26-07-2025,Bread,Grocery,42.9,3,128.7
02-11-2025,Keyboard,Electronics,1453.37,9,13080.33
17-02-2025,Jeans,Fashion,1934.08,8,15472.64
16-07-2025,Speaker,Electronics,4092.93,3,12278.79
17-10-2025,Jeans,Fashion,1955.69,2,3911.38
15-05-2025,Laptop,Electronics,48972.79,9,440755.11
12-12-2025,Headphones,Electronics,2857.68,4,11430.72
12-04-2025,Shoes,Fashion,2476.93,2,4953.86
09-03-2025,Speaker,Electronics,4332.78,3,12998.34
14-04-2025,Rice,Grocery,64.99,7,454.93
25-02-2025,Phone,Electronics,20178.74,2,40357.48
26-08-2025,Laptop,Electronics,47049.17,3,141147.51
14-12-2025,Mouse,,641,3,1923
01-01-2025,Milk,Grocery,50.74,7,355.18
02-05-2025,,Electronics,25066.47,6,150398.82
09-03-2025,Phone,Electronics,19982.99,10,199829.9
26-06-2025,Milk,Grocery,50.83,4,203.32
18-08-2025,Mouse,Electronics,754.8,9,6793.2
01-06-2025,T-Shirt,Fashion,762.34,1,762.34
28-03-2025,Tablet,Electronics,25394.03,1,25394.03
14-03-2025,Tablet,Electronics,24477.94,9,220301.46
23-01-2025,Tablet,Electronics,22972.58,5,114862.9
26-05-2025,Laptop,Electronics,47365.08,4,189460.32
16-12-2025,T-Shirt,Fashion,853.12,7,5971.84
