PassengerId,Survived,Pclass,Name,Sex,Age,SibSp,Parch,Ticket,Fare,Cabin,Embarked
1,0,3,Passenger 1,male,15,4,0,TKT10001,149.6,,S
2,0,1,Passenger 2,female,,2,2,TKT10002,47.99,C87,S
3,0,2,Passenger 3,male,,4,2,TKT10003,162.39,,Q
4,0,2,Passenger 4,female,,3,2,TKT10004,197.12,,Q
5,0,3,Passenger 5,female,22,0,1,TKT10005,36.86,C103,Q
6,1,1,Passenger 6,female,41,1,1,TKT10006,132.81,,
7,0,1,Passenger 7,male,,3,0,TKT10007,22.73,,
8,1,3,Passenger 8,female,2,0,2,TKT10008,137.93,,Q
9,0,1,Passenger 9,female,,1,0,TKT10009,169.13,,S
10,0,1,Passenger 10,female,40,0,1,TKT10010,16.3,,C
11,1,2,Passenger 11,female,28,0,1,TKT10011,144.03,, s 
12,1,1,Passenger 12,male,8,2,3,TKT10012,18.14,,
13,1,2,Passenger 13,male,13,0,0,TKT10013,133.5,,S
14,0,2,Passenger 14,male,55,0,0,TKT10014,59.32,C61,C
15,1,2,Passenger 15,female,8,3,3,TKT10015,78.9,,S
16,0,1,Passenger 16,male,8,1,0,TKT10016,118.91,,C
17,1,2,Passenger 17,male,75,2,1,TKT10017,125.78,,Q
18,0,1,Passenger 18,male,,4,2,TKT10018,126.13,,S
19,0,3,Passenger 19,female,,0,1,TKT10019,124.28,C142,C
20,0,1,Passenger 20,female,,2,0,TKT10020,,C68,C
21,0,3,Passenger 21,male,2,2,1,TKT10021,19.67,,Q
22,1,3,Passenger 22,female,46,4,1,TKT10022,138,,C
23,1,3,Passenger 23,male,4,2,1,TKT10023,148.63,,S
24,0,1,Passenger 24,male,,1,3,TKT10024,64.51,C72,Q
25,1,1,Passenger 25,female,,0,0,TKT10025,188.15,,Q
26,0,3,Passenger 26,male,74,2,3,TKT10026,54.67,,Q
27,1,3,Passenger 27,male,,1,3,TKT10027,135.04,,C
28,1,2,Passenger 28,female,,3,1,TKT10028,60.95,C44,S
29,0,1,Passenger 29,male,12,0,1,TKT10029,136.2,,S
30,0,1,Passenger 30,female,,1,1,TKT10030,82.93,,
31,1,2,Passenger 31,female,59,4,3,TKT10031,161.28,C122,
32,0,3,Passenger 32,female,,1,2,TKT10032,127.22,C21,C
33,1,2,Passenger 33,male,28,1,3,TKT10033,85.9,C6,
34,0,2,Passenger 34,male,,2,3,TKT10034,109.95,,
35,0,1,Passenger 35,female,80,1,3,TKT10035,181.85,,Q
36,1,1,Passenger 36,female,,0,0,TKT10036,151.64,,S
37,0,1,Passenger 37,female,32,0,1,TKT10037,168.65,,Q
38,0,2,Passenger 38,female,15,3,1,TKT10038,193.12,,C
39,0,2,Passenger 39,female,77,2,0,TKT10039,160.26,,
40,1,3,Passenger 40,female,59,3,3,TKT10040,89.92,,Q
41,1,2,Passenger 41,male,58,3,2,TKT10041,151.34,,Q
42,0,3,Passenger 42,female,36,3,1,TKT10042,105.74,, s 
43,1,3,Passenger 43,female,52,3,2,TKT10043,64.71,,Q
44,1,3,Passenger 44, Male ,16,0,1,TKT10044,42.35,,Q
45,1,1,Passenger 45,male,,4,2,TKT10045,141,,C
46,0,1,Passenger 46,male,15,4,2,TKT10046,83.14,,
47,1,2,Passenger 47,male,,4,0,TKT10047,92.85,,C
48,1,2,Passenger 48,male,71,1,2,TKT10048,35.52,C117,S
49,0,2,Passenger 49,male,76,0,0,TKT10049,87.9,,Q
50,0,3,Passenger 50,male,,3,2,TKT10050,102.59,,C
51,0,2,Passenger 51,female,,2,1,TKT10051,117.37,,
52,1,2,Passenger 52,female,42,4,0,TKT10052,172.26,,Q
53,1,3,Passenger 53,female,,3,0,TKT10053,85.58,,Q
54,0,3,Passenger 54,female,78,0,1,TKT10054,143.41,C119,S
55,1,1,Passenger 55,female,,4,1,TKT10055,86.02,C131,C
56,0,2,Passenger 56,female,,4,3,TKT10056,187.18,,
57,0,3,Passenger 57,female,,1,3,TKT10057,174.57,C98,
58,1,1,Passenger 58,female,,0,3,TKT10058,,,C
59,1,2,Passenger 59,female,,4,0,TKT10059,131.72,,Q
60,0,1,Passenger 60,female,13,0,2,TKT10060,91.52,,C
61,0,2,Passenger 61,male,22,1,3,TKT10061,20.4,,S
62,1,3,Passenger 62,female,70,2,3,TKT10062,19.4,,
63,1,2,Passenger 63,male,,4,0,TKT10063,198.57,C74,C
64,0,3,Passenger 64,male,,0,2,TKT10064,137.16,,Q
65,1,3,Passenger 65,female,54,1,2,TKT10065,44.15,C76,Q
66,1,1,Passenger 66,female,,0,2,TKT10066,193.62,,Q
67,1,3,Passenger 67,male,14,0,3,TKT10067,96.94,,
68,0,2,Passenger 68,female,64,2,3,TKT10068,23.95,C107,S
69,1,1,Passenger 69,female,36,0,2,TKT10069,139.6,C92,S
70,0,1,Passenger 70,female,59,1,1,TKT10070,134.24,,C
71,0,3,Passenger 71,female,19,1,0,TKT10071,59.07,,S
72,1,3,Passenger 72,male,3,0,3,TKT10072,56.75,,S
73,0,2,Passenger 73,female,,3,0,TKT10073,94.32,C19,S
74,1,2,Passenger 74,female,,0,0,TKT10074,79.28,,C
75,1,2,Passenger 75,female,,2,1,TKT10075,86.12,,S
76,1,3,Passenger 76,male,48,3,2,TKT10076,113.49,C109,S
77,0,2,Passenger 77,female,74,0,2,TKT10077,35.17,C144,S
78,1,2,Passenger 78,male,4,1,1,TKT10078,58.29,,C
79,0,2,Passenger 79,female,68,2,0,TKT10079,78.36,,S
80,0,2,Passenger 80,female,,0,2,TKT10080,85.77,,Q
81,0,2,Passenger 81,female,1,2,0,TKT10081,,C45,C
82,1,1,Passenger 82,female,46,0,2,TKT10082,82.43,,
83,0,2,Passenger 83,male,,1,3,TKT10083,167.25,,
84,0,2,Passenger 84,female,22,1,1,TKT10084,104.54,,C
85,1,3,Passenger 85,female,,2,1,TKT10085,95.47,,Q
86,1,2,Passenger 86,male,,0,3,TKT10086,95.04,,S
87,1,1,Passenger 87,female,,0,1,TKT10087,102.77,C113,C
88,0,2,Passenger 88,male,44,4,3,TKT10088,158.9,C39,Q
89,0,2,Passenger 89,female,,2,1,TKT10089,30.15,C135,S
90,1,1,Passenger 90,male,,1,1,TKT10090,40.15,C26,S
91,0,3,Passenger 91,female,,0,3,TKT10091,35.08,C114,Q
92,0,2,Passenger 92,female,,3,2,TKT10092,193.29,,
93,1,3,Passenger 93,male,,4,0,TKT10093,15.18,C70,
94,1,1,Passenger 94,female,,4,2,TKT10094,177.5,C96,C
95,1,3,Passenger 95,male,43,3,3,TKT10095,31.83,C5,Q
96,1,1,Passenger 96,male,,1,3,TKT10096,26.68,,S
97,0,3,Passenger 97,female,3,1,3,TKT10097,145.12,,Q
98,1,2,Passenger 98,female,65,0,2,TKT10098,81.14,,S
99,0,3,Passenger 99,female,,3,1,TKT10099,111.47,,
100,1,2,Passenger 100,male,,1,2,TKT10100,187.01,C85,Q
101,1,2,Passenger 101,female,,0,3,TKT10101,71.11,,C
102,0,3,Passenger 102,female,,2,3,TKT10102,91.95,C91,
103,0,1,Passenger 103,male,,4,3,TKT10103,75.85,,Q
104,0,3,Passenger 104,male,,4,2,TKT10104,190.02,,C
105,1,3,Passenger 105,female,,1,2,TKT10105,183.14,C52,S
106,1,3,Passenger 106,female,57,0,2,TKT10106,163.05,C45,Q
107,1,2,Passenger 107,male,18,4,0,TKT10107,159.12,,
108,1,2,Passenger 108,female,10,1,1,TKT10108,194.61,,S
109,1,1,Passenger 109,female,,1,2,TKT10109,187.27,,S
110,1,3,Passenger 110,male,20,0,0,TKT10110,133.45,,Q
111,1,2,Passenger 111,male,,3,2,TKT10111,178.35,,C
112,1,2,Passenger 112,male,78,2,0,TKT10112,65.95,,Q
113,0,2,Passenger 113,female,,1,1,TKT10113,53.41,,
114,1,1,Passenger 114,male,,2,3,TKT10114,193.5,C121,Q
115,1,1,Passenger 115,male,,2,2,TKT10115,153.95,,Q
116,1,3,Passenger 116,female,17,1,1,TKT10116,81.81,,S
117,0,2,Passenger 117,female,,1,3,TKT10117,34.04,C77,Q
118,0,2,Passenger 118,female,,0,3,TKT10118,399.37,,C
119,0,3,Passenger 119,male,,1,0,TKT10119,33.82,,
120,1,3,Passenger 120,female,61,4,3,TKT10120,142.63,,Q
121,1,1,Passenger 121,female,,2,1,TKT10121,42.49,,
122,1,2,Passenger 122,female,,1,2,TKT10122,28.77,C21,Q
123,1,1,Passenger 123,male,28,4,1,TKT10123,166.45,,C
124,0,2,Passenger 124,female,61,3,1,TKT10124,137.83,,Q
125,0,1,Passenger 125,female,74,1,0,TKT10125,109.35,,
126,0,2,Passenger 126,female,38,3,3,TKT10126,6.81,,
127,1,3,Passenger 127,male,,1,3,TKT10127,401.13,,S
128,1,2,Passenger 128,female,,2,0,TKT10128,415.07,,C
129,1,2,Passenger 129,male,,1,1,TKT10129,139.61,,Q
130,0,3,Passenger 130,female,69,4,2,TKT10130,153.56,,S
131,1,1,Passenger 131,male,69,4,3,TKT10131,37.08,,S
132,0,2,Passenger 132,female,,0,1,TKT10132,136.19,,Q
133,0,3,Passenger 133,female,,2,3,TKT10133,11.19,C97,
134,1,3,Passenger 134,male,,1,0,TKT10134,28.13,C119,
135,0,1,Passenger 135,female,45,4,0,TKT10135,58.75,,S
136,0,1,Passenger 136,male,32,4,2,TKT10136,83.44,C148,Q
137,0,2,Passenger 137,female,,2,0,TKT10137,175.87,,C
138,1,2,Passenger 138,male,,2,3,TKT10138,158.23,,C
139,0,2,Passenger 139,male,60,2,1,TKT10139,114.67,,
140,0,1,Passenger 140,male,25,4,1,TKT10140,57.35,C86, s 
141,0,2,Passenger 141,male,,4,2,TKT10141,183.32,,Q
142,1,1,Passenger 142,female,60,2,3,TKT10142,161.55,C38,S
143,1,3,Passenger 143,male,,3,2,TKT10143,34.72,C126,
144,0,3,Passenger 144,male,,0,0,TKT10144,40.89,,C
145,1,3,Passenger 145,female,,0,0,TKT10145,16.79,,S
146,0,1,Passenger 146,male,,1,1,TKT10146,162.2,,Q
147,0,2,Passenger 147,male,,0,0,TKT10147,115.18,, s 
148,0,3,Passenger 148,male,,1,1,TKT10148,130.76,,
149,0,1,Passenger 149,male,36,3,0,TKT10149,39.97,,
150,0,1,Passenger 150,female,18,1,0,TKT10150,102.65,C102,Q
151,1,1,Passenger 151,female,63,0,2,TKT10151,74.38,C22,Q
152,1,2,Passenger 152,female,,2,0,TKT10152,75.34,,
153,1,2,Passenger 153,male,,2,3,TKT10153,113.07,,C
154,0,1,Passenger 154,female,,2,3,TKT10154,63.72,C93,Q
155,0,2,Passenger 155,female,79,4,3,TKT10155,94.28,,Q
156,0,2,Passenger 156,female,77,1,3,TKT10156,63.58,,
157,0,3,Passenger 157,male,,4,0,TKT10157,76.18,,C
158,1,3,Passenger 158,male,,3,3,TKT10158,32.14,C123,
159,0,1,Passenger 159,male,54,2,1,TKT10159,159.19,,
160,0,2,Passenger 160,female,14,3,3,TKT10160,24.23,,C
161,0,2,Passenger 161,female,54,2,3,TKT10161,27.63,,Q
162,0,1,Passenger 162,female,41,0,1,TKT10162,63.55,C133,C
163,0,3,Passenger 163,female,60,3,0,TKT10163,160.56,C116,
164,1,2,Passenger 164,male,9,3,0,TKT10164,160.9,C136,Q
165,1,3,Passenger 165,male,,1,2,TKT10165,169.88,,C
166,1,3,Passenger 166,male,77,4,1,TKT10166,117.09,,Q
167,1,2,Passenger 167,female,,3,3,TKT10167,31.62,,S
168,1,3,Passenger 168,male,,4,0,TKT10168,37.8,,Q
169,0,2,Passenger 169,male,57,3,2,TKT10169,198.01,C113,S
170,1,1,Passenger 170,male,,1,1,TKT10170,172.9,,Q
171,0,1,Passenger 171,female,,0,2,TKT10171,116.68,,C
172,1,2,Passenger 172,female,-1,0,0,TKT10172,32.72,C95,
173,1,1,Passenger 173,female,,1,3,TKT10173,170.77,C87,C
174,1,1,Passenger 174,male,7,1,3,TKT10174,24.42,C110,C
175,0,3,Passenger 175,female,39,2,0,TKT10175,175.51,C43,S
176,0,1,Passenger 176, Male ,,0,1,TKT10176,132.82,,
177,0,3,Passenger 177,male,55,0,2,TKT10177,98.15,,
178,1,2,Passenger 178,male,19,1,3,TKT10178,495.01,,C
179,0,1,Passenger 179,female,,0,1,TKT10179,73.55,,Q
180,1,2,Passenger 180,male,39,1,3,TKT10180,105.96,,S
181,1,2,Passenger 181,male,41,3,0,TKT10181,,,Q
182,1,2,Passenger 182,female,,0,1,TKT10182,127.57,,C
183,0,1,Passenger 183,male,76,0,3,TKT10183,65.48,,S
184,0,2,Passenger 184,female,16,4,2,TKT10184,143.04,,Q
185,0,2,Passenger 185,female,,4,2,TKT10185,58.04,C43,Q
186,0,1,Passenger 186,male,15,3,2,TKT10186,557.61,,S
187,1,2,Passenger 187,male,54,4,2,TKT10187,67.75,,S
188,1,2,Passenger 188,male,52,4,3,TKT10188,,,Q
189,0,1,Passenger 189,male,64,3,0,TKT10189,147.83,, s 
190,1,2,Passenger 190,male,40,1,2,TKT10190,45.01,C134,
191,1,1,Passenger 191,male,11,3,1,TKT10191,103.56,,Q
192,0,1,Passenger 192,male,,1,0,TKT10192,93.29,,
193,0,1,Passenger 193,female,,4,0,TKT10193,95.35,C38,S
194,0,2,Passenger 194,female,,4,1,TKT10194,55.73,,C
195,0,3,Passenger 195,female,29,0,0,TKT10195,43.64,,
196,0,3,Passenger 196,female,43,3,3,TKT10196,13.33,,C
197,0,3,Passenger 197,female,58,3,3,TKT10197,11.76,,S
198,0,2,Passenger 198,female,68,3,3,TKT10198,128,,Q
199,0,2,Passenger 199,female,29,4,1,TKT10199,179.67,,C
200,1,2,Passenger 200,male,8,1,1,TKT10200,117.26,C92,S
201,1,3,Passenger 201, Male ,19,1,3,TKT10201,168.16,,C
202,0,2,Passenger 202,male,79,0,1,TKT10202,162.26,C29,Q
203,0,3,Passenger 203,female,51,3,2,TKT10203,70.63,C92,C
204,1,3,Passenger 204,male,38,1,2,TKT10204,510.6,C57,S
205,0,3,Passenger 205,female,,3,0,TKT10205,196.56,,S
206,0,2,Passenger 206,female,,3,2,TKT10206,90.45,,
207,0,2,Passenger 207,male,29,2,2,TKT10207,93,,C
208,1,3,Passenger 208,male,,3,1,TKT10208,120.84,,S
209,0,1,Passenger 209,female,,4,3,TKT10209,133.82,,
210,1,1,Passenger 210,female,62,0,2,TKT10210,23.91,,Q
211,1,2,Passenger 211,female,,1,2,TKT10211,41.38,,S
212,1,3,Passenger 212,female,76,4,1,TKT10212,112.95,,S
213,0,1,Passenger 213,male,80,1,1,TKT10213,28.45,,
214,0,1,Passenger 214,female,,4,3,TKT10214,67.35,C134, s 
215,0,1,Passenger 215,male,,2,2,TKT10215,26.94,,
216,1,1,Passenger 216,female,52,2,1,TKT10216,125.56,,Q
217,0,1,Passenger 217,male,,2,3,TKT10217,59.67,,
218,0,3,Passenger 218,male,,0,2,TKT10218,153.1,,S
219,1,3,Passenger 219,male,8,2,2,TKT10219,11.45,,S
220,1,2,Passenger 220,male,58,2,0,TKT10220,192.3,,C
221,1,3,Passenger 221,male,29,0,3,TKT10221,137.15,,S
222,1,2,Passenger 222, Male ,,3,2,TKT10222,179.62,C102,S
223,0,2,Passenger 223,female,,2,2,TKT10223,63.2,C77,C
224,0,3,Passenger 224,female,,2,2,TKT10224,133.8,,S
225,1,3,Passenger 225,female,44,4,2,TKT10225,138.83,C143,C
226,0,1,Passenger 226,female,72,1,2,TKT10226,189.65,C96,Q
227,0,3,Passenger 227,female,7,4,2,TKT10227,97.08,C39,C
228,0,2,Passenger 228,female,59,1,2,TKT10228,66.69,,Q
229,0,3,Passenger 229,female,,3,3,TKT10229,158.12,,S
230,0,3,Passenger 230,male,,1,1,TKT10230,152.59,,C
231,1,2,Passenger 231, Male ,9,2,3,TKT10231,63.15,,
232,1,3,Passenger 232,male,28,3,2,TKT10232,119.99,,S
233,1,2,Passenger 233,male,,1,0,TKT10233,91.64,,Q
234,1,1,Passenger 234,male,14,2,1,TKT10234,60.13,,C
235,0,3,Passenger 235,female,,1,0,TKT10235,326.7,,S
236,0,1,Passenger 236, Male ,,2,2,TKT10236,95.53,,S
237,1,3,Passenger 237,male,,2,2,TKT10237,179.43,,
238,0,1,Passenger 238,male,54,3,3,TKT10238,27.05,,C
239,1,2,Passenger 239,male,,0,2,TKT10239,184.48,,C
240,1,2,Passenger 240,female,67,1,0,TKT10240,,C130,
241,0,3,Passenger 241,male,,4,3,TKT10241,51.97,,
242,0,1,Passenger 242,female,,3,0,TKT10242,66.63,,S
243,1,2,Passenger 243,male,66,1,3,TKT10243,132.65,C122,Q
244,1,3,Passenger 244,female,29,0,0,TKT10244,71.56,,
245,1,1,Passenger 245,female,51,0,0,TKT10245,94.12,, s 
246,0,3,Passenger 246,male,,1,0,TKT10246,168.57,,Q
247,1,2,Passenger 247,male,,1,3,TKT10247,82.58,C132,Q
248,1,3,Passenger 248,female,71,1,1,TKT10248,44.17,,Q
249,1,2,Passenger 249,male,,4,0,TKT10249,136.48,,S
250,1,1,Passenger 250,male,,2,3,TKT10250,33.55,C144,C
251,1,3,Passenger 251,male,37,0,2,TKT10251,185.66,C114,C
252,1,2,Passenger 252,male,76,0,1,TKT10252,156.35,C31,
253,0,1,Passenger 253,male,,2,0,TKT10253,6.1,,Q
254,0,2,Passenger 254,female,41,0,2,TKT10254,191.61,,Q
255,0,1,Passenger 255,female,,3,1,TKT10255,199.34,,C
256,0,3,Passenger 256,female,,4,3,TKT10256,55.04,,C
257,0,3,Passenger 257,female,69,0,1,TKT10257,127.25,C112,S
258,1,3,Passenger 258,male,43,4,1,TKT10258,22.07,,
259,0,3,Passenger 259,male,16,2,0,TKT10259,130.08,,S
260,1,3,Passenger 260,female,,1,2,TKT10260,35.48,C96,S
261,1,1,Passenger 261,female,,1,3,TKT10261,109.74,C37,C
262,0,3,Passenger 262,female,15,4,0,TKT10262,135.84,,S
263,1,3,Passenger 263,male,46,1,2,TKT10263,135.9,,Q
264,0,3,Passenger 264,female,,2,2,TKT10264,37.88,C123,
265,1,1,Passenger 265,male,14,2,0,TKT10265,130.88,C130,S
266,1,3,Passenger 266,male,28,2,3,TKT10266,112.56,C75,C
267,0,3,Passenger 267,male,65,3,1,TKT10267,134.22,C38,
268,0,3,Passenger 268,female,30,3,3,TKT10268,56.55,C11,Q
269,1,3,Passenger 269,female,,2,0,TKT10269,117.83,,C
270,1,1,Passenger 270,male,,0,2,TKT10270,564.61,,Q
271,1,2,Passenger 271,male,,4,1,TKT10271,145.45,,C
272,0,2,Passenger 272,male,66,4,3,TKT10272,178.71,,S
273,1,1,Passenger 273,male,11,3,1,TKT10273,92.59,C47,Q
274,0,1,Passenger 274,male,77,4,3,TKT10274,49.81,,C
275,0,3,Passenger 275,female,69,4,3,TKT10275,23.17,,
276,0,2,Passenger 276,male,,2,3,TKT10276,119.86,C22,Q
277,0,2,Passenger 277,male,1,2,3,TKT10277,117.71,,Q
278,0,2,Passenger 278,female,,1,2,TKT10278,198.4,,Q
279,0,1,Passenger 279,male,18,4,3,TKT10279,150.82,C14,C
280,0,2,Passenger 280,male,,2,0,TKT10280,185.54,C103,Q
281,1,1,Passenger 281,male,,4,1,TKT10281,90.6,, s 
282,0,3,Passenger 282,male,,0,0,TKT10282,73.86,C144,Q
283,1,1,Passenger 283,female,,4,0,TKT10283,186.29,,Q
284,1,1,Passenger 284,female,,3,3,TKT10284,140.37,C124,S
285,1,3,Passenger 285,male,29,2,1,TKT10285,161.03,,Q
286,0,2,Passenger 286,male,46,1,1,TKT10286,179.39,,C
287,1,3,Passenger 287,male,14,4,0,TKT10287,184.44,,Q
288,1,2,Passenger 288,male,,4,1,TKT10288,40.66,C123,S
289,1,2,Passenger 289,male,,0,1,TKT10289,195.42,,Q
290,1,1,Passenger 290,female,,3,1,TKT10290,96.91,C94,
291,0,3,Passenger 291,female,74,3,1,TKT10291,163.77,C39,
292,0,2,Passenger 292,male,,1,0,TKT10292,158.14,,S
293,1,3,Passenger 293,male,,4,1,TKT10293,72.11,,Q
294,0,1,Passenger 294,female,,3,3,TKT10294,124.66,,C
295,1,3,Passenger 295,female,,3,1,TKT10295,57.89,,C
296,0,2,Passenger 296,male,11,0,3,TKT10296,37.55,C27,Q
297,1,3,Passenger 297,male,,1,1,TKT10297,49.72,,Q
298,0,3,Passenger 298,female,,4,3,TKT10298,31.35,,Q
299,0,2,Passenger 299,male,,0,1,TKT10299,65.03,,S
300,0,1,Passenger 300,female,39,1,3,TKT10300,154.34,,C
301,0,3,Passenger 301,female,49,2,2,TKT10301,56.28,C47,C
302,0,1,Passenger 302,male,,2,2,TKT10302,314.89,,S
303,1,2,Passenger 303,male,,2,0,TKT10303,65.76,C15,Q
304,0,3,Passenger 304,male,,3,3,TKT10304,164.36,C51,
305,1,1,Passenger 305,male,,4,0,TKT10305,80.88,,C
306,0,2,Passenger 306,male,15,3,1,TKT10306,,,
307,1,3,Passenger 307,male,32,0,2,TKT10307,102.48,C28,C
308,1,2,Passenger 308,male,,2,0,TKT10308,147.97,,Q
309,0,1,Passenger 309, Male ,,3,2,TKT10309,68.12,,
310,0,2,Passenger 310,male,24,4,3,TKT10310,125.85,,C
311,0,1,Passenger 311,male,15,1,0,TKT10311,107.02,,
312,0,1,Passenger 312,male,33,3,0,TKT10312,76.44,,Q
313,0,3,Passenger 313,male,48,2,0,TKT10313,165.61,C25,S
314,1,3,Passenger 314,male,68,4,2,TKT10314,116.16,C110,S
315,1,2,Passenger 315,female,44,2,3,TKT10315,109.11,,Q
316,1,1,Passenger 316,male,,2,0,TKT10316,75.2,C78,S
317,0,1,Passenger 317,male,,3,2,TKT10317,184.23,,C
318,1,1,Passenger 318,female,52,4,0,TKT10318,148.18,,
319,0,3,Passenger 319,male,,3,0,TKT10319,86.22,,C
320,0,1,Passenger 320,female,,2,3,TKT10320,151.8,,
321,0,1,Passenger 321,female,,4,1,TKT10321,102.86,,C
322,0,1,Passenger 322,female,32,3,2,TKT10322,56.92,,S
323,0,1,Passenger 323,female,57,1,0,TKT10323,90.89,,C
324,0,3,Passenger 324,male,,1,2,TKT10324,92.76,,C
325,0,3,Passenger 325,female,68,0,3,TKT10325,54.81,,
326,1,1,Passenger 326,female,47,4,0,TKT10326,8.72,,S
327,1,2,Passenger 327,female,3,1,0,TKT10327,53.24,,Q
328,0,3,Passenger 328,female,,1,1,TKT10328,176.34,,C
329,1,2,Passenger 329,female,79,3,1,TKT10329,86.38,,C
330,0,3,Passenger 330,male,68,2,0,TKT10330,88.86,C31,C
331,1,1,Passenger 331,male,,0,1,TKT10331,192.43,C69,C
332,1,3,Passenger 332,female,,1,3,TKT10332,31.15,,C
333,0,1,Passenger 333,male,,1,3,TKT10333,48.4,,Q
334,0,3,Passenger 334,male,,3,3,TKT10334,145.44,,C
335,0,1,Passenger 335,female,,3,3,TKT10335,105.64,C74,
336,0,3,Passenger 336,male,67,1,1,TKT10336,95.4,,S
337,0,3,Passenger 337,male,,0,0,TKT10337,22.59,,S
338,0,2,Passenger 338,male,66,1,1,TKT10338,78.84,C108,Q
339,0,3,Passenger 339,female,24,0,3,TKT10339,180.22,,S
340,0,1,Passenger 340,female,,4,1,TKT10340,84.98,,Q
341,0,2,Passenger 341,male,,1,2,TKT10341,69.57,,C
342,1,1,Passenger 342,female,5,4,0,TKT10342,154.86,,Q
343,0,2,Passenger 343,female,27,3,2,TKT10343,26.31,,Q
344,0,3,Passenger 344,female,,1,0,TKT10344,162.56,,S
345,0,1,Passenger 345,male,,2,2,TKT10345,13.87,,Q
346,1,3,Passenger 346,female,51,3,0,TKT10346,167.25,,
347,1,3,Passenger 347,male,53,1,2,TKT10347,167.85,C91,S
348,0,2,Passenger 348,female,49,0,2,TKT10348,116.34,,C
349,0,1,Passenger 349,male,,3,0,TKT10349,39.13,C40,C
350,0,1,Passenger 350,male,,3,3,TKT10350,32.94,,S
351,1,1,Passenger 351,female,,1,2,TKT10351,96.04,,Q
352,0,1,Passenger 352,female,,4,2,TKT10352,27.32,C73,C
353,0,1,Passenger 353,female,,0,0,TKT10353,14.89,,
354,1,3,Passenger 354,male,69,0,3,TKT10354,194.87,,
355,1,2,Passenger 355,female,,3,0,TKT10355,183.01,,
356,0,2,Passenger 356,male,78,2,3,TKT10356,104.05,,C
357,1,3,Passenger 357,female,44,4,1,TKT10357,163.71,,
358,0,3,Passenger 358,male,,4,3,TKT10358,39.35,,S
359,1,2,Passenger 359,female,1,1,1,TKT10359,133.87,,Q
360,1,1,Passenger 360,female,45,0,2,TKT10360,118.63,C1,Q
361,1,2,Passenger 361,female,,4,1,TKT10361,126.92,,C
362,0,1,Passenger 362,male,54,0,0,TKT10362,61.25,C112,C
363,1,3,Passenger 363,female,,3,2,TKT10363,126.53,,S
364,1,1,Passenger 364,male,,4,3,TKT10364,85.11,,
365,0,1,Passenger 365,female,,0,2,TKT10365,95.66,C137,S
366,1,2,Passenger 366,male,,0,2,TKT10366,73.82,,S
367,0,2,Passenger 367,female,38,1,2,TKT10367,60.93,,S
368,0,2,Passenger 368,male,,4,0,TKT10368,162.53,,C
369,0,1,Passenger 369,female,,0,2,TKT10369,51.4,,C
370,1,2,Passenger 370,male,69,4,3,TKT10370,,C115,
371,1,3,Passenger 371,female,6,2,2,TKT10371,183.95,,
372,0,2,Passenger 372,male,76,0,0,TKT10372,,,S
373,0,3,Passenger 373,male,33,4,0,TKT10373,11.64,,C
374,1,3,Passenger 374,male,24,3,2,TKT10374,140.65,,Q
375,1,2,Passenger 375,male,,3,0,TKT10375,80.78,C101,C
376,1,3,Passenger 376,female,56,0,0,TKT10376,124.72,, s 
377,1,2,Passenger 377,male,1,4,3,TKT10377,134.6,, s 
378,1,2,Passenger 378,female,62,3,0,TKT10378,115.61,C24,Q
379,0,2,Passenger 379,male,,2,3,TKT10379,131.32,,Q
380,0,2,Passenger 380,female,25,0,2,TKT10380,11.96,C116,S
381,1,3,Passenger 381,male,,4,1,TKT10381,28.05,, s 
382,0,1,Passenger 382,male,80,2,0,TKT10382,52.32,,S
383,1,3,Passenger 383,female,79,2,0,TKT10383,17.31,,C
384,0,2,Passenger 384,male,6,2,1,TKT10384,70.42,C11,C
385,0,1,Passenger 385,male,21,4,2,TKT10385,176.53,C122,C
386,0,3,Passenger 386, Male ,53,3,0,TKT10386,187.93,C90,
387,0,2,Passenger 387,male,68,2,0,TKT10387,125.69,C122,
388,1,1,Passenger 388,male,,0,1,TKT10388,45.87,,S
389,1,1,Passenger 389,male,,2,1,TKT10389,86.72,C52,
390,1,1,Passenger 390,female,,2,1,TKT10390,33.26,,Q
391,1,2,Passenger 391,female,73,1,2,TKT10391,59.72,,C
392,1,1,Passenger 392,female,22,3,2,TKT10392,,,C
393,1,1,Passenger 393,male,76,3,0,TKT10393,183.18,,S
394,1,1,Passenger 394,male,,0,3,TKT10394,190.24,,
395,1,1,Passenger 395,female,,3,0,TKT10395,155.51,,Q
396,1,3,Passenger 396,male,79,4,2,TKT10396,158.6,,Q
397,0,2,Passenger 397,male,72,4,0,TKT10397,114.35,C149,C
398,1,2,Passenger 398,female,,4,0,TKT10398,59.04,,Q
399,0,2,Passenger 399,male,9,2,0,TKT10399,178.92,,C
400,0,2,Passenger 400,female,,3,3,TKT10400,86.22,,C
401,1,2,Passenger 401,female,,3,2,TKT10401,85.28,C79,C
402,0,3,Passenger 402,male,37,4,2,TKT10402,33.93,,C
403,0,3,Passenger 403,male,74,2,2,TKT10403,90.97,,C
404,0,1,Passenger 404,female,64,2,3,TKT10404,189.82,C147,C
405,0,3,Passenger 405,male,44,2,0,TKT10405,147.67,C115,Q
406,0,1,Passenger 406,male,75,4,3,TKT10406,157.35,C132,
407,1,2,Passenger 407,female,,2,0,TKT10407,82.52,,
408,1,3,Passenger 408,female,,1,0,TKT10408,161.72,,Q
409,1,1,Passenger 409,female,12,4,1,TKT10409,84.84,C75,
410,0,1,Passenger 410,male,,2,2,TKT10410,114.06,C121,S
411,1,1,Passenger 411,female,63,4,3,TKT10411,10.55,C122,S
412,1,3,Passenger 412,male,34,2,1,TKT10412,118.42,,Q
413,0,3,Passenger 413,male,10,4,2,TKT10413,154.46,C78,Q
414,1,2,Passenger 414,female,,2,1,TKT10414,455.45,,C
415,0,1,Passenger 415,male,68,3,2,TKT10415,86.38,,
416,0,1,Passenger 416,male,44,1,1,TKT10416,143.43,,S
417,0,1,Passenger 417,male,,3,0,TKT10417,152.68,,Q
418,1,1,Passenger 418,male,78,1,2,TKT10418,119.58,,C
419,0,3,Passenger 419,male,65,1,2,TKT10419,24.33,C2,S
420,0,1,Passenger 420,female,,3,3,TKT10420,141.14,,S
421,1,3,Passenger 421,male,67,0,2,TKT10421,101.68,,
422,1,1,Passenger 422,male,57,3,2,TKT10422,113.01,C126,S
423,0,3,Passenger 423,male,16,0,2,TKT10423,81.99,,
424,1,2,Passenger 424,female,,4,3,TKT10424,152.48,,C
425,0,3,Passenger 425,male,64,0,3,TKT10425,127.53,C98,Q
426,1,2,Passenger 426,female,,4,2,TKT10426,159.58,,S
427,1,2,Passenger 427,male,,0,1,TKT10427,92.77,C78,C
428,1,2,Passenger 428,male,63,4,0,TKT10428,115.93,,
429,1,2,Passenger 429,male,42,2,3,TKT10429,10.49,,Q
430,0,2,Passenger 430,male,,2,1,TKT10430,,,
431,0,2,Passenger 431,female,,4,3,TKT10431,8.98,,
432,1,1,Passenger 432,female,,0,1,TKT10432,37.49,,
433,1,2,Passenger 433,male,75,2,0,TKT10433,120.41,,Q
434,0,1,Passenger 434,male,,4,3,TKT10434,126.87,C120,Q
435,0,1,Passenger 435,male,56,2,3,TKT10435,106.84,C17,C
436,0,1,Passenger 436,male,,1,0,TKT10436,138.94,C119,
437,1,2,Passenger 437,male,5,0,3,TKT10437,36.07,,S
438,1,3,Passenger 438,male,,1,0,TKT10438,135.98,,S
439,0,2,Passenger 439,female,,4,3,TKT10439,101.81,C109,C
440,1,3,Passenger 440,female,,0,2,TKT10440,54.59,,C
441,0,3,Passenger 441,male,,0,1,TKT10441,144.56,,Q
442,1,2,Passenger 442,female,,0,1,TKT10442,80.75,C42,
443,1,2,Passenger 443,female,53,2,3,TKT10443,58.44,C42,Q
444,0,3,Passenger 444,male,,3,1,TKT10444,,,Q
445,1,2,Passenger 445,female,67,1,2,TKT10445,170.16,,Q
446,0,1,Passenger 446,male,,4,1,TKT10446,175.9,C51,Q
447,0,3,Passenger 447,male,,0,3,TKT10447,34.1,C127,S
448,1,1,Passenger 448,male,,2,1,TKT10448,150.56,,C
449,1,1,Passenger 449,male,58,3,1,TKT10449,77.08,C102,C
450,1,1,Passenger 450,female,33,2,0,TKT10450,,,
451,1,2,Passenger 451,female,72,1,0,TKT10451,118.19,,C
452,1,2,Passenger 452,female,,4,2,TKT10452,150.83,,
453,0,1,Passenger 453,female,57,2,1,TKT10453,41.84,,
454,0,1,Passenger 454,female,,0,1,TKT10454,101.13,,C
455,0,2,Passenger 455,male,75,1,3,TKT10455,118.79,C7,Q
456,0,2,Passenger 456,female,76,3,2,TKT10456,168.21,,S
457,1,2,Passenger 457,male,73,0,3,TKT10457,46.22,,C
458,0,1,Passenger 458,female,27,3,3,TKT10458,80.76,C34,Q
459,1,1,Passenger 459,female,,2,1,TKT10459,177.66,,S
460,0,2,Passenger 460,female,,3,0,TKT10460,107.82,,C
461,0,1,Passenger 461,male,,4,3,TKT10461,62.62,,Q
462,0,2,Passenger 462,male,3,0,3,TKT10462,149.4,,
463,1,3,Passenger 463,male,44,3,0,TKT10463,,,C
464,1,3,Passenger 464,female,,2,0,TKT10464,64.05,,S
465,0,2,Passenger 465,male,4,0,2,TKT10465,98.82,,
466,0,1,Passenger 466,female,,4,3,TKT10466,96.94,,
467,1,1,Passenger 467,male,,4,0,TKT10467,12.22,,S
468,1,3,Passenger 468,female,,0,1,TKT10468,126.43,,Q
469,1,2,Passenger 469,female,,3,1,TKT10469,30.58,,S
470,1,2,Passenger 470,male,,1,0,TKT10470,24.68,,Q
471,0,3,Passenger 471,male,65,0,1,TKT10471,162.33,C91,S
472,1,2,Passenger 472,male,66,0,0,TKT10472,142.75,,S
473,1,3,Passenger 473,male,47,1,2,TKT10473,147.03,,C
474,0,2,Passenger 474,female,,3,2,TKT10474,71.56,,
475,1,1,Passenger 475,female,,1,0,TKT10475,190.61,,S
476,0,3,Passenger 476,male,,4,2,TKT10476,16.99,C142,Q
477,0,3,Passenger 477,female,36,2,3,TKT10477,141.56,C22,S
478,1,3,Passenger 478,female,,1,0,TKT10478,46.68,C67,C
479,1,3,Passenger 479,female,65,0,0,TKT10479,147.74,C115, s 
480,0,3,Passenger 480,female,31,4,1,TKT10480,73.32,,C
481,0,2,Passenger 481,male,,3,0,TKT10481,20.98,,
482,0,1,Passenger 482,male,,3,3,TKT10482,147.68,C136,S
483,1,1,Passenger 483,male,,2,2,TKT10483,184.73,,Q
484,0,2,Passenger 484,female,4,1,1,TKT10484,32.72,,S
485,1,2,Passenger 485,male,,1,3,TKT10485,115.32,,C
486,1,3,Passenger 486,male,,3,2,TKT10486,80.51,C7,Q
487,1,3,Passenger 487,male,25,0,1,TKT10487,191.67,,C
488,1,3,Passenger 488,male,57,3,0,TKT10488,162.35,,S
489,0,2,Passenger 489,male,15,1,2,TKT10489,110.65,,S
490,1,2,Passenger 490,female,,3,0,TKT10490,81.04,,C
491,1,1,Passenger 491,female,,0,3,TKT10491,16.82,C5,Q
492,0,3,Passenger 492,male,72,1,2,TKT10492,64.4,,C
493,1,3,Passenger 493,male,58,0,0,TKT10493,5.2,,Q
494,0,2,Passenger 494,male,,3,0,TKT10494,13.87,C72,
495,1,1,Passenger 495,female,,2,1,TKT10495,196.03,,S
496,1,2,Passenger 496,male,,0,0,TKT10496,352.06,C114,S
497,0,1,Passenger 497,female,,2,1,TKT10497,39.55,,S
498,0,1,Passenger 498,female,25,2,0,TKT10498,164.17,C54,S
499,0,1,Passenger 499,male,,0,1,TKT10499,38.24,,C
500,0,2,Passenger 500,male,,2,3,TKT10500,137.73,,S
501,1,2,Passenger 501,male,6,3,1,TKT10501,14.16,C7,C
502,0,1,Passenger 502,female,32,3,0,TKT10502,37.07,,Q
503,0,1,Passenger 503,female,44,0,3,TKT10503,165.22,,S
504,0,2,Passenger 504,female,9,0,0,TKT10504,17.09,,Q
505,0,2,Passenger 505,female,53,3,3,TKT10505,173.59,,Q
506,0,3,Passenger 506,male,,4,1,TKT10506,119.62,,Q
507,0,2,Passenger 507,female,24,4,2,TKT10507,31.85,C38,C
508,0,2,Passenger 508,female,2,1,1,TKT10508,16.18,,S
509,1,3,Passenger 509,female,,3,2,TKT10509,171.14,,S
510,1,3,Passenger 510,female,,1,3,TKT10510,126.66,C93,S
511,1,1,Passenger 511,male,,1,1,TKT10511,42.91,,Q
512,0,1,Passenger 512,male,23,3,0,TKT10512,9.19,,
513,0,1,Passenger 513,male,,1,3,TKT10513,176.29,,
514,0,2,Passenger 514,male,79,0,2,TKT10514,171.61,C150,
515,1,2,Passenger 515,female,79,1,2,TKT10515,37.65,,
516,1,1,Passenger 516,female,52,1,2,TKT10516,45.4,,C
517,0,3,Passenger 517,male,18,3,2,TKT10517,62.53,,
518,0,2,Passenger 518,male,4,2,0,TKT10518,91.13,C26,S
519,1,1,Passenger 519,male,,4,2,TKT10519,,,Q
520,0,2,Passenger 520,male,75,1,1,TKT10520,97.04,,
521,1,1,Passenger 521,female,41,3,0,TKT10521,88.61,,C
522,1,3,Passenger 522,female,,2,0,TKT10522,48.97,,C
523,1,1,Passenger 523,female,,1,3,TKT10523,196.13,,
524,1,1,Passenger 524,male,71,1,0,TKT10524,11.25,,C
525,1,2,Passenger 525,male,,0,1,TKT10525,106.11,,S
526,1,1,Passenger 526,female,,4,1,TKT10526,89.28,,Q
527,1,2,Passenger 527,female,52,4,0,TKT10527,107.54,,
528,1,2,Passenger 528,female,51,1,0,TKT10528,85.94,C62,C
529,0,2,Passenger 529,male,9,0,2,TKT10529,182.2,,C
530,0,2,Passenger 530,male,,0,2,TKT10530,72.01,C84,
531,0,1,Passenger 531,male,,4,0,TKT10531,32.35,,
532,0,3,Passenger 532,male,35,3,0,TKT10532,90.93,C27,
533,1,1,Passenger 533,male,,0,0,TKT10533,154.59,C87,C
534,0,2,Passenger 534,female,13,4,1,TKT10534,146.18,C102,
535,1,1,Passenger 535,female,23,1,0,TKT10535,83.42,,Q
536,0,2,Passenger 536,male,,4,2,TKT10536,196.7,,C
537,1,2,Passenger 537,male,,4,0,TKT10537,573.63,,S
538,1,1,Passenger 538,male,80,3,1,TKT10538,16.68,,
539,0,1,Passenger 539,female,,2,1,TKT10539,131.37,,C
540,0,2,Passenger 540,male,,1,0,TKT10540,40.79,,C
541,1,2,Passenger 541,male,27,1,1,TKT10541,103.95,,Q
542,1,2,Passenger 542,male,,3,3,TKT10542,20.6,,
543,1,3,Passenger 543,male,,4,1,TKT10543,88.34,,
544,0,1,Passenger 544,male,43,4,2,TKT10544,144.4,C102,Q
545,0,2,Passenger 545,male,,1,3,TKT10545,177.57,C90,
546,0,2,Passenger 546,male,,1,2,TKT10546,148.45,C38,Q
547,1,2,Passenger 547,male,21,4,1,TKT10547,27.76,,
548,0,1,Passenger 548, Male ,,1,2,TKT10548,148.12,C102,Q
549,1,3,Passenger 549,female,13,3,1,TKT10549,155.88,,C
550,0,1,Passenger 550,female,58,3,3,TKT10550,41.2,,C
551,1,3,Passenger 551,male,-5,0,0,TKT10551,10.78,C150,S
552,1,3,Passenger 552,female,,2,2,TKT10552,186.77,,Q
553,0,1,Passenger 553,female,49,3,1,TKT10553,195.18,,Q
554,0,3,Passenger 554,female,,0,2,TKT10554,105.41,C84,
555,1,3,Passenger 555,male,,3,2,TKT10555,88.44,C134,S
556,0,2,Passenger 556,male,,1,1,TKT10556,37.77,C23,S
557,1,3,Passenger 557,female,,0,1,TKT10557,154.43,,
558,1,3,Passenger 558,female,74,1,1,TKT10558,130.58,,S
559,1,3,Passenger 559,male,,2,0,TKT10559,29.85,,
560,1,1,Passenger 560,female,17,1,3,TKT10560,555.71,,Q
561,0,2,Passenger 561,female,,1,3,TKT10561,65.23,C16,Q
562,1,3,Passenger 562,female,29,2,1,TKT10562,185.02,,Q
563,1,3,Passenger 563,male,,4,3,TKT10563,19.01,,S
564,0,1,Passenger 564,male,21,1,0,TKT10564,91.17,C27,C
565,0,1,Passenger 565,male,22,4,2,TKT10565,23.73,C104,C
566,0,2,Passenger 566,female,77,2,3,TKT10566,132.3,,S
567,1,2,Passenger 567,male,29,4,1,TKT10567,119.44,C112,Q
568,1,3,Passenger 568,female,69,0,0,TKT10568,84.04,,S
569,0,3,Passenger 569,male,,1,0,TKT10569,161.1,C9,S
570,0,1,Passenger 570,female,70,0,2,TKT10570,87.5,,
571,0,1,Passenger 571,male,46,1,1,TKT10571,139.15,C35,C
572,0,2,Passenger 572,female,55,0,2,TKT10572,112.22,C37,C
573,0,2,Passenger 573,male,,2,3,TKT10573,114.91,C64,S
574,1,2,Passenger 574,male,53,1,2,TKT10574,,,C
575,0,3,Passenger 575,female,,4,2,TKT10575,119.82,,S
576,0,3,Passenger 576,male,,1,1,TKT10576,97.99,C14,Q
577,1,3,Passenger 577,female,59,2,3,TKT10577,90.6,C59,Q
578,0,1,Passenger 578,male,41,4,0,TKT10578,128.76,, s 
579,0,2,Passenger 579,male,66,4,1,TKT10579,98.53,C109,Q
580,0,1,Passenger 580,male,68,2,1,TKT10580,123.44,C109,
581,1,1,Passenger 581,male,32,4,3,TKT10581,61.56,,S
582,1,2,Passenger 582, Male ,,0,2,TKT10582,6.15,,Q
583,0,1,Passenger 583,female,68,1,3,TKT10583,85.09,,
584,1,1,Passenger 584,female,,1,0,TKT10584,36.56,,
585,0,2,Passenger 585,female,,4,3,TKT10585,192.14,C84,
586,0,1,Passenger 586,male,-4,2,0,TKT10586,26.4,,Q
587,0,3,Passenger 587,male,,4,1,TKT10587,99.76,C68,C
588,0,1,Passenger 588, Male ,14,1,3,TKT10588,41.79,C38,
589,0,1,Passenger 589,female,,3,3,TKT10589,107.37,,S
590,0,1,Passenger 590,male,,0,2,TKT10590,53.16,,S
591,0,2,Passenger 591,female,,2,2,TKT10591,26.75,,
592,0,1,Passenger 592,female,78,0,0,TKT10592,13,,Q
593,1,3,Passenger 593,female,20,2,3,TKT10593,29.93,,
594,0,2,Passenger 594,male,65,4,0,TKT10594,37.55,,
595,1,2,Passenger 595,female,10,1,1,TKT10595,,,S
596,1,3,Passenger 596,male,,1,1,TKT10596,64.16,,S
597,0,1,Passenger 597,male,,0,2,TKT10597,175.31,C84,S
598,0,3,Passenger 598,male,,2,1,TKT10598,180.18,,Q
599,1,3,Passenger 599,male,75,3,1,TKT10599,145.91,,
600,0,2,Passenger 600,male,48,1,1,TKT10600,180.92,C47,Q
601,0,2,Passenger 601,female,51,0,1,TKT10601,18.54,C26,
602,0,3,Passenger 602,male,6,0,0,TKT10602,53.43,C22,C
603,0,3,Passenger 603,female,,4,0,TKT10603,69.69,,Q
604,0,2,Passenger 604,female,1,1,3,TKT10604,9.68,C29,
605,1,1,Passenger 605,male,,4,1,TKT10605,19.88,,C
606,1,3,Passenger 606,female,,2,0,TKT10606,72.94,C39,C
607,1,1,Passenger 607,male,62,2,1,TKT10607,27.07,,Q
608,0,2,Passenger 608,female,,4,3,TKT10608,31.95,,C
609,0,1,Passenger 609,male,74,2,3,TKT10609,142.1,C16,Q
610,1,1,Passenger 610,male,,1,0,TKT10610,94.78,,C
611,0,2,Passenger 611, Male ,48,0,1,TKT10611,141.77,,S
612,1,2,Passenger 612,female,,2,3,TKT10612,149.99,,Q
613,1,3,Passenger 613,female,78,4,2,TKT10613,549.8,,C
614,1,1,Passenger 614,male,17,3,3,TKT10614,83.08,,
615,1,1,Passenger 615,male,,2,1,TKT10615,26.14,,S
616,0,3,Passenger 616,female,5,0,0,TKT10616,57.49,C3,Q
617,0,2,Passenger 617,female,,4,0,TKT10617,146.51,C7,
618,0,3,Passenger 618,male,21,1,1,TKT10618,138.06,,Q
619,1,1,Passenger 619,male,,4,0,TKT10619,12.8,, s 
620,0,2,Passenger 620,male,40,0,2,TKT10620,102.29,,S
621,0,1,Passenger 621,female,,0,2,TKT10621,153.81,,C
622,1,2,Passenger 622,male,,4,0,TKT10622,21.28,,S
623,1,3,Passenger 623,male,,2,3,TKT10623,171.5,,
624,1,2,Passenger 624,female,,1,3,TKT10624,43.9,,C
625,0,2,Passenger 625,female,73,3,1,TKT10625,197.62,C109,Q
626,1,2,Passenger 626,male,,2,1,TKT10626,20.93,,
627,0,3,Passenger 627,female,,2,3,TKT10627,98.92,,C
628,0,2,Passenger 628,female,,0,3,TKT10628,7.77,C116,C
629,0,3,Passenger 629,female,5,1,2,TKT10629,150.41,,S
630,1,2,Passenger 630,female,40,2,2,TKT10630,141.37,,Q
631,1,3,Passenger 631,female,23,4,0,TKT10631,110.84,C27,S
632,0,3,Passenger 632,female,64,3,1,TKT10632,128.54,,
633,1,1,Passenger 633,female,,1,2,TKT10633,85.52,,Q
634,0,1,Passenger 634,male,31,2,2,TKT10634,180.54,C111,C
635,0,3,Passenger 635,female,51,1,3,TKT10635,161.26,,
636,1,3,Passenger 636,male,,2,1,TKT10636,169.39,,S
637,0,2,Passenger 637,female,70,1,1,TKT10637,116.5,,C
638,0,3,Passenger 638,male,,4,0,TKT10638,133.56,C32,S
639,0,2,Passenger 639,male,,3,0,TKT10639,169.7,,S
640,0,1,Passenger 640,female,58,2,3,TKT10640,353.6,,S
641,0,1,Passenger 641,female,25,0,1,TKT10641,109.51,,S
642,1,2,Passenger 642,female,62,3,3,TKT10642,190.88,,C
643,1,1,Passenger 643,male,51,3,3,TKT10643,118.81,,Q
644,0,2,Passenger 644,male,55,0,2,TKT10644,115.59,,Q
645,1,2,Passenger 645,male,55,2,0,TKT10645,,,Q
646,0,1,Passenger 646,female,30,4,0,TKT10646,80.19,,
647,0,1,Passenger 647,female,,1,2,TKT10647,14.12,,S
648,1,1,Passenger 648,male,,2,0,TKT10648,60.45,,
649,0,2,Passenger 649,female,52,3,3,TKT10649,113.51,C32,Q
650,1,1,Passenger 650,male,2,0,1,TKT10650,25.5,C138,S
651,1,2,Passenger 651,female,6,2,1,TKT10651,14.36,,S
652,0,3,Passenger 652,female,,3,2,TKT10652,135.31,C58,S
653,0,3,Passenger 653,male,72,0,3,TKT10653,133.6,,C
654,1,2,Passenger 654,female,44,1,0,TKT10654,163.73,,Q
655,0,3,Passenger 655, Male ,,4,0,TKT10655,41.65,C29,C
656,0,2,Passenger 656,female,,1,1,TKT10656,73.63,,Q
657,0,3,Passenger 657,female,,4,3,TKT10657,42.82,,S
658,0,2,Passenger 658,male,7,4,3,TKT10658,117.17,,Q
659,1,3,Passenger 659,female,,1,1,TKT10659,148.11,,C
660,1,1,Passenger 660,male,,0,2,TKT10660,70.14,,
661,0,1,Passenger 661,male,,0,2,TKT10661,167.9,,
662,1,3,Passenger 662,female,,0,2,TKT10662,405.79,C6,C
663,1,2,Passenger 663,male,,0,1,TKT10663,102.08,,S
664,1,2,Passenger 664,female,58,2,2,TKT10664,56.74,,Q
665,1,3,Passenger 665,male,,3,1,TKT10665,61.24,,C
666,0,1,Passenger 666,female,,2,0,TKT10666,12.99,,S
667,0,3,Passenger 667,male,65,3,0,TKT10667,190.97,,Q
668,1,1,Passenger 668,female,52,2,1,TKT10668,179.14,,C
669,1,1,Passenger 669,male,,4,3,TKT10669,111.44,,Q
670,1,1,Passenger 670,male,,4,2,TKT10670,10.4,,Q
671,1,3,Passenger 671,male,38,3,3,TKT10671,152.29,,Q
672,0,1,Passenger 672,male,,1,1,TKT10672,115.26,C35,C
673,0,1,Passenger 673,male,40,0,1,TKT10673,162.1,,S
674,1,2,Passenger 674,female,,1,1,TKT10674,81.19,,
675,0,1,Passenger 675,male,3,3,3,TKT10675,32.63,,
676,0,2,Passenger 676,female,,0,3,TKT10676,,,
677,1,3,Passenger 677,male,,2,3,TKT10677,59,,C
678,1,1,Passenger 678,female,,3,3,TKT10678,158.07,,Q
679,0,1,Passenger 679,male,,0,3,TKT10679,18.18,,C
680,1,2,Passenger 680,male,31,0,2,TKT10680,180.46,C19,
681,0,3,Passenger 681,male,,1,2,TKT10681,25.99,,C
682,0,1,Passenger 682,male,25,1,0,TKT10682,118.51,,S
683,1,3,Passenger 683,female,,2,1,TKT10683,42.08,,
684,0,3,Passenger 684,female,,0,1,TKT10684,24.68,,Q
685,1,2,Passenger 685,male,,4,0,TKT10685,19.58,C68,S
686,1,3,Passenger 686,male,8,1,3,TKT10686,44.83,C10,Q
687,0,2,Passenger 687,male,79,0,0,TKT10687,178.07,,Q
688,0,3,Passenger 688,female,30,0,3,TKT10688,186.59,C33,
689,0,1,Passenger 689,male,,0,0,TKT10689,73.6,C138, s 
690,1,1,Passenger 690,female,8,2,1,TKT10690,16.05,,
691,1,1,Passenger 691,female,33,2,2,TKT10691,101.51,,C
692,1,2,Passenger 692,male,65,1,1,TKT10692,15.53,,Q
693,1,1,Passenger 693,male,19,3,0,TKT10693,195.69,,Q
694,1,2,Passenger 694,male,,1,1,TKT10694,101.59,,S
695,0,1,Passenger 695,female,,4,3,TKT10695,184.93,C15,S
696,1,1,Passenger 696,female,,3,1,TKT10696,87.65,,Q
697,1,3,Passenger 697,female,,4,0,TKT10697,12.53,,Q
698,1,2,Passenger 698,male,,3,0,TKT10698,6.73,,Q
699,0,1,Passenger 699,male,,1,0,TKT10699,174.47,,
700,1,3,Passenger 700,male,,4,1,TKT10700,553.48,,
701,0,3,Passenger 701,female,,2,1,TKT10701,166.68,,Q
702,0,2,Passenger 702,male,,4,0,TKT10702,126.27,,Q
703,0,3,Passenger 703,male,,3,0,TKT10703,188.29,C58,
704,1,2,Passenger 704,male,,4,2,TKT10704,133.54,,Q
705,1,1,Passenger 705,female,,4,0,TKT10705,147.9,,C
706,0,3,Passenger 706,female,17,2,2,TKT10706,156.41,,
707,1,3,Passenger 707,female,26,0,1,TKT10707,336.24,C7,C
708,0,3,Passenger 708,female,,0,2,TKT10708,74.1,C28,S
709,1,3,Passenger 709,male,,1,0,TKT10709,149.44,,Q
710,1,2,Passenger 710,female,,0,3,TKT10710,189.23,,C
711,1,1,Passenger 711,female,,2,1,TKT10711,106.23,,
712,0,1,Passenger 712, Male ,34,4,1,TKT10712,185.28,C139,C
713,1,3,Passenger 713,male,,3,2,TKT10713,188.65,C31,
714,1,1,Passenger 714,male,,0,2,TKT10714,147.67,,
715,1,1,Passenger 715,male,41,0,1,TKT10715,89.51,,C
716,0,3,Passenger 716,male,,0,3,TKT10716,60.11,,C
717,1,2,Passenger 717,male,,2,1,TKT10717,128.05,,
718,1,2,Passenger 718,female,,2,1,TKT10718,23.82,,
719,1,3,Passenger 719,female,51,1,0,TKT10719,155.87,,
720,1,2,Passenger 720,male,,2,3,TKT10720,81.32,,S
721,1,1,Passenger 721,male,22,0,3,TKT10721,157.01,C91,S
722,0,2,Passenger 722,male,26,2,2,TKT10722,168.44,,C
723,0,1,Passenger 723,female,68,2,0,TKT10723,102.79,C64,S
724,0,1,Passenger 724,male,52,4,3,TKT10724,164.57,C139,C
725,0,2,Passenger 725,female,,3,1,TKT10725,158.03,C148,
726,0,2,Passenger 726,male,,3,3,TKT10726,99.25,C28,
727,1,2,Passenger 727,male,,0,0,TKT10727,77.12,,
728,1,2,Passenger 728,female,61,1,0,TKT10728,16.49,,
729,0,2,Passenger 729,female,,3,0,TKT10729,111.39,,S
730,0,1,Passenger 730,female,16,3,1,TKT10730,43.49,,C
731,1,3,Passenger 731,female,38,4,2,TKT10731,89.92,,Q
732,1,3,Passenger 732,male,-2,1,3,TKT10732,,,C
733,0,3,Passenger 733,female,26,4,1,TKT10733,109.86,, s 
734,1,2,Passenger 734,male,,0,1,TKT10734,118.97,,C
735,1,3,Passenger 735,female,,1,1,TKT10735,,,C
736,0,1,Passenger 736,female,,3,3,TKT10736,175.55,,S
737,0,3,Passenger 737,male,,1,2,TKT10737,65.79,C144,
738,1,2,Passenger 738,female,,3,1,TKT10738,132.16,C49,
739,1,2,Passenger 739,male,,2,2,TKT10739,75.39,,Q
740,0,3,Passenger 740,female,,4,3,TKT10740,58.46,,S
741,1,1,Passenger 741,male,20,3,0,TKT10741,174.83,C72,C
742,1,3,Passenger 742,male,41,3,3,TKT10742,181.62,,S
743,0,3,Passenger 743,female,35,1,0,TKT10743,38.65,,S
744,0,3,Passenger 744,male,,1,2,TKT10744,22.19,C44,S
745,0,3,Passenger 745,male,,2,0,TKT10745,168.28,,Q
746,1,2,Passenger 746,female,,2,0,TKT10746,177.3,,Q
747,0,3,Passenger 747,male,22,3,2,TKT10747,190.18,,Q
748,0,2,Passenger 748,female,35,0,0,TKT10748,105.09,,
749,1,1,Passenger 749,male,49,3,3,TKT10749,67.86,,S
750,1,3,Passenger 750,female,70,3,3,TKT10750,151.65,,Q
751,0,2,Passenger 751,female,6,2,3,TKT10751,153.82,,C
752,0,1,Passenger 752,female,68,0,0,TKT10752,190.54,C89,
753,0,1,Passenger 753, Male ,26,0,1,TKT10753,63.75,,Q
754,1,2,Passenger 754,male,,0,3,TKT10754,141.26,C35,
755,0,1,Passenger 755,male,,1,2,TKT10755,109.15,,S
756,1,2,Passenger 756,male,30,2,3,TKT10756,102.49,,Q
757,0,2,Passenger 757,male,,2,0,TKT10757,40.01,,S
758,1,2,Passenger 758,male,59,2,3,TKT10758,99.8,,
759,1,3,Passenger 759,female,,0,1,TKT10759,,C67,C
760,1,2,Passenger 760,female,56,0,2,TKT10760,95.63,,Q
761,1,3,Passenger 761,male,,4,0,TKT10761,86.33,,
762,1,3,Passenger 762,male,,4,3,TKT10762,89.06,,S
763,1,3,Passenger 763,female,,3,3,TKT10763,104.96,C66,S
764,0,3,Passenger 764,male,,2,3,TKT10764,199.01,C71,C
765,0,2,Passenger 765,male,,2,2,TKT10765,58.17,C82, s 
766,1,3,Passenger 766,female,,4,2,TKT10766,146.99,,S
767,0,3,Passenger 767,female,,2,3,TKT10767,171.6,C21,
768,1,3,Passenger 768,female,,0,1,TKT10768,64.29,,Q
769,0,2,Passenger 769,male,,0,3,TKT10769,197.99,C147,Q
770,1,2,Passenger 770,female,,0,2,TKT10770,73.64,,C
771,1,1,Passenger 771,female,58,3,1,TKT10771,185.16,,
772,0,3,Passenger 772,female,80,0,2,TKT10772,32.02,,
773,0,2,Passenger 773,female,,1,1,TKT10773,112.65,C52,Q
774,1,1,Passenger 774,male,-1,3,0,TKT10774,94.54,C41,C
775,1,2,Passenger 775,male,,4,0,TKT10775,173.12,C16,Q
776,1,2,Passenger 776,male,,0,1,TKT10776,82.89,C149,S
777,0,2,Passenger 777,male,19,3,3,TKT10777,160.13,C88,Q
778,0,3,Passenger 778,female,,0,1,TKT10778,120.91,,Q
779,0,3,Passenger 779,male,,1,2,TKT10779,144.05,,C
780,1,2,Passenger 780,male,75,2,1,TKT10780,55.59,,Q
781,0,3,Passenger 781,male,,2,1,TKT10781,39.2,,Q
782,0,3,Passenger 782,male,,1,2,TKT10782,102.26,,S
783,0,1,Passenger 783,female,69,1,1,TKT10783,194.24,C46,S
784,1,1,Passenger 784,male,25,1,1,TKT10784,181.7,,
785,1,1,Passenger 785,male,10,4,1,TKT10785,98.27,,S
786,1,1,Passenger 786,female,57,3,2,TKT10786,119.84,,
787,1,3,Passenger 787,female,69,0,1,TKT10787,71.52,,
788,0,1,Passenger 788,male,39,1,1,TKT10788,185.43,,
789,1,1,Passenger 789,male,74,4,1,TKT10789,68.13,,
790,1,2,Passenger 790,male,35,2,2,TKT10790,186.9,C81,
791,0,2,Passenger 791,female,,0,1,TKT10791,15.78,C76,Q
792,1,2,Passenger 792,male,72,0,1,TKT10792,160.51,C121,S
793,1,1,Passenger 793,male,63,0,2,TKT10793,59.63,,Q
794,1,3,Passenger 794,male,,4,0,TKT10794,165.74,,Q
795,1,2,Passenger 795,female,18,1,1,TKT10795,174.79,,Q
796,1,2,Passenger 796,female,33,0,0,TKT10796,32.35,,S
797,0,3,Passenger 797,male,,4,0,TKT10797,60.12,C137,C
798,1,2,Passenger 798,female,60,3,1,TKT10798,151.62,,Q
799,1,1,Passenger 799,male,56,1,2,TKT10799,83.29,,C
800,0,1,Passenger 800,male,,1,2,TKT10800,179.18,,S
801,0,2,Passenger 801,male,,3,2,TKT10801,186.05,C91,S
802,0,2,Passenger 802,male,49,3,3,TKT10802,91.57,,
803,1,3,Passenger 803,female,65,2,3,TKT10803,36.76,C130,Q
804,0,2,Passenger 804,female,3,2,0,TKT10804,79.11,C77,C
805,1,1,Passenger 805,male,,1,1,TKT10805,8.09,,C
806,1,3,Passenger 806,female,77,1,3,TKT10806,173.94,C39,C
807,1,2,Passenger 807,female,,0,0,TKT10807,44.79,C9,C
808,0,2,Passenger 808,male,77,0,3,TKT10808,569.16,,
809,0,2,Passenger 809,female,,4,0,TKT10809,96.55,C147,C
810,1,2,Passenger 810,male,19,1,1,TKT10810,133.55,C78,Q
811,1,2,Passenger 811,male,,4,0,TKT10811,153.18,C13, s 
812,1,1,Passenger 812,female,31,3,1,TKT10812,444.23,,
813,1,2,Passenger 813,female,,0,2,TKT10813,199.35,,Q
814,0,3,Passenger 814,female,13,1,2,TKT10814,195.14,,S
815,0,1,Passenger 815,female,66,4,1,TKT10815,32.63,,S
816,0,3,Passenger 816,male,68,1,3,TKT10816,78.02,,
817,1,1,Passenger 817,male,,2,2,TKT10817,67.77,C18,S
818,1,2,Passenger 818,male,21,1,2,TKT10818,81.29,C71,C
819,1,1,Passenger 819,male,20,4,2,TKT10819,91.46,C121,C
820,1,2,Passenger 820,male,,3,2,TKT10820,34.97,,C
821,1,1,Passenger 821,female,38,3,3,TKT10821,106.95,,Q
822,1,1,Passenger 822,male,,0,3,TKT10822,86.83,,
823,1,1,Passenger 823,male,,4,0,TKT10823,123.29,,C
824,1,2,Passenger 824,male,,3,3,TKT10824,145.07,,C
825,1,2,Passenger 825,female,53,2,1,TKT10825,147.17,C84,
826,1,3,Passenger 826,female,21,2,1,TKT10826,113.9,C86,Q
827,0,3,Passenger 827,female,,2,3,TKT10827,166.59,C52,Q
828,1,1,Passenger 828,male,,1,2,TKT10828,152.18,C144,Q
829,1,2,Passenger 829,male,10,2,2,TKT10829,23.21,C27,Q
830,0,3,Passenger 830,female,,0,3,TKT10830,166.1,,C
831,0,3,Passenger 831,female,28,3,3,TKT10831,7.42,C50,
832,1,2,Passenger 832,female,,2,2,TKT10832,150.62,C82,Q
833,1,3,Passenger 833,female,32,0,1,TKT10833,23.84,C142,C
834,0,1,Passenger 834,female,,4,0,TKT10834,101.94,,C
835,1,2,Passenger 835,male,,3,1,TKT10835,189.73,,Q
836,1,1,Passenger 836,male,53,2,0,TKT10836,154.43,,S
837,1,3,Passenger 837,male,32,2,0,TKT10837,167.97,,
838,1,2,Passenger 838,female,44,0,1,TKT10838,23.69,,Q
839,0,3,Passenger 839,female,,0,1,TKT10839,,C4,S
840,0,3,Passenger 840,female,,1,1,TKT10840,172.57,,C
841,0,3,Passenger 841,male,23,2,2,TKT10841,163.8,,C
842,1,2,Passenger 842,male,,4,0,TKT10842,187.87,,C
843,1,3,Passenger 843,male,,4,0,TKT10843,16.43,,
844,1,2,Passenger 844,female,,3,0,TKT10844,153.89,,Q
845,0,2,Passenger 845,male,37,2,0,TKT10845,107.87,,Q
846,0,1,Passenger 846,male,56,3,1,TKT10846,104.21,C19,C
847,1,1,Passenger 847,male,,2,1,TKT10847,45.18,C96,
848,1,1,Passenger 848,female,,3,0,TKT10848,137.68,,Q
849,1,1,Passenger 849,male,33,0,0,TKT10849,127.17,C126,S
850,1,1,Passenger 850,male,,3,1,TKT10850,60.54,,
851,1,1,Passenger 851,male,62,0,1,TKT10851,26.72,,C
852,0,3,Passenger 852,male,65,1,2,TKT10852,154.87,,C
853,0,1,Passenger 853,male,,1,2,TKT10853,34.85,,
854,0,1,Passenger 854,male,72,3,0,TKT10854,32.96,,Q
855,1,3,Passenger 855,male,30,1,0,TKT10855,79.34,,
856,1,3,Passenger 856,female,,2,3,TKT10856,92.69,C117,Q
857,0,2,Passenger 857,female,,1,0,TKT10857,176.98,C139,C
858,1,2,Passenger 858,female,,3,2,TKT10858,87.12,,C
859,1,2,Passenger 859,female,25,2,2,TKT10859,189.86,,S
860,0,3,Passenger 860,female,,4,3,TKT10860,14.92,,C
861,0,1,Passenger 861,female,73,2,3,TKT10861,130.04,C125,Q
862,0,1,Passenger 862,female,5,0,2,TKT10862,158.46,,C
863,1,2,Passenger 863,male,,2,2,TKT10863,118.77,,C
864,1,3,Passenger 864,male,53,0,1,TKT10864,114.52,,S
865,1,2,Passenger 865,male,22,3,0,TKT10865,119.3,C146,Q
866,1,1,Passenger 866,male,9,1,2,TKT10866,31.31,C22,Q
867,1,1,Passenger 867,female,,4,0,TKT10867,198.38,C14,C
868,1,3,Passenger 868,male,44,2,0,TKT10868,58.2,C3,S
869,1,2,Passenger 869,female,50,4,3,TKT10869,140.58,,Q
870,0,3,Passenger 870,female,35,4,0,TKT10870,183.1,,S
871,0,3,Passenger 871,male,74,2,0,TKT10871,156.88,,
872,0,1,Passenger 872,male,79,0,0,TKT10872,15.95,,C
873,1,3,Passenger 873,male,68,3,2,TKT10873,97.83,,S
874,0,3,Passenger 874,male,,0,1,TKT10874,33.06,,C
875,1,2,Passenger 875,female,,1,0,TKT10875,103.8,C65,Q
876,0,3,Passenger 876,female,45,0,0,TKT10876,125.87,C93,S
877,1,2,Passenger 877,male,,1,1,TKT10877,77.24,,
878,0,1,Passenger 878,female,,3,0,TKT10878,174.39,C98, s 
879,0,1,Passenger 879,female,23,3,1,TKT10879,120.62,,
880,1,2,Passenger 880,female,,1,3,TKT10880,49.41,,S
881,0,2,Passenger 881,female,38,0,2,TKT10881,50.85,,Q
882,0,2,Passenger 882,female,,0,0,TKT10882,71.51,,C
883,1,3,Passenger 883,male,,1,2,TKT10883,158.43,,C
884,1,3,Passenger 884,male,,3,1,TKT10884,114.84,,
885,1,3,Passenger 885,male,35,2,0,TKT10885,92.65,,S
886,1,3,Passenger 886,male,,1,0,TKT10886,191.55,,C
887,1,2,Passenger 887,male,,1,2,TKT10887,141.63,,
888,1,2,Passenger 888,male,,2,3,TKT10888,127.05,C117,Q
889,1,1,Passenger 889,female,16,3,0,TKT10889,174.21,,
890,0,3,Passenger 890,male,,3,0,TKT10890,115.3,,S
891,0,2,Passenger 891,female,,4,0,TKT10891,70.94,,
892,1,1,Passenger 892,male,,0,0,TKT10892,36.02,C58,
893,1,1,Passenger 893,female,20,3,0,TKT10893,102.61,,S
894,1,3,Passenger 894,male,,3,1,TKT10894,6.39,,Q
895,1,2,Passenger 895,male,,2,3,TKT10895,70.22,,
896,1,3,Passenger 896,male,14,4,2,TKT10896,44.03,,C
897,0,2,Passenger 897,male,66,3,3,TKT10897,65.43,,
898,0,1,Passenger 898,male,,0,0,TKT10898,160.03,C71,S
899,0,2,Passenger 899,female,21,0,2,TKT10899,15.44,,S
900,0,2,Passenger 900,male,27,0,0,TKT10900,184.28,,Q
901,0,1,Passenger 901,female,20,3,3,TKT10901,17.71,C148,S
902,1,1,Passenger 902,male,,3,0,TKT10902,44.53,,
903,1,2,Passenger 903,male,,2,2,TKT10903,75.99,,Q
904,1,1,Passenger 904,female,,4,3,TKT10904,96.16,,Q
905,0,1,Passenger 905,female,,4,1,TKT10905,151.97,,C
906,0,3,Passenger 906,male,,4,0,TKT10906,20.94,,C
907,1,3,Passenger 907,female,63,4,3,TKT10907,68.47,,
908,0,3,Passenger 908,male,59,4,0,TKT10908,167.7,C79,C
909,0,1,Passenger 909,male,13,0,0,TKT10909,9.58,C109, s 
910,1,3,Passenger 910,male,,3,0,TKT10910,78.11,,Q
911,1,3,Passenger 911,female,69,0,3,TKT10911,87.43,,S
912,1,1,Passenger 912,female,,2,3,TKT10912,79.07,,S
913,1,3,Passenger 913,female,,4,0,TKT10913,18.47,,
914,0,1,Passenger 914,male,,3,3,TKT10914,122.22,,C
915,0,1,Passenger 915,male,,1,1,TKT10915,49.6,C145,S
916,1,1,Passenger 916,female,,3,3,TKT10916,128.79,,Q
917,0,3,Passenger 917,male,18,3,2,TKT10917,9.7,,C
918,1,1,Passenger 918,female,26,0,0,TKT10918,63.57,,S
919,1,2,Passenger 919,female,,1,0,TKT10919,161.24,,S
920,0,1,Passenger 920,female,,2,1,TKT10920,105.11,,
921,0,3,Passenger 921,male,,3,3,TKT10921,81.2,C41,C
922,0,3,Passenger 922,male,56,2,2,TKT10922,86.38,,Q
923,0,2,Passenger 923,female,,0,3,TKT10923,104.73,,S
924,0,3,Passenger 924,male,37,2,2,TKT10924,66.05,,
925,0,3,Passenger 925,female,25,4,2,TKT10925,161.44,,C
926,1,1,Passenger 926,female,32,2,1,TKT10926,121.64,C146,
927,1,1,Passenger 927,male,33,1,2,TKT10927,193.47,,Q
928,1,2,Passenger 928,male,,1,1,TKT10928,121.08,C14,S
929,1,1,Passenger 929,male,35,4,0,TKT10929,,,Q
930,0,1,Passenger 930,male,,4,2,TKT10930,185.93,,
931,0,2,Passenger 931,male,,1,3,TKT10931,162.86,C57,Q
932,0,2,Passenger 932,female,,3,1,TKT10932,92,,
933,1,1,Passenger 933,female,,4,3,TKT10933,158.97,,Q
934,1,2,Passenger 934,female,49,2,1,TKT10934,158.67,C98,
935,1,2,Passenger 935,female,,0,3,TKT10935,144.05,,
936,0,1,Passenger 936,female,,2,0,TKT10936,98.31,,C
937,1,2,Passenger 937,male,,1,3,TKT10937,93.35,,C
938,0,1,Passenger 938,male,,1,0,TKT10938,111.85,,C
939,0,1,Passenger 939,female,48,1,2,TKT10939,34.78,,S
940,1,2,Passenger 940,male,-4,3,1,TKT10940,173.03,C42,S
941,1,3,Passenger 941,female,,4,2,TKT10941,137.12,,
942,0,3,Passenger 942,female,,2,0,TKT10942,29.62,,
943,0,2,Passenger 943,male,3,2,3,TKT10943,89.93,,C
944,1,1,Passenger 944,male,,1,0,TKT10944,177.06,,
945,1,1,Passenger 945, Male ,,0,2,TKT10945,74.18,,C
946,1,1,Passenger 946,female,,3,2,TKT10946,16.68,,Q
947,0,3,Passenger 947,male,,1,3,TKT10947,152.91,C69,C
948,1,1,Passenger 948,male,,1,3,TKT10948,81.91,,C
949,0,2,Passenger 949,female,27,0,1,TKT10949,198.25,C127,S
950,1,3,Passenger 950,female,,2,1,TKT10950,170.87,C134,Q
951,1,2,Passenger 951,female,,0,2,TKT10951,99.26,,C
952,1,2,Passenger 952,female,,3,2,TKT10952,181.51,,
953,1,2,Passenger 953,male,,2,2,TKT10953,84.16,,
954,0,2,Passenger 954,male,56,4,2,TKT10954,60.86,C26,S
955,0,1,Passenger 955,male,,3,1,TKT10955,179.83,,Q
956,1,1,Passenger 956,male,74,4,0,TKT10956,12.88,,C
957,0,3,Passenger 957,female,63,1,0,TKT10957,57.13,C41,S
958,1,2,Passenger 958,female,,2,3,TKT10958,134.68,C80,Q
959,0,1,Passenger 959,female,5,1,1,TKT10959,16.46,,Q
960,1,3,Passenger 960,male,,3,0,TKT10960,28.91,,Q
961,1,3,Passenger 961,female,,3,1,TKT10961,41.38,C109,Q
962,1,2,Passenger 962,male,24,3,2,TKT10962,174.49,C62,
963,1,3,Passenger 963,female,54,2,0,TKT10963,155.32,C129,C
964,0,2,Passenger 964,male,,3,2,TKT10964,108.52,C12,Q
965,1,3,Passenger 965,male,,2,1,TKT10965,166.76,,S
966,0,2,Passenger 966, Male ,,3,0,TKT10966,5.84,C71,
967,1,1,Passenger 967,male,40,3,2,TKT10967,101.84,,S
968,1,1,Passenger 968,female,62,2,3,TKT10968,24.39,,C
969,0,1,Passenger 969,male,70,0,2,TKT10969,19.86,,
970,1,1,Passenger 970,female,,0,2,TKT10970,104.6,C140,Q
971,0,2,Passenger 971,female,12,0,2,TKT10971,36.65,C111,S
972,0,3,Passenger 972,male,22,3,3,TKT10972,126.11,,C
973,1,3,Passenger 973,female,,3,0,TKT10973,8.34,C22,C
974,1,1,Passenger 974,male,15,2,1,TKT10974,97.32,C76,S
975,1,2,Passenger 975,female,,0,2,TKT10975,164.06,,Q
976,0,2,Passenger 976,male,24,0,2,TKT10976,174.55,,S
977,0,3,Passenger 977,female,30,4,2,TKT10977,58.92,,S
978,0,3,Passenger 978,male,,0,3,TKT10978,149.51,C104,S
979,0,3,Passenger 979,male,32,3,1,TKT10979,70.14,, s 
980,1,1,Passenger 980,female,35,1,2,TKT10980,101.07,,
981,0,1,Passenger 981,female,,4,1,TKT10981,54.72,,C
982,0,3,Passenger 982,male,32,0,3,TKT10982,143.66,,S
983,0,1,Passenger 983,male,,2,2,TKT10983,25.86,,Q
984,0,2,Passenger 984,female,,2,3,TKT10984,73.87,,
985,1,1,Passenger 985,female,,2,1,TKT10985,44.75,,S
986,1,2,Passenger 986,female,58,1,3,TKT10986,139.24,C5,C
987,1,3,Passenger 987,male,71,2,2,TKT10987,26.42,,S
988,0,1,Passenger 988,male,72,2,3,TKT10988,127.37,,C
989,0,3,Passenger 989,female,,4,2,TKT10989,140.73,,C
990,1,1,Passenger 990,female,,4,0,TKT10990,152.99,,C
991,1,3,Passenger 991, Male ,53,1,1,TKT10991,25.01,,Q
992,0,3,Passenger 992,male,,0,2,TKT10992,179.16,,C
993,1,2,Passenger 993,male,,0,1,TKT10993,164.33,,
994,0,3,Passenger 994,female,72,1,1,TKT10994,10.25,,S
995,0,3,Passenger 995,male,,0,0,TKT10995,94.87,C94,Q
996,0,3,Passenger 996,male,,3,0,TKT10996,78.73,,S
997,1,2,Passenger 997,male,,4,1,TKT10997,144.17,,
998,1,1,Passenger 998,male,3,1,0,TKT10998,84.13,C29,
999,0,1,Passenger 999,male,18,0,0,TKT10999,106,,Q
1000,1,1,Passenger 1000,male,71,1,0,TKT11000,166.48,,S
1001,1,1,Passenger 1001,male,,0,0,TKT11001,37.1,,S
1002,0,2,Passenger 1002,female,75,0,0,TKT11002,21.11,C81,
1003,0,3,Passenger 1003,female,,2,3,TKT11003,55.86,C39,C
1004,1,2,Passenger 1004,male,,0,0,TKT11004,,,C
1005,0,1,Passenger 1005,female,,1,2,TKT11005,108.36,C95,S
1006,1,1,Passenger 1006,female,49,1,1,TKT11006,112.75,C143,
1007,0,1,Passenger 1007,female,80,2,0,TKT11007,29.52,C2,Q
1008,0,2,Passenger 1008,male,,4,0,TKT11008,102.2,,S
1009,0,2,Passenger 1009,male,,2,3,TKT11009,84.49,,Q
1010,1,2,Passenger 1010,male,,1,3,TKT11010,35.55,C95,Q
1011,1,2,Passenger 1011,male,3,1,0,TKT11011,96.62,,C
1012,1,1,Passenger 1012,female,,0,2,TKT11012,123.97,C54,Q
1013,0,1,Passenger 1013,male,,4,3,TKT11013,147.05,C32,S
1014,1,1,Passenger 1014,male,,3,0,TKT11014,47.27,C130,
1015,0,1,Passenger 1015,male,,1,0,TKT11015,156.89,,S
1016,1,3,Passenger 1016,female,77,2,2,TKT11016,52.66,,
1017,0,1,Passenger 1017,female,,4,0,TKT11017,123.9,C148,Q
1018,0,2,Passenger 1018,male,,1,1,TKT11018,71.88,,C
1019,1,1,Passenger 1019,female,54,0,2,TKT11019,22.98,C87,C
1020,0,1,Passenger 1020,male,6,0,1,TKT11020,27.72,,S
1021,0,1,Passenger 1021,male,59,2,2,TKT11021,67.47,C131,C
1022,0,3,Passenger 1022,male,,4,2,TKT11022,153.8,C30,C
1023,0,2,Passenger 1023,male,58,1,1,TKT11023,71.81,,S
1024,0,2,Passenger 1024,female,3,4,1,TKT11024,103.94,C116,Q
1025,1,3,Passenger 1025,female,,4,3,TKT11025,154.49,,C
1026,1,1,Passenger 1026,female,73,4,1,TKT11026,33.65,C28,C
1027,0,2,Passenger 1027,male,,4,3,TKT11027,83.82,,
1028,0,3,Passenger 1028,male,57,2,2,TKT11028,151.11,C134,C
1029,0,1,Passenger 1029,female,37,2,0,TKT11029,179.96,C38,
1030,1,2,Passenger 1030,female,,0,1,TKT11030,,,
1031,0,2,Passenger 1031,male,,2,3,TKT11031,116.44,,Q
1032,0,3,Passenger 1032,female,4,4,3,TKT11032,98.29,,S
1033,1,1,Passenger 1033,male,26,0,3,TKT11033,20.84,,Q
1034,0,3,Passenger 1034,female,42,3,1,TKT11034,93.36,,Q
1035,1,1,Passenger 1035,female,,3,1,TKT11035,81.19,,S
1036,0,2,Passenger 1036,male,,3,2,TKT11036,185,,C
1037,1,2,Passenger 1037,male,,3,0,TKT11037,144.41,,C
1038,1,1,Passenger 1038,female,49,3,2,TKT11038,47.68,,
1039,1,1,Passenger 1039,male,34,3,2,TKT11039,146.57,C25,
1040,0,1,Passenger 1040,female,,3,1,TKT11040,167.24,,C
1041,1,1,Passenger 1041,female,76,3,3,TKT11041,24.96,,C
1042,1,1,Passenger 1042,female,66,1,3,TKT11042,110.98,,
1043,0,2,Passenger 1043,male,62,0,2,TKT11043,83.52,,C
1044,1,3,Passenger 1044,female,,0,2,TKT11044,136.41,,S
1045,1,3,Passenger 1045,female,10,3,0,TKT11045,19.19,,Q
1046,0,2,Passenger 1046,male,70,4,1,TKT11046,190.85,,Q
1047,0,3,Passenger 1047,male,,2,2,TKT11047,170,,
1048,1,2,Passenger 1048,female,57,3,1,TKT11048,74.6,C48,S
1049,1,2,Passenger 1049,female,10,3,1,TKT11049,145.28,,
1050,0,3,Passenger 1050,female,,4,0,TKT11050,105.64,,C
1051,1,3,Passenger 1051,male,,0,0,TKT11051,79.28,C46,Q
1052,0,2,Passenger 1052,female,,1,1,TKT11052,94.83,,Q
1053,0,3,Passenger 1053,female,25,1,2,TKT11053,71.34,C46,Q
1054,1,1,Passenger 1054,male,76,4,0,TKT11054,174.33,,Q
1055,1,3,Passenger 1055,female,,2,1,TKT11055,,,S
1056,0,1,Passenger 1056,male,10,4,2,TKT11056,183.21,,S
1057,1,1,Passenger 1057,male,,1,1,TKT11057,62.26,C108,
1058,1,1,Passenger 1058,male,,2,0,TKT11058,171.05,,
1059,0,2,Passenger 1059,male,,2,2,TKT11059,114.49,C135,Q
1060,1,2,Passenger 1060,female,,2,2,TKT11060,86.14,,Q
1061,1,2,Passenger 1061,female,,1,1,TKT11061,147.91,,S
1062,0,1,Passenger 1062,male,43,2,2,TKT11062,31.54,,C
1063,0,2,Passenger 1063,female,,3,0,TKT11063,174.35,,
1064,1,2,Passenger 1064,female,,1,3,TKT11064,170.97,,C
1065,0,2,Passenger 1065,female,,1,0,TKT11065,409.89,C45,S
1066,1,3,Passenger 1066,male,26,0,3,TKT11066,176.34,C134,C
1067,1,2,Passenger 1067,male,,3,1,TKT11067,72.28,C123,
1068,0,2,Passenger 1068,male,,4,0,TKT11068,31.45,C117,
1069,1,1,Passenger 1069,female,51,1,0,TKT11069,112.13,,
1070,1,1,Passenger 1070,male,75,1,1,TKT11070,191.55,C26,
1071,0,2,Passenger 1071,female,39,1,1,TKT11071,112.86,C69,
1072,0,1,Passenger 1072,female,64,2,2,TKT11072,36.5,C128,S
1073,1,1,Passenger 1073,male,,0,2,TKT11073,5.52,C120,
1074,0,1,Passenger 1074,male,42,0,0,TKT11074,118.02,,S
1075,1,3,Passenger 1075,female,,2,1,TKT11075,123.28,C96,Q
1076,1,1,Passenger 1076,female,8,0,2,TKT11076,44.39,,C
1077,0,3,Passenger 1077,female,12,0,0,TKT11077,156.89,,C
1078,1,1,Passenger 1078,male,,1,3,TKT11078,198.47,,C
1079,0,1,Passenger 1079,male,,0,0,TKT11079,95.98,,C
1080,1,1,Passenger 1080,male,,4,1,TKT11080,134.03,,
1081,1,3,Passenger 1081,male,,1,2,TKT11081,131.87,,S
1082,1,1,Passenger 1082,male,,4,2,TKT11082,172.67,,C
1083,0,1,Passenger 1083,female,49,1,3,TKT11083,163.04,C59,
1084,0,1,Passenger 1084,male,,2,0,TKT11084,110.23,C7,C
1085,1,1,Passenger 1085,male,47,4,0,TKT11085,98.47,C22,
1086,0,2,Passenger 1086,female,17,2,1,TKT11086,172.7,,S
1087,1,2,Passenger 1087,female,32,2,3,TKT11087,29.32,,S
1088,0,2,Passenger 1088, Male ,,0,1,TKT11088,60.58,,
1089,1,3,Passenger 1089,male,16,0,3,TKT11089,12.55,C24,
1090,1,1,Passenger 1090,male,67,4,0,TKT11090,163.41,,Q
1091,1,3,Passenger 1091,male,,2,0,TKT11091,93.33,C74,Q
1092,0,1,Passenger 1092,female,,1,2,TKT11092,39.12,,Q
1093,1,1,Passenger 1093,male,64,4,3,TKT11093,44.89,C113,Q
1094,0,1,Passenger 1094,female,20,0,0,TKT11094,73.88,,
1095,0,2,Passenger 1095,female,76,3,0,TKT11095,152.24,,Q
1096,0,2,Passenger 1096,male,,0,2,TKT11096,116.96,,Q
1097,0,2,Passenger 1097,female,,0,3,TKT11097,129.58,,Q
1098,1,2,Passenger 1098,female,20,1,1,TKT11098,99.57,C112,C
1099,1,1,Passenger 1099,male,,2,1,TKT11099,118.66,C36,S
1100,0,3,Passenger 1100,male,70,2,0,TKT11100,25.61,C140,S
1101,0,2,Passenger 1101,male,,4,2,TKT11101,180.66,,S
1102,1,3,Passenger 1102,male,39,4,3,TKT11102,36.34,,S
1103,0,1,Passenger 1103,male,70,3,0,TKT11103,86.66,,S
1104,1,3,Passenger 1104,male,,3,3,TKT11104,159.34,C123,S
1105,1,1,Passenger 1105,female,,3,0,TKT11105,181.42,,C
1106,0,2,Passenger 1106,female,71,1,2,TKT11106,69.99,C108,Q
1107,1,1,Passenger 1107,male,,3,0,TKT11107,10,,
1108,0,3,Passenger 1108,male,,2,3,TKT11108,58.67,,S
1109,1,3,Passenger 1109,male,62,3,0,TKT11109,198.17,,Q
1110,0,1,Passenger 1110,female,,0,1,TKT11110,133.93,C1,Q
1111,0,1,Passenger 1111,female,42,2,2,TKT11111,83.12,,S
1112,1,1,Passenger 1112,female,,3,0,TKT11112,10.51,,Q
1113,0,1,Passenger 1113,female,6,0,3,TKT11113,173.93,,S
1114,0,3,Passenger 1114,female,,4,3,TKT11114,189.7,,Q
1115,0,1,Passenger 1115,male,,4,1,TKT11115,195.88,,S
1116,0,1,Passenger 1116,female,,0,3,TKT11116,178.38,,
1117,1,3,Passenger 1117,male,17,3,3,TKT11117,,,Q
1118,1,3,Passenger 1118,female,33,4,3,TKT11118,14.16,,Q
1119,1,2,Passenger 1119,male,,4,3,TKT11119,87.6,,Q
1120,1,2,Passenger 1120,female,78,3,1,TKT11120,87.9,,
1121,1,1,Passenger 1121,male,,0,1,TKT11121,49.64,,
1122,0,2,Passenger 1122,male,,0,0,TKT11122,83.24,C26,S
1123,0,1,Passenger 1123,female,,4,3,TKT11123,571.33,,C
1124,1,2,Passenger 1124,male,,3,2,TKT11124,186.49,,
1125,1,2,Passenger 1125,male,7,3,2,TKT11125,108.11,C137,S
1126,0,2,Passenger 1126,male,,0,1,TKT11126,196.76,C93,Q
1127,0,1,Passenger 1127,male,,0,1,TKT11127,60.62,,
1128,1,1,Passenger 1128,male,63,2,1,TKT11128,92.9,,
1129,0,3,Passenger 1129,female,46,1,0,TKT11129,132.74,C50,S
1130,1,1,Passenger 1130,female,42,0,0,TKT11130,57.02,C27,S
1131,0,2,Passenger 1131,female,37,2,2,TKT11131,169.3,,C
1132,0,1,Passenger 1132,female,61,1,0,TKT11132,92.82,,Q
1133,0,3,Passenger 1133,male,,2,2,TKT11133,197.69,C123,S
1134,1,3,Passenger 1134,female,49,1,2,TKT11134,12.1,,C
1135,1,1,Passenger 1135,female,73,1,1,TKT11135,34.43,,S
1136,0,1,Passenger 1136,male,19,0,0,TKT11136,13.73,,
1137,0,2,Passenger 1137,male,,2,3,TKT11137,144.4,,C
1138,1,2,Passenger 1138,female,32,4,1,TKT11138,119.98,,Q
1139,0,1,Passenger 1139,female,26,2,2,TKT11139,94.12,,
1140,1,2,Passenger 1140,female,,0,0,TKT11140,,,Q
1141,1,1,Passenger 1141,female,,4,2,TKT11141,5.31,,S
1142,1,1,Passenger 1142,female,54,4,3,TKT11142,62.37,,
1143,1,3,Passenger 1143,male,,2,0,TKT11143,108.18,,C
1144,0,1,Passenger 1144,male,49,3,2,TKT11144,140.18,C134,C
1145,1,2,Passenger 1145,female,,4,2,TKT11145,187.23,,
1146,0,1,Passenger 1146,male,,2,0,TKT11146,62.88,,C
1147,0,3,Passenger 1147,female,,2,2,TKT11147,104.88,,Q
1148,0,3,Passenger 1148,male,,1,2,TKT11148,89.85,,S
1149,1,1,Passenger 1149,male,,1,2,TKT11149,84.95,,C
1150,0,1,Passenger 1150,female,36,3,1,TKT11150,16.39,C19,
1151,1,3,Passenger 1151,male,48,0,0,TKT11151,98.89,C46,
1152,0,3,Passenger 1152,female,,1,3,TKT11152,41.26,,C
1153,0,3,Passenger 1153,female,,4,2,TKT11153,445.16,,C
1154,0,3,Passenger 1154,female,72,2,3,TKT11154,173.71,,S
1155,0,1,Passenger 1155,male,,0,2,TKT11155,44.43,,
1156,1,2,Passenger 1156,female,38,4,1,TKT11156,194.31,C108,S
1157,0,3,Passenger 1157,female,,2,1,TKT11157,92.32,C82,C
1158,1,2,Passenger 1158,male,,3,3,TKT11158,183.43,C101,Q
1159,0,3,Passenger 1159,male,51,4,2,TKT11159,45.17,,S
1160,0,1,Passenger 1160,female,77,4,3,TKT11160,178.45,C5,C
1161,0,2,Passenger 1161,female,50,1,2,TKT11161,138.91,C22,C
1162,1,1,Passenger 1162,male,,1,3,TKT11162,180.72,,S
1163,1,2,Passenger 1163,female,,0,3,TKT11163,193.49,C127,S
1164,1,3,Passenger 1164,male,60,1,0,TKT11164,186.5,C74,C
1165,0,1,Passenger 1165,female,75,0,2,TKT11165,5.59,,S
1166,0,2,Passenger 1166,female,79,1,0,TKT11166,192.17,,S
1167,0,1,Passenger 1167,female,2,3,3,TKT11167,82.57,C62,
1168,1,1,Passenger 1168,male,28,0,3,TKT11168,116.2,, s 
1169,1,2,Passenger 1169,female,45,1,3,TKT11169,19.21,,Q
1170,1,1,Passenger 1170,male,74,0,0,TKT11170,47.67,,
1171,0,1,Passenger 1171,male,,3,3,TKT11171,104.54,C2,Q
1172,1,2,Passenger 1172,male,,0,1,TKT11172,152.08,,
1173,0,3,Passenger 1173,male,,3,2,TKT11173,135.85,,Q
1174,0,2,Passenger 1174,male,77,1,0,TKT11174,5.21,,C
1175,0,3,Passenger 1175,female,22,0,2,TKT11175,73.75,,S
1176,1,3,Passenger 1176,female,71,1,0,TKT11176,147.41,,S
1177,0,3,Passenger 1177,female,62,1,2,TKT11177,18.1,C14,S
1178,0,3,Passenger 1178,female,62,4,1,TKT11178,5.24,C59,C
1179,0,3,Passenger 1179,male,,4,0,TKT11179,100.02,C93,C
1180,0,2,Passenger 1180,male,2,1,1,TKT11180,12.04,,Q
1181,0,3,Passenger 1181,male,,3,2,TKT11181,144.98,,
1182,1,2,Passenger 1182,female,45,4,0,TKT11182,187.31,,S
1183,0,2,Passenger 1183,female,,3,0,TKT11183,138.11,,C
1184,0,1,Passenger 1184,male,,1,0,TKT11184,18.04,,S
1185,0,2,Passenger 1185,male,,3,1,TKT11185,94.8,,
1186,1,2,Passenger 1186, Male ,,2,1,TKT11186,132.93,,Q
1187,0,2,Passenger 1187,male,59,0,2,TKT11187,30.25,,
1188,0,3,Passenger 1188,female,,4,0,TKT11188,56.98,C38,C
1189,1,1,Passenger 1189,male,,2,3,TKT11189,56.42,,Q
1190,0,3,Passenger 1190,male,,0,0,TKT11190,190.1,,
1191,1,2,Passenger 1191,female,,3,3,TKT11191,156.78,C69,Q
1192,1,3,Passenger 1192,female,,0,3,TKT11192,198.27,,S
1193,1,3,Passenger 1193,male,,2,1,TKT11193,185.43,,Q
1194,0,1,Passenger 1194,female,,2,1,TKT11194,40.44,C31,Q
1195,0,1,Passenger 1195,female,,0,2,TKT11195,131.88,C55,S
1196,0,1,Passenger 1196,male,59,3,2,TKT11196,25.33,,S
1197,1,3,Passenger 1197,male,,3,3,TKT11197,67.08,C128,S
1198,0,1,Passenger 1198,female,-3,3,3,TKT11198,160.34,,Q
1199,1,1,Passenger 1199,female,8,4,0,TKT11199,185.38,C84,S
1200,1,3,Passenger 1200,male,23,0,3,TKT11200,17.81,,S
1201,0,1,Passenger 1201,male,,3,2,TKT11201,198.72,,
1202,1,3,Passenger 1202,female,,1,1,TKT11202,157.9,,
1203,1,3,Passenger 1203,male,78,2,1,TKT11203,5.28,,S
1204,0,2,Passenger 1204,female,12,0,1,TKT11204,112.49,,S
1205,0,3,Passenger 1205,male,,0,3,TKT11205,130.74,C112,Q
1206,0,1,Passenger 1206,male,,1,1,TKT11206,91.31,C131,S
1207,0,3,Passenger 1207,male,,1,2,TKT11207,114.24,,Q
1208,0,3,Passenger 1208,male,,2,3,TKT11208,173.58,, s 
1209,1,1,Passenger 1209,male,,0,1,TKT11209,155.57,,S
1210,1,3,Passenger 1210,female,,3,0,TKT11210,133.09,,S
1211,0,1,Passenger 1211,female,48,2,3,TKT11211,88.48,,S
1212,0,1,Passenger 1212,female,,0,1,TKT11212,,,C
1213,0,2,Passenger 1213,male,64,1,1,TKT11213,31.51,,
1214,1,2,Passenger 1214,male,,0,1,TKT11214,47.05,,S
1215,0,3,Passenger 1215,male,,4,2,TKT11215,131.51,,
1216,0,1,Passenger 1216,male,,4,0,TKT11216,40.43,,Q
1217,0,3,Passenger 1217,male,,0,1,TKT11217,160.91,,
1218,1,2,Passenger 1218,male,,3,1,TKT11218,63.06,,S
1219,0,1,Passenger 1219,female,,2,3,TKT11219,66.37,C113,S
1220,1,3,Passenger 1220,female,,0,1,TKT11220,48.43,,C
1221,1,3,Passenger 1221,female,31,2,2,TKT11221,171.4,,Q
1222,0,2,Passenger 1222,male,38,3,1,TKT11222,64.94,,Q
1223,0,1,Passenger 1223,male,,0,2,TKT11223,56.44,,
1224,0,3,Passenger 1224,female,,1,0,TKT11224,24.45,,
1225,1,2,Passenger 1225, Male ,,3,1,TKT11225,42.58,,C
1226,0,3,Passenger 1226,male,,0,1,TKT11226,186.14,C28,C
1227,1,1,Passenger 1227,female,,4,2,TKT11227,173.54,C1,
1228,1,1,Passenger 1228,female,28,2,3,TKT11228,55.91,,C
1229,1,1,Passenger 1229,male,,0,1,TKT11229,178.6,,C
1230,1,3,Passenger 1230,female,39,4,0,TKT11230,134.34,C81,C
1231,1,2,Passenger 1231,female,7,0,3,TKT11231,177.79,C78,C
1232,1,2,Passenger 1232,female,47,2,1,TKT11232,36.86,,C
1233,0,1,Passenger 1233,male,80,0,1,TKT11233,399.06,,
1234,1,2,Passenger 1234,male,,3,2,TKT11234,76.21,,S
1235,1,2,Passenger 1235,male,11,1,0,TKT11235,182.5,C34,S
1236,0,3,Passenger 1236,male,75,2,0,TKT11236,22.72,,
1237,1,2,Passenger 1237,female,60,3,0,TKT11237,167.18,C47,Q
1238,0,2,Passenger 1238,male,,1,1,TKT11238,35.05,,Q
1239,0,2,Passenger 1239,male,33,1,0,TKT11239,189.7,,S
1240,0,3,Passenger 1240,male,,3,0,TKT11240,196.59,,S
1241,1,3,Passenger 1241,female,46,1,2,TKT11241,119.61,C29,
1242,0,1,Passenger 1242,male,,2,2,TKT11242,53.71,,C
1243,0,3,Passenger 1243,male,,4,1,TKT11243,170.75,,Q
1244,1,1,Passenger 1244,female,,3,0,TKT11244,104.17,,Q
1245,0,3,Passenger 1245,female,45,3,2,TKT11245,124.36,C102,
1246,1,2,Passenger 1246, Male ,,2,1,TKT11246,85.75,,C
1247,0,3,Passenger 1247,female,70,4,1,TKT11247,32.64,,S
1248,1,3,Passenger 1248,female,53,1,3,TKT11248,13.2,,C
1249,1,3,Passenger 1249,female,38,4,0,TKT11249,13.34,,S
1250,0,3,Passenger 1250,male,69,0,0,TKT11250,13.5,,C
1251,1,3,Passenger 1251,female,,3,2,TKT11251,109.97,,S
1252,0,1,Passenger 1252,female,,1,3,TKT11252,197.82,,C
1253,1,3,Passenger 1253,male,,4,3,TKT11253,59.94,,C
1254,1,3,Passenger 1254,male,19,0,2,TKT11254,19.65,,C
1255,1,1,Passenger 1255,female,66,4,2,TKT11255,22.56,,C
1256,1,1,Passenger 1256,male,3,0,0,TKT11256,,C42,Q
1257,0,2,Passenger 1257,male,,4,1,TKT11257,128.2,,Q
1258,0,1,Passenger 1258,female,79,3,3,TKT11258,133.7,,
1259,1,3,Passenger 1259,male,72,1,3,TKT11259,176.99,C130,Q
1260,1,3,Passenger 1260,female,52,0,0,TKT11260,82.54,,C
1261,0,3,Passenger 1261,female,13,2,0,TKT11261,73.12,C127,
1262,0,3,Passenger 1262,female,48,1,0,TKT11262,6.22,,
1263,0,3,Passenger 1263,female,,2,3,TKT11263,194.14,,C
1264,1,3,Passenger 1264,male,,1,2,TKT11264,153.93,,C
1265,0,3,Passenger 1265,male,56,3,2,TKT11265,153.98,,
1266,1,2,Passenger 1266,female,,2,2,TKT11266,99.46,C73,
1267,1,2,Passenger 1267,female,,1,3,TKT11267,26.95,,S
1268,1,1,Passenger 1268,female,,1,0,TKT11268,481.48,C42,
1269,1,3,Passenger 1269,female,38,2,0,TKT11269,8.53,,C
1270,1,3,Passenger 1270,male,40,4,2,TKT11270,125.68,C4,C
1271,1,3,Passenger 1271, Male ,2,3,0,TKT11271,5.12,C92,C
1272,0,2,Passenger 1272,female,38,3,3,TKT11272,113.8,,
1273,0,1,Passenger 1273,male,,1,3,TKT11273,36.59,,S
1274,1,2,Passenger 1274,female,33,2,3,TKT11274,122.28,C96,C
1275,1,2,Passenger 1275,male,17,2,3,TKT11275,68.1,, s 
1276,1,2,Passenger 1276,female,,2,2,TKT11276,159.66,,C
1277,0,1,Passenger 1277, Male ,30,2,2,TKT11277,65.95,,S
1278,1,1,Passenger 1278,male,24,3,3,TKT11278,186.45,C138,C
1279,1,1,Passenger 1279,female,,1,2,TKT11279,38.34,,Q
1280,0,2,Passenger 1280,female,,4,0,TKT11280,183.67,,Q
1281,1,1,Passenger 1281,female,46,0,2,TKT11281,63.02,C147,
1282,0,1,Passenger 1282,male,27,0,1,TKT11282,70.01,C18,C
1283,0,3,Passenger 1283,male,,2,1,TKT11283,187.59,,S
1284,1,2,Passenger 1284,female,,1,2,TKT11284,40.4,,S
1285,1,2,Passenger 1285,male,,3,3,TKT11285,41.66,C102,S
1286,1,2,Passenger 1286,female,,0,0,TKT11286,178.29,,Q
1287,1,3,Passenger 1287,female,,2,1,TKT11287,36.93,,Q
1288,1,2,Passenger 1288,female,,4,2,TKT11288,118.65,,S
1289,0,1,Passenger 1289,female,,4,1,TKT11289,147.57,C116,S
1290,1,1,Passenger 1290,female,,1,3,TKT11290,183.6,C134,
1291,1,3,Passenger 1291,male,28,0,1,TKT11291,45.93,C138,S
1292,0,2,Passenger 1292,female,3,1,3,TKT11292,167.51,,C
1293,0,3,Passenger 1293,female,41,1,1,TKT11293,152.14,,S
1294,1,2,Passenger 1294,male,2,2,2,TKT11294,191.91,C11,S
1295,0,2,Passenger 1295,male,13,3,1,TKT11295,13.33,C136,
1296,1,3,Passenger 1296,male,57,1,2,TKT11296,47.32,,S
1297,1,3,Passenger 1297,male,56,0,2,TKT11297,76.51,C62,
1298,0,3,Passenger 1298,male,15,4,1,TKT11298,79.07,,S
1299,1,1,Passenger 1299,male,,3,2,TKT11299,5.91,C106,S
1300,1,2,Passenger 1300,female,-2,0,2,TKT11300,128.75,,S
1301,0,2,Passenger 1301,female,,2,3,TKT11301,45.66,C59,Q
1302,0,3,Passenger 1302,male,74,1,2,TKT11302,86.59,,Q
1303,0,2,Passenger 1303,male,,3,2,TKT11303,109.84,,
1304,0,1,Passenger 1304,female,,1,0,TKT11304,168.63,,
1305,1,2,Passenger 1305,male,29,2,0,TKT11305,46.82,,S
1306,0,2,Passenger 1306,male,,2,2,TKT11306,194.02,C68,S
1307,1,1,Passenger 1307,male,11,2,2,TKT11307,146.21,,
1308,0,3,Passenger 1308,male,73,0,3,TKT11308,36.11,,C
1309,1,3,Passenger 1309,female,,1,1,TKT11309,34.45,,
1310,0,1,Passenger 1310,female,,0,0,TKT11310,167.31,,S
1311,1,3,Passenger 1311,male,49,0,1,TKT11311,463.85,,Q
1312,1,3,Passenger 1312,male,54,0,2,TKT11312,18.67,,S
1313,1,1,Passenger 1313,male,73,0,3,TKT11313,10.07,,C
1314,1,1,Passenger 1314,male,,0,0,TKT11314,177.5,,Q
1315,0,2,Passenger 1315,male,15,3,2,TKT11315,111.7,,C
1316,1,1,Passenger 1316,male,17,2,1,TKT11316,75.31,,S
1317,1,1,Passenger 1317,female,,4,0,TKT11317,64.49,,Q
1318,1,3,Passenger 1318,male,53,1,2,TKT11318,132.05,C92,Q
1319,0,1,Passenger 1319,female,74,4,3,TKT11319,67.34,C138,
1320,0,1,Passenger 1320,female,,2,3,TKT11320,29.75,,C
1321,0,1,Passenger 1321,female,73,2,0,TKT11321,116.52,,C
1322,1,3,Passenger 1322,female,,2,3,TKT11322,196.03,,C
1323,0,1,Passenger 1323,male,,1,1,TKT11323,89.18,,C
1324,1,1,Passenger 1324, Male ,27,3,3,TKT11324,5.39,,S
1325,0,1,Passenger 1325,male,73,3,1,TKT11325,28.66,,
1326,1,1,Passenger 1326,female,,2,0,TKT11326,149.3,C141,
1327,1,3,Passenger 1327,male,7,1,3,TKT11327,184.67,,C
1328,1,3,Passenger 1328,female,,2,1,TKT11328,23.03,C80,C
1329,0,2,Passenger 1329,female,2,3,0,TKT11329,75.79,,Q
1330,0,1,Passenger 1330,male,,2,0,TKT11330,91.12,C139,S
1331,0,1,Passenger 1331,female,,1,0,TKT11331,121.31,,S
1332,0,2,Passenger 1332,female,60,1,1,TKT11332,158.99,,S
1333,0,3,Passenger 1333,female,72,0,1,TKT11333,112.57,C89,S
1334,0,2,Passenger 1334,female,5,3,0,TKT11334,95.61,,C
1335,1,1,Passenger 1335, Male ,23,0,1,TKT11335,196.8,C137,Q
1336,1,2,Passenger 1336,female,42,0,2,TKT11336,191.37,C113,
1337,0,2,Passenger 1337,female,4,1,2,TKT11337,126.3,,C
1338,0,3,Passenger 1338,male,53,3,1,TKT11338,36.82,C131,
1339,1,1,Passenger 1339,female,,3,3,TKT11339,190.78,C76,
1340,0,3,Passenger 1340,female,8,4,3,TKT11340,75.51,C33,C
1341,1,3,Passenger 1341,male,,0,1,TKT11341,146.58,C111,Q
1342,1,2,Passenger 1342,male,33,0,0,TKT11342,8.35,,C
1343,1,1,Passenger 1343,female,32,4,2,TKT11343,172.15,C46,S
1344,0,2,Passenger 1344,male,69,0,0,TKT11344,198.65,,Q
1345,1,1,Passenger 1345,female,24,4,3,TKT11345,,C128,C
1346,0,3,Passenger 1346,male,50,0,3,TKT11346,197.55,,S
1347,0,1,Passenger 1347,male,2,3,0,TKT11347,63.07,,
1348,0,3,Passenger 1348,female,50,0,2,TKT11348,153.31,,Q
1349,1,3,Passenger 1349,male,10,0,0,TKT11349,191.85,, s 
1350,1,1,Passenger 1350,female,60,0,0,TKT11350,144.44,,C
1351,0,3,Passenger 1351,male,,3,2,TKT11351,54.01,,
1352,1,2,Passenger 1352,female,,4,0,TKT11352,,,Q
1353,1,3,Passenger 1353,male,51,3,3,TKT11353,36.64,C67, s 
1354,0,3,Passenger 1354,female,-1,1,0,TKT11354,90.2,C105,Q
1355,1,1,Passenger 1355,female,28,1,0,TKT11355,75.98,C148,C
1356,1,3,Passenger 1356,male,29,0,2,TKT11356,6.99,,S
1357,0,1,Passenger 1357, Male ,,1,2,TKT11357,141.17,,Q
1358,1,3,Passenger 1358,female,,0,2,TKT11358,55.62,,Q
1359,1,1,Passenger 1359,male,70,1,2,TKT11359,181.64,,S
1360,0,1,Passenger 1360,female,,2,3,TKT11360,36.35,C95,Q
1361,0,1,Passenger 1361,female,46,0,2,TKT11361,91.1,,
1362,0,3,Passenger 1362,male,8,1,3,TKT11362,24.05,,Q
1363,1,2,Passenger 1363,female,,4,3,TKT11363,14.71,C48,Q
1364,0,1,Passenger 1364,female,18,0,1,TKT11364,91.84,,
1365,1,3,Passenger 1365,male,17,3,0,TKT11365,179.16,,
1366,1,1,Passenger 1366,male,-2,3,1,TKT11366,156.6,C84,
1367,1,2,Passenger 1367,female,,2,2,TKT11367,92.8,C8,C
1368,0,2,Passenger 1368,male,,1,0,TKT11368,45.96,,C
1369,0,2,Passenger 1369,male,,3,1,TKT11369,131.99,,Q
1370,0,2,Passenger 1370,male,74,1,1,TKT11370,11.31,C106,S
1371,1,3,Passenger 1371,male,,0,3,TKT11371,101.61,C5,C
1372,0,2,Passenger 1372,male,58,1,1,TKT11372,178.19,,Q
1373,1,2,Passenger 1373,male,,4,0,TKT11373,36.18,C9,
1374,0,1,Passenger 1374,female,,1,3,TKT11374,26.2,C41,S
1375,1,2,Passenger 1375,female,,2,1,TKT11375,16.6,,Q
1376,1,2,Passenger 1376,male,,3,3,TKT11376,9.56,C6, s 
1377,0,2,Passenger 1377,female,14,1,0,TKT11377,121.03,,S
1378,1,1,Passenger 1378,male,25,1,2,TKT11378,350.33,C89,S
1379,0,1,Passenger 1379,female,,4,2,TKT11379,69.07,,C
1380,1,1,Passenger 1380,male,38,4,0,TKT11380,81.85,C138,C
1381,1,2,Passenger 1381,female,35,2,1,TKT11381,36.53,,C
1382,0,1,Passenger 1382,female,,1,2,TKT11382,119.66,,
1383,0,1,Passenger 1383,female,17,2,1,TKT11383,82.13,,
1384,0,3,Passenger 1384, Male ,,4,3,TKT11384,54.12,C59,S
1385,0,1,Passenger 1385,male,,0,0,TKT11385,66.5,,Q
1386,0,3,Passenger 1386,male,18,4,3,TKT11386,118.47,,C
1387,0,3,Passenger 1387,female,33,2,0,TKT11387,34.9,C2,Q
1388,0,1,Passenger 1388,male,,4,3,TKT11388,166.76,,S
1389,1,3,Passenger 1389,female,,4,1,TKT11389,58.61,,Q
1390,1,2,Passenger 1390,male,52,4,1,TKT11390,8.51,C82,Q
1391,0,3,Passenger 1391,male,21,2,3,TKT11391,40.8,C77,
1392,0,1,Passenger 1392,male,33,2,0,TKT11392,130.99,,S
1393,0,2,Passenger 1393,female,51,0,2,TKT11393,167.14,C14,Q
1394,0,1,Passenger 1394,male,37,4,1,TKT11394,8.66,C138,C
1395,0,3,Passenger 1395,male,12,3,3,TKT11395,314.03,,Q
1396,1,2,Passenger 1396,male,,4,2,TKT11396,,,C
1397,0,1,Passenger 1397,male,,3,0,TKT11397,,C67,Q
1398,1,1,Passenger 1398,male,26,3,1,TKT11398,80.87,,
1399,1,3,Passenger 1399,female,,1,0,TKT11399,172.44,C18,
1400,1,3,Passenger 1400,male,57,1,2,TKT11400,199.61,,C
1401,1,2,Passenger 1401,female,35,2,1,TKT11401,154.87,,Q
1402,0,2,Passenger 1402,male,,3,0,TKT11402,155.68,,C
1403,1,3,Passenger 1403,female,2,3,2,TKT11403,121.15,,Q
1404,1,1,Passenger 1404,female,5,3,3,TKT11404,98.01,,
1405,0,3,Passenger 1405,female,,2,3,TKT11405,14.99,,
1406,0,3,Passenger 1406,female,52,4,0,TKT11406,76.71,,
1407,1,1,Passenger 1407,female,,1,2,TKT11407,70.23,C9,Q
1408,0,2,Passenger 1408,female,,3,1,TKT11408,120.47,,S
1409,1,1,Passenger 1409,male,,4,3,TKT11409,178.13,,Q
1410,1,1,Passenger 1410,female,,1,3,TKT11410,96.79,,Q
1411,1,1,Passenger 1411,female,39,4,3,TKT11411,32.1,C140,
1412,1,1,Passenger 1412,male,27,3,1,TKT11412,168.59,,C
1413,1,3,Passenger 1413,female,73,1,1,TKT11413,100.65,,S
1414,0,1,Passenger 1414,male,34,0,1,TKT11414,84.02,,S
1415,0,1,Passenger 1415,female,,4,3,TKT11415,10.22,,C
1416,0,3,Passenger 1416,male,,0,3,TKT11416,133.44,,
1417,1,3,Passenger 1417,male,,0,3,TKT11417,134.35,,C
1418,0,2,Passenger 1418,male,1,4,1,TKT11418,188.2,,
1419,0,2,Passenger 1419,male,70,3,1,TKT11419,105.93,,
1420,0,2,Passenger 1420,male,,4,2,TKT11420,151.69,,
1421,1,1,Passenger 1421,male,,3,3,TKT11421,187.73,,S
1422,0,2,Passenger 1422,male,,2,2,TKT11422,16.08,,
1423,0,3,Passenger 1423,female,,1,2,TKT11423,180.5,C56,
1424,0,3,Passenger 1424,female,20,4,3,TKT11424,94.41,C16,C
1425,1,1,Passenger 1425,female,,2,1,TKT11425,52.25,,S
1426,1,3,Passenger 1426,male,36,0,2,TKT11426,194.32,,
1427,0,1,Passenger 1427,female,,0,3,TKT11427,34.69,,
1428,0,1,Passenger 1428,male,,2,1,TKT11428,193.72,,C
1429,1,1,Passenger 1429,male,,2,3,TKT11429,82.64,,C
1430,1,2,Passenger 1430, Male ,71,3,3,TKT11430,46.99,,
1431,1,3,Passenger 1431,male,23,0,2,TKT11431,107.04,,C
1432,1,1,Passenger 1432,female,,3,1,TKT11432,319.95,C18,Q
1433,0,3,Passenger 1433,female,37,2,1,TKT11433,47.46,C121,C
1434,0,2,Passenger 1434,male,,2,1,TKT11434,62.94,,Q
1435,1,3,Passenger 1435,female,,1,0,TKT11435,123.68,C103,C
1436,0,3,Passenger 1436,female,32,4,2,TKT11436,92.47,, s 
1437,1,1,Passenger 1437,male,,1,3,TKT11437,55.24,,
1438,1,1,Passenger 1438,male,26,3,0,TKT11438,19.29,C46,S
1439,0,1,Passenger 1439,female,75,0,1,TKT11439,120.2,,Q
1440,0,2,Passenger 1440,female,37,1,1,TKT11440,157.05,,S
1441,1,1,Passenger 1441,female,78,1,1,TKT11441,158.35,,S
1442,0,2,Passenger 1442,female,5,4,0,TKT11442,113.88,C83,
1443,1,1,Passenger 1443,female,47,3,0,TKT11443,122.44,,C
1444,0,1,Passenger 1444,male,,1,0,TKT11444,27.86,,C
1445,1,3,Passenger 1445,female,6,0,3,TKT11445,105.18,,
1446,0,1,Passenger 1446,male,,2,3,TKT11446,139.95,,C
1447,1,1,Passenger 1447,female,3,0,1,TKT11447,153.61,,S
1448,0,2,Passenger 1448,female,37,0,0,TKT11448,20.38,,Q
1449,1,1,Passenger 1449,female,31,3,1,TKT11449,133.34,,
1450,0,3,Passenger 1450,male,,1,0,TKT11450,62.77,,
1451,1,2,Passenger 1451,male,,3,1,TKT11451,87.14,C148,
1452,0,1,Passenger 1452,female,,3,3,TKT11452,,C133,
1453,0,2,Passenger 1453,male,31,1,0,TKT11453,82.26,,S
1454,0,3,Passenger 1454,male,28,0,1,TKT11454,120.51,,Q
1455,1,1,Passenger 1455,male,,4,1,TKT11455,115.84,,
1456,1,3,Passenger 1456,male,,0,2,TKT11456,134.01,,Q
1457,0,3,Passenger 1457,female,12,2,2,TKT11457,113.7,,Q
1458,1,1,Passenger 1458,female,,3,3,TKT11458,,C105,S
1459,0,2,Passenger 1459,female,55,0,1,TKT11459,92.29,C17,Q
1460,0,2,Passenger 1460,female,26,0,2,TKT11460,18.23,,
1461,1,2,Passenger 1461,female,39,0,3,TKT11461,45.79,C94,C
1462,0,3,Passenger 1462,female,60,3,2,TKT11462,67.27,,C
1463,1,2,Passenger 1463,female,31,3,0,TKT11463,176.82,,C
1464,0,3,Passenger 1464,male,61,4,1,TKT11464,110.7,,
1465,0,3,Passenger 1465,female,,2,2,TKT11465,46.48,C35,Q
1466,0,2,Passenger 1466,male,,3,3,TKT11466,125.38,,C
1467,0,3,Passenger 1467,male,19,2,0,TKT11467,31.65,,C
1468,0,3,Passenger 1468,male,18,4,0,TKT11468,192.5,,Q
1469,1,2,Passenger 1469, Male ,44,4,0,TKT11469,179.86,C32,S
1470,1,3,Passenger 1470,male,32,1,3,TKT11470,136.32,,C
1471,1,1,Passenger 1471,female,,0,1,TKT11471,83.35,,
1472,0,3,Passenger 1472,female,,2,0,TKT11472,31.38,,S
1473,1,3,Passenger 1473,male,47,3,1,TKT11473,,,
1474,1,3,Passenger 1474,female,,2,2,TKT11474,189.44,,C
1475,1,3,Passenger 1475, Male ,,2,3,TKT11475,150.97,C81,Q
1476,1,2,Passenger 1476,male,27,1,1,TKT11476,165.59,C66,
1477,1,3,Passenger 1477,female,75,4,2,TKT11477,133.8,,S
1478,1,2,Passenger 1478,female,21,1,1,TKT11478,182.38,C130,
1479,1,1,Passenger 1479,female,19,4,2,TKT11479,44.98,,
1480,1,2,Passenger 1480,male,,2,3,TKT11480,83.16,,
1481,0,1,Passenger 1481, Male ,,4,1,TKT11481,35.06,,C
1482,1,2,Passenger 1482,female,,4,3,TKT11482,138.45,C92,
1483,1,2,Passenger 1483,female,,4,1,TKT11483,415.92,,S
1484,1,1,Passenger 1484,female,20,2,0,TKT11484,178.9,C52,C
1485,0,3,Passenger 1485,male,3,3,0,TKT11485,168.12,,S
1486,0,1,Passenger 1486,female,20,0,1,TKT11486,104.98,,Q
1487,1,3,Passenger 1487,female,,4,3,TKT11487,129.4,,C
1488,0,2,Passenger 1488,male,,2,3,TKT11488,107.69,,S
1489,0,1,Passenger 1489,female,,0,1,TKT11489,136.98,,C
1490,0,2,Passenger 1490,female,30,4,0,TKT11490,73.99,C40,S
1491,1,3,Passenger 1491,female,,0,2,TKT11491,60.71,C69,C
1492,1,3,Passenger 1492,female,,0,3,TKT11492,158.41,,C
1493,0,2,Passenger 1493,female,,3,2,TKT11493,144.7,, s 
1494,0,2,Passenger 1494,male,76,4,0,TKT11494,133.15,,Q
1495,0,2,Passenger 1495,male,,1,1,TKT11495,85.79,,
1496,0,1,Passenger 1496,female,4,2,2,TKT11496,177.36,C115,S
1497,1,2,Passenger 1497,female,,2,2,TKT11497,142.14,,S
1498,0,3,Passenger 1498,female,,2,3,TKT11498,118.72,C54,Q
1499,1,1,Passenger 1499,male,3,1,3,TKT11499,192.1,,S
1500,1,3,Passenger 1500, Male ,70,4,1,TKT11500,35.16,,
1501,0,1,Passenger 1501,female,77,1,1,TKT11501,175.25,,C
1502,0,1,Passenger 1502,female,,0,3,TKT11502,123.46,,
1503,1,2,Passenger 1503,male,,0,1,TKT11503,74.09,,C
1504,0,3,Passenger 1504,male,,4,3,TKT11504,136.84,,C
1505,0,1,Passenger 1505,male,,2,0,TKT11505,76.69,,S
1506,1,1,Passenger 1506,female,,3,0,TKT11506,170.91,,
1507,1,2,Passenger 1507,female,7,4,2,TKT11507,50.26,C148,Q
1508,0,2,Passenger 1508,male,,1,2,TKT11508,190.99,C130,C
1509,0,3,Passenger 1509,female,,1,0,TKT11509,142.75,C54,S
1510,0,1,Passenger 1510,male,,2,0,TKT11510,130.29,C96,S
1511,1,1,Passenger 1511,female,,2,3,TKT11511,160.43,C100,C
1512,1,2,Passenger 1512,male,,3,0,TKT11512,131.81,,C
1513,0,1,Passenger 1513,female,52,2,3,TKT11513,130.88,C66,C
1514,0,1,Passenger 1514,male,17,1,3,TKT11514,109.52,,S
1515,1,2,Passenger 1515, Male ,24,0,3,TKT11515,113.78,,S
1516,0,1,Passenger 1516,male,,1,1,TKT11516,38.91,,S
1517,0,1,Passenger 1517,female,55,3,0,TKT11517,178.77,,Q
1518,1,1,Passenger 1518,female,79,2,3,TKT11518,46.2,,Q
1519,1,1,Passenger 1519,male,,4,2,TKT11519,53.03,,Q
1520,0,2,Passenger 1520, Male ,,0,1,TKT11520,78.25,C141,Q
1521,1,2,Passenger 1521,female,44,4,3,TKT11521,147.08,,C
1522,1,3,Passenger 1522,male,30,2,3,TKT11522,54.27,C39,Q
1523,0,1,Passenger 1523,male,,2,0,TKT11523,119.98,,
1524,0,1,Passenger 1524,male,25,4,3,TKT11524,141.18,,C
1525,0,3,Passenger 1525,male,33,0,3,TKT11525,89.46,,
1526,1,1,Passenger 1526,female,,4,0,TKT11526,87.53,,C
1527,1,1,Passenger 1527,male,34,1,1,TKT11527,142.81,C111,Q
1528,1,3,Passenger 1528,male,,0,2,TKT11528,183.52,,
1529,1,2,Passenger 1529,male,41,1,1,TKT11529,8.72,C72,S
1530,1,2,Passenger 1530,male,76,0,0,TKT11530,40.92,C12,S
1531,0,2,Passenger 1531,male,27,4,3,TKT11531,117.3,,C
1532,0,3,Passenger 1532,female,,2,2,TKT11532,69.99,,S
1533,1,1,Passenger 1533,female,,3,3,TKT11533,38.9,C63,Q
1534,0,2,Passenger 1534,male,,3,3,TKT11534,166.92,,S
1535,0,3,Passenger 1535,female,,3,2,TKT11535,158.57,,Q
1536,1,2,Passenger 1536,female,48,2,1,TKT11536,61.27,,
1537,0,3,Passenger 1537,female,,3,1,TKT11537,150.85,,S
1538,0,2,Passenger 1538,female,54,1,2,TKT11538,150.26,,
1539,1,3,Passenger 1539,male,,4,0,TKT11539,147.49,,C
1540,0,1,Passenger 1540,female,66,1,3,TKT11540,140.45,,C
1541,0,3,Passenger 1541,male,,3,2,TKT11541,163.83,,S
1542,1,1,Passenger 1542,male,,3,2,TKT11542,82.39,,C
1543,1,3,Passenger 1543,male,,0,1,TKT11543,7.21,C99,Q
1544,0,2,Passenger 1544,male,,4,0,TKT11544,137.98,C28,C
1545,0,1,Passenger 1545,male,52,1,1,TKT11545,115.7,,
1546,0,3,Passenger 1546,female,,0,0,TKT11546,109.03,C127,C
1547,0,1,Passenger 1547,male,12,2,1,TKT11547,83.09,,
1548,0,1,Passenger 1548,female,70,1,0,TKT11548,150.86,C67,Q
1549,0,3,Passenger 1549,female,8,4,0,TKT11549,67.25,C26,C
1550,1,1,Passenger 1550,male,62,1,0,TKT11550,171.77,,S
1551,0,2,Passenger 1551,male,1,0,1,TKT11551,194.28,,Q
1552,1,2,Passenger 1552,female,10,2,3,TKT11552,194.1,,S
1553,1,1,Passenger 1553,male,,1,0,TKT11553,28.81,C20,C
1554,0,2,Passenger 1554,female,-3,2,2,TKT11554,193.33,,
1555,1,3,Passenger 1555,female,,4,2,TKT11555,145.53,,C
1556,1,1,Passenger 1556,female,,2,2,TKT11556,93.03,C48,
1557,1,1,Passenger 1557,female,52,3,0,TKT11557,153.28,,S
1558,1,1,Passenger 1558, Male ,15,0,3,TKT11558,5.99,,S
1559,0,2,Passenger 1559,male,53,4,1,TKT11559,,,C
1560,0,1,Passenger 1560,male,21,2,0,TKT11560,49.73,,C
1561,0,3,Passenger 1561,female,,3,0,TKT11561,11.23,C27,S
1562,1,1,Passenger 1562,male,41,4,1,TKT11562,67.14,,
1563,1,3,Passenger 1563,male,,0,1,TKT11563,113.52,,S
1564,0,3,Passenger 1564,male,43,2,2,TKT11564,63.75,,
1565,0,1,Passenger 1565,female,5,1,2,TKT11565,21.58,C7,C
1566,1,2,Passenger 1566,male,19,3,0,TKT11566,48.27,,Q
1567,1,1,Passenger 1567,male,,3,3,TKT11567,141.09,,Q
1568,0,2,Passenger 1568,female,,3,3,TKT11568,7.88,,Q
1569,0,2,Passenger 1569,male,41,2,0,TKT11569,91.61,,S
1570,1,2,Passenger 1570,female,79,3,3,TKT11570,129.83,,S
1571,0,1,Passenger 1571,female,,0,3,TKT11571,38.95,,Q
1572,1,3,Passenger 1572, Male ,,3,1,TKT11572,109.24,,
1573,0,3,Passenger 1573,female,8,4,2,TKT11573,199.37,C22,Q
1574,0,3,Passenger 1574,female,50,3,1,TKT11574,13.99,,S
1575,0,2,Passenger 1575,female,21,4,1,TKT11575,166.7,,C
1576,1,1,Passenger 1576,male,,2,0,TKT11576,172.4,,C
1577,0,3,Passenger 1577,male,46,0,1,TKT11577,41.06,,C
1578,1,2,Passenger 1578,male,1,3,1,TKT11578,130.99,,Q
1579,0,1,Passenger 1579,male,,2,2,TKT11579,5.48,C35,C
1580,1,3,Passenger 1580,female,60,1,3,TKT11580,,C76,Q
1581,1,3,Passenger 1581,female,,2,0,TKT11581,194.94,,
1582,1,3,Passenger 1582,male,71,3,0,TKT11582,165.17,,C
1583,1,3,Passenger 1583,female,,1,2,TKT11583,9.69,,
1584,1,3,Passenger 1584,female,,3,1,TKT11584,164.65,,Q
1585,1,1,Passenger 1585,male,6,1,0,TKT11585,188.1,,Q
1586,1,1,Passenger 1586,female,49,4,1,TKT11586,29.73,,Q
1587,1,3,Passenger 1587,male,27,3,2,TKT11587,13.04,,Q
1588,0,2,Passenger 1588,female,,2,1,TKT11588,17.4,C126,Q
1589,1,3,Passenger 1589,female,,4,3,TKT11589,195.6,,Q
1590,0,3,Passenger 1590,female,53,2,3,TKT11590,66.41,,S
1591,0,3,Passenger 1591,male,,2,0,TKT11591,175.78,,C
1592,1,1,Passenger 1592,male,10,1,1,TKT11592,117.23,,S
1593,0,3,Passenger 1593,female,,0,3,TKT11593,172.3,,C
1594,0,3,Passenger 1594,male,19,4,2,TKT11594,42.65,C102,
1595,1,1,Passenger 1595,male,,0,0,TKT11595,127.88,C39,S
1596,1,2,Passenger 1596,male,,1,1,TKT11596,103.16,,
1597,0,3,Passenger 1597,male,,3,0,TKT11597,102.26,,Q
1598,1,2,Passenger 1598,male,77,0,1,TKT11598,9.69,,S
1599,1,1,Passenger 1599,female,1,2,0,TKT11599,26.11,,S
1600,1,3,Passenger 1600,female,,0,1,TKT11600,52.19,,S
1601,0,3,Passenger 1601,male,,0,3,TKT11601,73.69,,Q
1602,0,1,Passenger 1602,female,,0,3,TKT11602,12.04,,C
1603,1,1,Passenger 1603,male,,4,3,TKT11603,87.74,,Q
1604,0,3,Passenger 1604,female,26,0,2,TKT11604,85.7,,Q
1605,0,3,Passenger 1605,female,,1,2,TKT11605,87.29,C149,C
1606,1,3,Passenger 1606,male,,0,2,TKT11606,181.56,,
1607,1,1,Passenger 1607,male,1,3,1,TKT11607,6.26,,C
1608,1,2,Passenger 1608,female,8,0,1,TKT11608,,, s 
1609,1,1,Passenger 1609,male,61,3,3,TKT11609,177.77,C30,S
1610,0,1,Passenger 1610,male,,0,3,TKT11610,132.23,,S
1611,0,2,Passenger 1611,female,,3,3,TKT11611,136.65,,
1612,1,2,Passenger 1612,female,61,3,3,TKT11612,78.36,,
1613,0,1,Passenger 1613,female,35,1,3,TKT11613,8.41,,
1614,0,2,Passenger 1614,male,12,2,2,TKT11614,153.25,,S
1615,0,3,Passenger 1615, Male ,76,0,0,TKT11615,21.11,C39,
1616,1,3,Passenger 1616,female,45,4,1,TKT11616,135.54,,C
1617,0,2,Passenger 1617,female,,1,3,TKT11617,116.24,,Q
1618,0,3,Passenger 1618,female,27,3,2,TKT11618,188.77,,Q
1619,0,2,Passenger 1619,male,76,0,0,TKT11619,197.76,C37,S
1620,1,2,Passenger 1620,male,49,1,3,TKT11620,67.33,,C
1621,0,2,Passenger 1621,male,26,0,0,TKT11621,67.45,,S
1622,0,2,Passenger 1622,male,31,1,1,TKT11622,112.84,C17,Q
1623,1,3,Passenger 1623,male,80,3,3,TKT11623,126.22,,
1624,1,3,Passenger 1624,male,66,2,2,TKT11624,32.36,C66,
1625,0,1,Passenger 1625,female,29,4,1,TKT11625,198.73,C3,
1626,0,3,Passenger 1626,female,,1,3,TKT11626,195.85,,
1627,0,3,Passenger 1627,female,,3,3,TKT11627,163.4,,C
1628,0,2,Passenger 1628,female,46,1,1,TKT11628,22.12,,
1629,1,2,Passenger 1629,male,,1,0,TKT11629,130.5,,C
1630,0,2,Passenger 1630,female,,4,3,TKT11630,126.38,,C
1631,1,1,Passenger 1631,female,,0,3,TKT11631,10.72,,C
1632,1,1,Passenger 1632, Male ,,2,3,TKT11632,73.43,C93,S
1633,1,2,Passenger 1633,female,77,0,1,TKT11633,106.96,C51,S
1634,0,2,Passenger 1634,female,2,1,0,TKT11634,130.53,,Q
1635,0,2,Passenger 1635, Male ,,0,0,TKT11635,122.92,,C
1636,1,3,Passenger 1636,female,,2,1,TKT11636,131.99,C74,S
1637,1,2,Passenger 1637,female,,2,0,TKT11637,64.49,,
1638,1,2,Passenger 1638,female,48,4,3,TKT11638,54.61,C51,Q
1639,0,2,Passenger 1639,female,,1,3,TKT11639,132.71,C133,Q
1640,1,1,Passenger 1640,male,,3,1,TKT11640,76.16,,Q
1641,0,3,Passenger 1641,female,,2,0,TKT11641,173.97,C45,Q
1642,0,3,Passenger 1642,male,,3,3,TKT11642,43.43,C37,Q
1643,1,1,Passenger 1643,female,1,4,2,TKT11643,114.63,,C
1644,0,2,Passenger 1644,male,44,2,1,TKT11644,133.3,,
1645,1,1,Passenger 1645,male,30,0,0,TKT11645,151.37,,S
1646,1,3,Passenger 1646,female,,1,2,TKT11646,164.34,,Q
1647,1,3,Passenger 1647,female,,0,0,TKT11647,62.05,,S
1648,1,3,Passenger 1648,male,,3,1,TKT11648,152.38,,S
1649,0,3,Passenger 1649,female,50,3,2,TKT11649,199.55,C43,
1650,1,2,Passenger 1650,male,,0,0,TKT11650,107.52,,
1651,1,1,Passenger 1651,female,,2,0,TKT11651,190.21,C139,C
1652,0,1,Passenger 1652,female,,1,0,TKT11652,49.37,,S
1653,0,3,Passenger 1653,male,48,1,0,TKT11653,83.14,,Q
1654,0,3,Passenger 1654,female,78,2,1,TKT11654,26.49,,C
1655,0,3,Passenger 1655,male,48,4,3,TKT11655,183.49,,S
1656,1,1,Passenger 1656,female,,1,1,TKT11656,122.97,C37,S
1657,0,2,Passenger 1657,male,80,2,3,TKT11657,35.56,,
1658,1,2,Passenger 1658, Male ,-4,2,1,TKT11658,100.03,,S
1659,0,1,Passenger 1659,female,67,2,0,TKT11659,114.29,,
1660,0,2,Passenger 1660,female,,3,2,TKT11660,6.66,,C
1661,0,2,Passenger 1661,male,6,0,0,TKT11661,178.29,,C
1662,0,2,Passenger 1662,male,40,1,0,TKT11662,34.03,C20,
1663,0,3,Passenger 1663,female,,1,3,TKT11663,169.01,,Q
1664,0,1,Passenger 1664,female,6,0,3,TKT11664,73.95,,Q
1665,0,3,Passenger 1665,female,,0,0,TKT11665,25.32,,S
1666,1,2,Passenger 1666,female,,3,0,TKT11666,86.96,,
1667,0,3,Passenger 1667,female,,3,0,TKT11667,151.27,,
1668,0,1,Passenger 1668,female,,2,0,TKT11668,75.87,,Q
1669,0,1,Passenger 1669,female,,0,0,TKT11669,39.3,,S
1670,1,3,Passenger 1670,female,48,1,3,TKT11670,62.63,,Q
1671,0,1,Passenger 1671,male,,2,1,TKT11671,185.76,,C
1672,0,3,Passenger 1672,male,45,3,0,TKT11672,150.63,,Q
1673,0,3,Passenger 1673,male,19,2,3,TKT11673,20.98,,S
1674,1,3,Passenger 1674,female,52,4,3,TKT11674,170.36,,
1675,1,2,Passenger 1675,female,-1,2,0,TKT11675,100.61,,S
1676,1,2,Passenger 1676,male,64,0,3,TKT11676,128.21,,
1677,1,1,Passenger 1677,female,,4,0,TKT11677,25.15,C55,S
1678,0,2,Passenger 1678,male,7,3,3,TKT11678,153.9,C44,S
1679,1,3,Passenger 1679,female,54,2,0,TKT11679,161.45,,S
1680,0,2,Passenger 1680,female,,1,0,TKT11680,105.6,C56,C
1681,0,2,Passenger 1681,male,44,2,3,TKT11681,90.4,C28,C
1682,1,2,Passenger 1682,male,,1,2,TKT11682,50.49,,
1683,0,3,Passenger 1683,female,,2,2,TKT11683,106.66,,
1684,0,2,Passenger 1684,male,72,3,3,TKT11684,142.01,,C
1685,0,2,Passenger 1685,male,,2,0,TKT11685,10.61,,C
1686,0,1,Passenger 1686,female,35,1,1,TKT11686,139.23,,Q
1687,1,1,Passenger 1687,male,,1,2,TKT11687,57.35,C95,S
1688,0,2,Passenger 1688,female,12,2,0,TKT11688,135.32,,S
1689,1,2,Passenger 1689,male,80,2,2,TKT11689,179.96,,S
1690,1,2,Passenger 1690,female,10,1,1,TKT11690,10.3,C62,
1691,0,1,Passenger 1691,female,55,0,2,TKT11691,156.2,, s 
1692,0,2,Passenger 1692,male,,3,3,TKT11692,29.73,,C
1693,1,2,Passenger 1693,male,67,4,3,TKT11693,190.69,,S
1694,0,2,Passenger 1694,male,37,4,2,TKT11694,60.43,,C
1695,1,3,Passenger 1695,female,45,3,0,TKT11695,194.95,,
1696,0,3,Passenger 1696,male,,0,0,TKT11696,68.99,C88,Q
1697,1,3,Passenger 1697,female,,4,3,TKT11697,149.22,,Q
1698,1,3,Passenger 1698,female,,0,0,TKT11698,118.93,C135,Q
1699,1,2,Passenger 1699,female,58,2,0,TKT11699,70.66,,
1700,0,1,Passenger 1700,female,,1,2,TKT11700,114.78,,
1701,1,2,Passenger 1701,male,,3,2,TKT11701,400.54,,Q
1702,0,2,Passenger 1702,male,61,1,2,TKT11702,180.4,C62,Q
1703,0,3,Passenger 1703,female,,1,2,TKT11703,175.54,C105,S
1704,0,1,Passenger 1704, Male ,29,4,3,TKT11704,145.42,,C
1705,1,2,Passenger 1705,female,48,4,3,TKT11705,181.78,,C
1706,1,1,Passenger 1706,female,,3,3,TKT11706,47.05,C60,S
1707,1,3,Passenger 1707,male,,3,1,TKT11707,90.75,C78,Q
1708,1,2,Passenger 1708,female,,0,3,TKT11708,178.59,,
1709,1,1,Passenger 1709,female,37,1,3,TKT11709,188.49,C8,C
1710,1,2,Passenger 1710,female,37,2,0,TKT11710,56.7,,C
1711,0,3,Passenger 1711,male,27,4,2,TKT11711,16.58,C96,
1712,1,3,Passenger 1712,female,,2,1,TKT11712,71.96,,C
1713,1,1,Passenger 1713,male,5,0,0,TKT11713,173.03,C150,Q
1714,0,3,Passenger 1714,male,,2,1,TKT11714,167.54,,Q
1715,1,3,Passenger 1715,female,,0,2,TKT11715,87.88,C106,
1716,0,2,Passenger 1716,female,71,2,2,TKT11716,,,S
1717,0,2,Passenger 1717,female,30,2,0,TKT11717,147.35,C62,
1718,1,2,Passenger 1718,male,46,2,3,TKT11718,47.17,C55,S
1719,0,1,Passenger 1719,male,,2,2,TKT11719,93.77,,C
1720,1,2,Passenger 1720,female,,3,3,TKT11720,198.46,,C
1721,1,2,Passenger 1721,female,2,4,0,TKT11721,74.29,C135,Q
1722,0,3,Passenger 1722,female,,0,1,TKT11722,72.03,,
1723,0,1,Passenger 1723,male,,0,1,TKT11723,94.84,C147,S
1724,1,2,Passenger 1724,male,8,2,1,TKT11724,192.3,C45,Q
1725,0,3,Passenger 1725,male,,1,0,TKT11725,150.19,,C
1726,1,2,Passenger 1726,male,52,0,0,TKT11726,43.35,,S
1727,0,3,Passenger 1727,female,69,2,2,TKT11727,135.99,,
1728,0,3,Passenger 1728,male,,1,3,TKT11728,197.65,C69,Q
1729,1,3,Passenger 1729,female,80,4,0,TKT11729,,C135,C
1730,0,1,Passenger 1730,male,,3,2,TKT11730,109.43,,
1731,1,3,Passenger 1731,male,19,0,0,TKT11731,108.17,,Q
1732,0,1,Passenger 1732,female,59,2,2,TKT11732,142.17,C66,C
1733,0,2,Passenger 1733,male,45,1,3,TKT11733,,,Q
1734,1,2,Passenger 1734,female,,3,3,TKT11734,7.49,,Q
1735,1,1,Passenger 1735,male,,0,3,TKT11735,89.95,C111,C
1736,1,3,Passenger 1736,male,,0,1,TKT11736,146.96,C107,C
1737,1,1,Passenger 1737,female,12,3,2,TKT11737,160.88,,S
1738,1,3,Passenger 1738,female,3,1,1,TKT11738,69.21,,Q
1739,1,1,Passenger 1739,male,59,4,2,TKT11739,191.62,C105,
1740,0,3,Passenger 1740,female,29,4,3,TKT11740,133.21,,
1741,0,1,Passenger 1741,male,20,4,0,TKT11741,76.67,,C
1742,1,2,Passenger 1742,female,,3,0,TKT11742,88.28,,Q
1743,0,1,Passenger 1743,male,,2,1,TKT11743,167.04,,Q
1744,1,1,Passenger 1744,male,,2,3,TKT11744,58.53,C41,
1745,1,3,Passenger 1745,female,,2,2,TKT11745,87.76,,
1746,0,3,Passenger 1746,male,,2,1,TKT11746,51.33,,C
1747,1,1,Passenger 1747,male,,4,2,TKT11747,132.18,C56,Q
1748,1,2,Passenger 1748,male,53,0,0,TKT11748,115.71,C51,Q
1749,1,2,Passenger 1749,female,,0,2,TKT11749,150.81,,S
1750,1,3,Passenger 1750,male,,3,1,TKT11750,99.49,,C
1751,1,2,Passenger 1751,female,80,1,2,TKT11751,25.88,,S
1752,1,2,Passenger 1752,female,28,4,1,TKT11752,172.87,,C
1753,1,1,Passenger 1753,female,,4,0,TKT11753,130.06,C22,S
1754,1,2,Passenger 1754,male,48,2,1,TKT11754,34.87,,
1755,1,2,Passenger 1755,female,,2,3,TKT11755,134.28,,S
1756,1,1,Passenger 1756,female,,4,3,TKT11756,131.49,,
1757,0,2,Passenger 1757,female,,1,2,TKT11757,154.7,,Q
1758,1,2,Passenger 1758,female,7,1,2,TKT11758,29,,S
1759,1,3,Passenger 1759,female,62,3,2,TKT11759,38.73,,
1760,0,1,Passenger 1760,male,,4,2,TKT11760,46.73,,S
1761,1,2,Passenger 1761,male,,3,3,TKT11761,150.63,C136,Q
1762,1,2,Passenger 1762,male,22,2,0,TKT11762,46.61,,
1763,0,2,Passenger 1763,male,,4,2,TKT11763,145.47,,S
1764,0,3,Passenger 1764,female,,0,0,TKT11764,12.23,,S
1765,1,3,Passenger 1765,male,,3,3,TKT11765,94.7,,Q
1766,0,3,Passenger 1766,female,20,3,3,TKT11766,151.11,,C
1767,0,1,Passenger 1767,male,,2,0,TKT11767,13.87,,Q
1768,1,1,Passenger 1768,female,,2,1,TKT11768,41.96,C58,Q
1769,0,1,Passenger 1769,male,57,0,3,TKT11769,190.39,,Q
1770,1,1,Passenger 1770,female,,1,3,TKT11770,165.75,C18,C
1771,0,1,Passenger 1771,male,55,0,2,TKT11771,22.25,,C
1772,1,2,Passenger 1772,female,63,3,2,TKT11772,169.37,,Q
1773,0,3,Passenger 1773,female,,0,1,TKT11773,60.85,,S
1774,1,3,Passenger 1774,female,70,0,2,TKT11774,139.55,C67,
1775,0,1,Passenger 1775, Male ,34,1,3,TKT11775,43.67,, s 
1776,0,2,Passenger 1776,female,,3,0,TKT11776,96.4,,
1777,0,3,Passenger 1777,female,,1,0,TKT11777,132.57,,
1778,0,2,Passenger 1778,female,50,2,3,TKT11778,13.72,,Q
1779,1,3,Passenger 1779,male,42,4,3,TKT11779,123.8,,C
1780,0,3,Passenger 1780,female,,4,0,TKT11780,138.12,C37, s 
1781,0,3,Passenger 1781,female,,1,2,TKT11781,184.84,,S
1782,0,1,Passenger 1782,male,,1,2,TKT11782,76.53,C77,C
1783,1,1,Passenger 1783,female,,2,2,TKT11783,92.48,,C
1784,0,1,Passenger 1784,male,21,1,0,TKT11784,64.33,, s 
1785,0,2,Passenger 1785,male,,1,0,TKT11785,24.49,,S
1786,1,3,Passenger 1786,male,49,4,2,TKT11786,69.34,,Q
1787,0,1,Passenger 1787,female,,2,1,TKT11787,95.63,C117,C
1788,1,3,Passenger 1788,female,31,2,3,TKT11788,49.39,, s 
1789,1,3,Passenger 1789,male,69,0,0,TKT11789,119.4,,Q
1790,1,2,Passenger 1790,female,,0,0,TKT11790,164.44,,
1791,1,1,Passenger 1791,male,,3,1,TKT11791,71.58,,S
1792,1,1,Passenger 1792,female,,3,1,TKT11792,108.04,C105,S
1793,1,2,Passenger 1793,female,,3,2,TKT11793,11.59,C53,
1794,0,2,Passenger 1794,male,,2,0,TKT11794,18.6,,C
1795,0,1,Passenger 1795,male,,1,1,TKT11795,44.33,,
1796,0,2,Passenger 1796,female,,1,1,TKT11796,143.01,,
1797,0,1,Passenger 1797,female,,2,2,TKT11797,52.28,C87,Q
1798,0,2,Passenger 1798,male,14,2,2,TKT11798,192.56,C136,S
1799,1,3,Passenger 1799,female,39,4,3,TKT11799,76.21,,C
1800,1,1,Passenger 1800,male,22,4,2,TKT11800,53.58,C54,C
1801,0,3,Passenger 1801,male,62,2,1,TKT11801,184.34,,
1802,0,1,Passenger 1802,male,,1,0,TKT11802,65.39,,S
1803,0,3,Passenger 1803,male,44,0,3,TKT11803,34.26,,Q
1804,1,2,Passenger 1804,male,18,3,2,TKT11804,15.83,,S
1805,0,3,Passenger 1805,female,,0,3,TKT11805,58.78,C75,C
1806,0,2,Passenger 1806,male,64,3,0,TKT11806,180.91,C86,
1807,1,3,Passenger 1807,male,63,4,3,TKT11807,,,S
1808,0,3,Passenger 1808,male,62,0,0,TKT11808,10.4,,Q
1809,0,2,Passenger 1809,female,,4,1,TKT11809,169.15,,Q
1810,0,2,Passenger 1810,female,,3,2,TKT11810,21.24,,Q
1811,0,3,Passenger 1811,male,,0,1,TKT11811,35.9,,
1812,1,2,Passenger 1812,male,,2,1,TKT11812,98.6,,Q
1813,1,3,Passenger 1813,female,,1,0,TKT11813,75.57,,S
1814,1,1,Passenger 1814,male,,0,2,TKT11814,,,Q
1815,0,1,Passenger 1815,female,,2,1,TKT11815,79.48,,C
1816,0,2,Passenger 1816,male,35,0,0,TKT11816,182.91,,C
1817,0,3,Passenger 1817,male,,4,2,TKT11817,116.46,,C
1818,0,3,Passenger 1818,female,,4,3,TKT11818,161.22,C124,
1819,0,3,Passenger 1819,female,77,3,1,TKT11819,158.98,,C
1820,0,3,Passenger 1820,female,,2,1,TKT11820,63.62,,Q
1821,1,3,Passenger 1821,male,37,0,3,TKT11821,130.05,,Q
1822,0,3,Passenger 1822,male,,2,1,TKT11822,119.56,,C
1823,1,1,Passenger 1823,female,66,2,1,TKT11823,178.93,C54,S
1824,1,1,Passenger 1824,female,23,1,3,TKT11824,62.16,,Q
1825,0,2,Passenger 1825,male,17,2,2,TKT11825,165.19,C14,Q
1826,0,1,Passenger 1826,male,,2,2,TKT11826,189.53,,C
1827,1,1,Passenger 1827,female,67,1,2,TKT11827,119.34,,S
1828,1,2,Passenger 1828,male,,1,1,TKT11828,74.8,,S
1829,1,3,Passenger 1829,female,18,1,2,TKT11829,135.91,C1,
1830,1,3,Passenger 1830,female,20,3,3,TKT11830,66.31,,C
1831,0,1,Passenger 1831,male,65,2,3,TKT11831,150.31,C56,C
1832,1,3,Passenger 1832,male,13,3,1,TKT11832,12.46,,
1833,1,3,Passenger 1833,male,,4,3,TKT11833,186.54,,C
1834,0,3,Passenger 1834,male,62,2,3,TKT11834,144.33,,C
1835,1,3,Passenger 1835,female,29,4,2,TKT11835,192.09,,Q
1836,0,2,Passenger 1836,female,,4,3,TKT11836,80.57,,Q
1837,1,2,Passenger 1837,male,,2,1,TKT11837,89.07,,S
1838,1,2,Passenger 1838, Male ,19,1,1,TKT11838,145.35,C124,C
1839,1,1,Passenger 1839,female,,2,3,TKT11839,26.11,,S
1840,0,2,Passenger 1840,female,,4,0,TKT11840,70.72,C10,C
1841,1,1,Passenger 1841,male,,1,2,TKT11841,31.35,,S
1842,0,1,Passenger 1842,female,41,2,0,TKT11842,124.94,,
1843,1,1,Passenger 1843,male,,2,1,TKT11843,140.17,,
1844,1,2,Passenger 1844,female,17,3,0,TKT11844,179.84,,Q
1845,0,2,Passenger 1845,male,14,3,3,TKT11845,155.58,C30,C
1846,1,1,Passenger 1846,female,,0,2,TKT11846,99.75,,Q
1847,1,3,Passenger 1847,male,,2,3,TKT11847,348.02,,
1848,0,3,Passenger 1848,male,29,3,3,TKT11848,168.33,C68,S
1849,0,3,Passenger 1849,male,,0,1,TKT11849,21.63,C97,C
1850,0,2,Passenger 1850,male,71,2,0,TKT11850,61.45,,S
1851,0,3,Passenger 1851,male,,1,2,TKT11851,6.89,,S
1852,0,2,Passenger 1852,female,54,0,2,TKT11852,116.64,,C
1853,0,2,Passenger 1853,female,,3,2,TKT11853,57.99,,Q
1854,1,1,Passenger 1854,male,,1,0,TKT11854,55.36,,Q
1855,0,1,Passenger 1855,female,39,3,2,TKT11855,5.84,,S
1856,1,3,Passenger 1856,female,12,2,3,TKT11856,20.84,,C
1857,1,2,Passenger 1857,female,,4,3,TKT11857,90.96,,Q
1858,0,2,Passenger 1858,female,,0,0,TKT11858,162.58,C57,
1859,0,2,Passenger 1859,male,26,4,3,TKT11859,91.61,C72,S
1860,1,2,Passenger 1860,male,,1,1,TKT11860,70.17,,
1861,0,1,Passenger 1861,male,21,2,1,TKT11861,115.67,C15,Q
1862,1,3,Passenger 1862,male,,4,3,TKT11862,196.09,,S
1863,1,3,Passenger 1863,male,,1,2,TKT11863,140.42,,Q
1864,1,3,Passenger 1864,male,-3,1,2,TKT11864,112.91,C124,
1865,1,2,Passenger 1865,male,72,0,0,TKT11865,98.15,,
1866,1,1,Passenger 1866,male,,2,2,TKT11866,81.66,,C
1867,1,3,Passenger 1867,male,61,2,2,TKT11867,146.24,C15,Q
1868,0,3,Passenger 1868,male,7,0,2,TKT11868,14.34,,
1869,0,1,Passenger 1869,male,80,4,1,TKT11869,32.17,,Q
1870,0,1,Passenger 1870,male,,2,2,TKT11870,98.22,,
1871,0,1,Passenger 1871,male,,4,1,TKT11871,146.3,,C
1872,0,1,Passenger 1872,male,37,1,3,TKT11872,98.73,,
1873,1,1,Passenger 1873,male,79,1,1,TKT11873,85.7,,C
1874,1,2,Passenger 1874,male,69,1,3,TKT11874,177.67,,Q
1875,1,2,Passenger 1875,female,22,2,2,TKT11875,66.04,,
1876,0,1,Passenger 1876,male,15,3,2,TKT11876,19.51,C7,Q
1877,0,3,Passenger 1877,female,,1,3,TKT11877,120.8,C14,C
1878,1,1,Passenger 1878,male,,3,1,TKT11878,191.13,C102,S
1879,1,2,Passenger 1879,male,10,3,1,TKT11879,39.17,,
1880,0,1,Passenger 1880,male,73,3,1,TKT11880,54.7,C117,S
1881,1,1,Passenger 1881,male,,1,2,TKT11881,191.78,,C
1882,0,3,Passenger 1882,male,,2,1,TKT11882,82.59,,C
1883,0,3,Passenger 1883,female,67,2,2,TKT11883,21.23,, s 
1884,0,2,Passenger 1884,male,,3,3,TKT11884,31.86,,
1885,0,1,Passenger 1885,female,,0,0,TKT11885,69.74,,Q
1886,1,1,Passenger 1886, Male ,27,1,2,TKT11886,7.51,C136,C
1887,0,3,Passenger 1887,male,,3,1,TKT11887,43.51,,S
1888,1,3,Passenger 1888,female,,0,1,TKT11888,124.38,,Q
1889,1,1,Passenger 1889,male,50,4,2,TKT11889,90,C142,S
1890,0,3,Passenger 1890,male,,4,1,TKT11890,32.83,, s 
1891,0,1,Passenger 1891,female,,1,2,TKT11891,24.25,,C
1892,1,3,Passenger 1892,female,,2,1,TKT11892,103.13,,S
1893,0,3,Passenger 1893,female,52,0,0,TKT11893,187.99,C41,Q
1894,0,2,Passenger 1894,male,,1,0,TKT11894,142.3,, s 
1895,0,3,Passenger 1895,female,46,0,2,TKT11895,142.81,,C
1896,1,3,Passenger 1896,female,,4,3,TKT11896,121.27,,S
1897,1,2,Passenger 1897,female,76,1,3,TKT11897,8.57,,S
1898,0,2,Passenger 1898,male,,1,0,TKT11898,182.75,,
1899,0,1,Passenger 1899,female,,2,3,TKT11899,137.75,C64,
1900,1,1,Passenger 1900,male,60,1,3,TKT11900,128.51,C91,C
1901,1,1,Passenger 1901,female,,3,1,TKT11901,104.94,C146,S
1902,1,2,Passenger 1902,female,,0,0,TKT11902,157.46,,C
1903,1,2,Passenger 1903,male,,3,0,TKT11903,132.57,C64,Q
1904,0,2,Passenger 1904,female,,2,2,TKT11904,191.19,C128,Q
1905,0,2,Passenger 1905,male,,3,1,TKT11905,107.62,,S
1906,0,2,Passenger 1906,male,50,0,3,TKT11906,176.63,,C
1907,1,3,Passenger 1907,female,,1,2,TKT11907,7.66,,C
1908,1,3,Passenger 1908,female,,0,2,TKT11908,43.14,,S
1909,1,1,Passenger 1909,male,,2,2,TKT11909,19.59,,S
1910,1,2,Passenger 1910,female,,4,2,TKT11910,54.04,C29,C
1911,0,2,Passenger 1911,female,77,0,3,TKT11911,191.53,,C
1912,1,3,Passenger 1912,female,31,1,0,TKT11912,76.11,,Q
1913,0,2,Passenger 1913,female,,3,2,TKT11913,46.39,,C
1914,0,1,Passenger 1914,male,77,1,3,TKT11914,56.26,C37,
1915,1,3,Passenger 1915,male,24,3,0,TKT11915,17.1,,
1916,0,1,Passenger 1916,male,,2,2,TKT11916,137.25,,
1917,0,3,Passenger 1917,male,10,4,1,TKT11917,138.74,,C
1918,0,1,Passenger 1918,male,62,1,1,TKT11918,36.13,,Q
1919,1,1,Passenger 1919,male,,0,3,TKT11919,100.74,,S
1920,1,2,Passenger 1920,female,74,1,2,TKT11920,180.8,,
1921,1,1,Passenger 1921,female,,3,1,TKT11921,35.35,,Q
1922,1,2,Passenger 1922,female,,3,3,TKT11922,5.7,C112,S
1923,0,3,Passenger 1923,male,59,4,1,TKT11923,111.42,,S
1924,1,1,Passenger 1924,female,57,0,2,TKT11924,5.26,C139,S
1925,1,3,Passenger 1925,male,,1,3,TKT11925,64.59,,S
1926,1,1,Passenger 1926,female,-1,0,0,TKT11926,51.45,,Q
1927,1,2,Passenger 1927,male,61,2,1,TKT11927,139.97,,S
1928,1,3,Passenger 1928,female,,4,3,TKT11928,49.09,,Q
1929,0,1,Passenger 1929, Male ,9,0,0,TKT11929,11.82,C8,C
1930,0,3,Passenger 1930,male,,0,0,TKT11930,,,
1931,1,3,Passenger 1931,male,,4,3,TKT11931,136.52,C116,Q
1932,1,1,Passenger 1932,female,,2,0,TKT11932,135.45,C113,Q
1933,0,2,Passenger 1933,male,47,3,3,TKT11933,180.59,,
1934,1,1,Passenger 1934,female,49,2,0,TKT11934,168.31,,
1935,1,3,Passenger 1935,female,79,1,2,TKT11935,105.52,,
1936,0,2,Passenger 1936,male,,3,0,TKT11936,45.77,,S
1937,1,3,Passenger 1937,male,,1,0,TKT11937,85.02,C106,S
1938,0,1,Passenger 1938,male,59,1,3,TKT11938,131.91,,
1939,1,3,Passenger 1939,male,,4,1,TKT11939,111.6,C73,
1940,0,2,Passenger 1940,male,,3,2,TKT11940,352.35,C47,S
1941,0,3,Passenger 1941,male,44,3,3,TKT11941,162.69,C129,
1942,1,2,Passenger 1942,female,,0,1,TKT11942,62.17,,C
1943,1,3,Passenger 1943,female,,1,3,TKT11943,198.97,C149,C
1944,1,2,Passenger 1944,female,4,4,1,TKT11944,34.87,C90,
1945,0,1,Passenger 1945,female,,0,3,TKT11945,31.54,,S
1946,1,1,Passenger 1946,male,5,0,1,TKT11946,142.78,C46,
1947,1,1,Passenger 1947,male,,0,1,TKT11947,94.03,,S
1948,1,3,Passenger 1948,female,63,2,2,TKT11948,181.7,,Q
1949,0,2,Passenger 1949,male,67,0,1,TKT11949,37.22,,
1950,1,1,Passenger 1950,male,,4,2,TKT11950,81.07,,C
1951,0,1,Passenger 1951,male,,0,1,TKT11951,22.78,C134,
1952,1,1,Passenger 1952, Male ,,1,3,TKT11952,31.56,C63,C
1953,0,3,Passenger 1953,male,72,3,1,TKT11953,167.08,,C
1954,0,1,Passenger 1954,male,,3,3,TKT11954,52.33,C15,Q
1955,1,1,Passenger 1955,male,,1,2,TKT11955,47.57,C6,Q
1956,1,3,Passenger 1956,male,,4,3,TKT11956,71.73,C10,Q
1957,1,2,Passenger 1957,female,69,1,3,TKT11957,75.14,C88,
1958,0,1,Passenger 1958,male,,1,0,TKT11958,150.49,,Q
1959,0,1,Passenger 1959,female,4,2,2,TKT11959,133.55,,S
1960,0,1,Passenger 1960,male,42,4,0,TKT11960,16.54,,
1961,0,2,Passenger 1961,male,29,0,0,TKT11961,74.39,,C
1962,1,2,Passenger 1962,male,,4,3,TKT11962,94.38,,
1963,1,3,Passenger 1963,female,,2,0,TKT11963,73.92,,C
1964,1,1,Passenger 1964,male,,4,2,TKT11964,27.37,,C
1965,0,1,Passenger 1965,female,,2,0,TKT11965,179.37,,C
1966,0,1,Passenger 1966,male,,3,3,TKT11966,67.34,C119,C
1967,0,1,Passenger 1967,male,39,1,2,TKT11967,41.77,,C
1968,0,3,Passenger 1968,male,38,2,1,TKT11968,117.3,,S
1969,0,1,Passenger 1969,female,,2,3,TKT11969,,,S
1970,1,2,Passenger 1970,male,39,1,1,TKT11970,56.09,,
1971,0,1,Passenger 1971,male,54,1,0,TKT11971,41.2,,C
1972,0,3,Passenger 1972,male,,4,3,TKT11972,114.29,,Q
1973,0,1,Passenger 1973,female,74,3,1,TKT11973,105.06,C60,
1974,0,3,Passenger 1974,male,39,4,0,TKT11974,182.7,C123,Q
1975,0,2,Passenger 1975,female,31,4,2,TKT11975,157.44,C20,Q
1976,0,2,Passenger 1976,female,,1,1,TKT11976,93.49,,C
1977,0,2,Passenger 1977,female,64,0,1,TKT11977,23.1,,
1978,1,2,Passenger 1978,female,60,3,1,TKT11978,7.66,,C
1979,1,1,Passenger 1979,female,,0,3,TKT11979,307.93,,Q
1980,0,3,Passenger 1980,male,,1,3,TKT11980,62.16,C148,
1595,1,1,Passenger 1595,male,,0,0,TKT11595,127.88,C39,S
1760,0,1,Passenger 1760,male,,4,2,TKT11760,46.73,,S
714,1,1,Passenger 714,male,,0,2,TKT10714,147.67,,
109,1,1,Passenger 109,female,,1,2,TKT10109,187.27,,S
349,0,1,Passenger 349,male,,3,0,TKT10349,39.13,C40,C
88,0,2,Passenger 88,male,44,4,3,TKT10088,158.9,C39,Q
1284,1,2,Passenger 1284,female,,1,2,TKT11284,40.4,,S
701,0,3,Passenger 701,female,,2,1,TKT10701,166.68,,Q
1251,1,3,Passenger 1251,female,,3,2,TKT11251,109.97,,S
224,0,3,Passenger 224,female,,2,2,TKT10224,133.8,,S
1261,0,3,Passenger 1261,female,13,2,0,TKT11261,73.12,C127,
1544,0,2,Passenger 1544,male,,4,0,TKT11544,137.98,C28,C
970,1,1,Passenger 970,female,,0,2,TKT10970,104.6,C140,Q
1234,1,2,Passenger 1234,male,,3,2,TKT11234,76.21,,S
651,1,2,Passenger 651,female,6,2,1,TKT10651,14.36,,S
1944,1,2,Passenger 1944,female,4,4,1,TKT11944,34.87,C90,
1530,1,2,Passenger 1530,male,76,0,0,TKT11530,40.92,C12,S
415,0,1,Passenger 415,male,68,3,2,TKT10415,86.38,,
1660,0,2,Passenger 1660,female,,3,2,TKT11660,6.66,,C
672,0,1,Passenger 672,male,,1,1,TKT10672,115.26,C35,C
